,local,text,
0,303910056-303910078,"DO DISTRITO FEDERAL, no uso das
atribuicoes legais e tendo em vista o que dispoe a Lei Federal Complementar no 80, de 12 de janeiro de 1994 e
artigo 128 da Lei Complementar no 840, de 23 de dezembro de 2011 e ainda a Emenda a Lei Organica no 61, de
2012, resolve: SUSPENDER o usufruto de ferias de LUIS ROBERTO CAVALIERI DUARTE, Defensor
Publico, matricula 165.347-4, marcadas para o periodo de 10/02/2020 a 10/03/2020, a partir de 21/02/2020 por
motivo de necessidade de servico. Fica assegurada ao Defensor a fruicao posterior do periodo suspenso.
MARIA JOSE SILVA SOUZA DE NAPOLIS
CONTROLADORIA GERAL DO DISTRITO FEDERAL
PORTARIA No 42, DE 18 DE FEVEREIRO DE 2020
O SECRETARIO DE ESTADO CONTROLADOR-GERAL DO DISTRITO FEDERAL, no uso das suas
atribuicoes, e tendo em vista o disposto no inciso XIII do artigo 8o da Lei no 3.105, de 27 de dezembro
de 2002, c/c o inciso VII, do artigo 4o, da Lei 4.938, de 19 de setembro de 2012, c/c com o art. 2o e 3o
do Decreto no 39.701, Lei no 3.862/2006 e c/c com o art. 7o do Decreto no 37.096/2016, resolve:
Art. 1o Cessar os efeitos a contar de 18 de fevereiro de 2020, na Portaria no 247, de 04 de junho de 2019,
publicada no DODF no 106, de 06 de junho de 2019, a requisicao do servidor ADRIANO LEAL
PIMENTEL, matricula 232.050-9, Tecnico de Gestao Educacional, da Secretaria de Estado de Educacao
do Distrito Federal - SEE.
Art. 2o Esta Portaria entra em vigor na data de sua publicacao.
PAULO WANDERSON MOREIRA MARTINS
No 37, sexta-feira, 21 de fevereiro de 2020
PAGINA 23
Diario Oficial do Distrito Federal
Este documento pode ser verificado no endereco eletronico h t t p : / / w w w. i n . g o v. b r / a u t e n t i c i d a d e . h t m l
pelo codigo 50012020022100023
Documento assinado digitalmente conforme MP no 2.200-2 de 24/08/2001, que institui a
Infraestrutura de Chaves Publicas Brasileira - ICP-Brasil.
SECAO III
PODER LEGISLATIVO
CAMARA LEGISLATIVA DO DISTRITO FEDERAL
AVISO DE ABERTURA DE LICITACAO
PREGAO ELETRONICO No 06/2020
Processo: 00001-00012109/2019-80. Objeto: Contratacao de empresa especializada para prestacao de servicos continuos
de consultoria e assessoria tecnica atuarial, abrangendo o Plano de Saude do Fundo de Assistencia a Saude dos Deputados
Distritais e Servidores da Camara Legislativa do Distrito Federal, fundo publico de saude, doravante denominado
FASCAL, constituido na modalidade de autogestao, de acordo com as exigencias constantes do Termo de Referencia -
Anexo I do Edital. Valor estimado: R$ 96.000,00. Data/hora da Sessao Publica: 10/03/2020, as 09:30h. Local: Internet, no
endereco www.comprasnet.gov.br. Tipo: menor preco. O edital encontra-se nos enderecos: www.comprasnet.gov.br
(UASG 974004) e www.cl.df.gov.br, no link transparencia. Maiores informacoes (61) 3348-8650.
DIRCEU FALCAO DA MOTA NETO
Pregoeiro
AVISO DE JULGAMENTO
PREGAO ELETRONICO No 02/2020
Processo: 001-000853/2019. Objeto: Contratacao de empresa especializada na execucao de servicos de
confeccao de cartao em PVC, personalizado, magnetico, com chip,",AVISO DE ABERTURA DE LICITACAO
1,316159338-316159360,"cado os demais atos. Processo no 0401-000274/2013.
MARIA JOSE SILVA SOUZA DE NAPOLIS
SUBSECRETARIA DE ADMINISTRACAO GERAL
ORDEM DE SERVICO No 11, DE 18 DE MARCO DE 2020
O SUBSECRETARIO DE ADMINISTRACAO GERAL, DA DEFENSORIA PUBLICA DO DISTRITO
FEDERAL, no uso de suas atribuicoes legais, tendo em vista a delegacao de competencia prevista na Portaria
no 313, de 4 de novembro de 2019, publicada no DODF no 213 de 7 de novembro de 2019, resolve:
Art. 1o Designar JOYCE VANACI DE ABRANTES SILVA, Matricula no 0023441-X, e GILVANEIDE DE
SOUSA, Matricula no 242.297-2, para as funcoes de Executor e Suplente, respectivamente, da Nota de
Empenho 2020NE00141, emitida em 18/03/2020, a favor da empresa FINO SABOR INDUSTRIA E
COMERCIO LTDA, cujo objeto consiste na aquisicao de material de consumo do genero alimenticio: cafe,
tipo: arabica, torrado e moido, graos selecionados, embalado a vacuo, de primeira qualidade, composicao
pura, sem misturas, contendo na embalagem o numero do lote, a data de fabricacao e validade, conforme
processo no 00401-00006884/2020-54.
Art. 2o As servidoras relacionadas no artigo anterior deverao observar o disposto nos artigos 67, 73 e 116 da
Lei Federal no 8.666/93, no artigo 41, inciso II e paragrafo 5o, do Decreto n 32.598/2010 e nas Portarias no
29 e 125/2004, da Secretaria de Estado de Planejamento, Orcamento e Gestao do Governo do Distrito
Federal.
Art. 3o Esta Ordem de Servico entra em vigor na data de sua publicacao.
FEBO CAMARA GONCALVES
No 54, sexta-feira, 20 de marco de 2020
PAGINA 31
Diario Oficial do Distrito Federal
Este documento pode ser verificado no endereco eletronico h t t p : / / w w w. i n . g o v. b r / a u t e n t i c i d a d e . h t m l
pelo codigo 50012020032000031
Documento assinado digitalmente conforme MP no 2.200-2 de 24/08/2001, que institui a
Infraestrutura de Chaves Publicas Brasileira - ICP-Brasil.
SECAO III
PODER LEGISLATIVO
CAMARA LEGISLATIVA DO DISTRITO FEDERAL
AVISO DE JULGAMENTO
PREGAO ELETRONICO No 06/2020
Processo: 00001-00012109/2019-80. Objeto: Contratacao de empresa especializada para prestacao de
servicos continuos de consultoria e assessoria tecnica atuarial, abrangendo o Plano de Saude do Fundo de
Assistencia a Saude dos Deputados Distritais e Servidores da Camara Legislativa do Distrito Federal,
fundo publico de saude, doravante denominado FASCAL, constituido na modalidade de autogestao, de
acordo com as exigencias constantes do Termo de Referencia - Anexo I do Edital. Vencedor: WEDAN
CONSULTORIA E ASSESSORIA ATUARIAL LTDA, CNPJ: 20.204.743/0001-90, valor: R$ 39.400,00.
A ata da sessao encontra-se afixada no quadro de avisos da CPL/CLDF e disponibilizada nos enderecos
eletronicos www.cl.df.gov.br e www.comprasgovernamentais.gov.br - UASG: 974004. Maiores
informacoes pelo telefone (61) 3348-8650.
DIRCEU FALCAO DA MOTA NETO
Pregoeiro
FUNDO DE ASSISTENCIA A SAUDE DOS DEPUTADOS DISTRITAIS E SERVIDORES
DA CAMARA LEGISLATIVA DO DISTRITO FEDERAL
EXTRATO DE TERMO ADITIVO
Processo: 00001-00013625/2019-21. Segundo Aditiv",AVISO DE JULGAMENTO
