,local,text,
0,322208290-322208312,"ugi  CNG 06, Lote 
03, Loja 02; Drogaria Farmalife  CNJ 02, Bloco B, Lotes 01/02; Drogaria Savassi - QNL 
05/07, Bloco B, Loja 05; Drogaria Pague Menos  QI 23, Lotes 01/02 Loja 01 - Avenida 
Helio Prates; Drogafugi  CNC 03, Lotes 19/20, Lojas 01/02  Centro; Drogaria Forte 
Farma - CNA 01, Lote 02 Loja 01; Drogaria Rina  QNC AE 08/09/10 Loja 05.
GRUPO II - 24 horas
Drogaria Rina - QC 01, Lotes 01/02, Loja 01 - Trade Center; Drogafugi  CNG 06, Lote 
03, Loja 02; Drogaria Farmalife  CNJ 02, Bloco B, Lotes 01/02; Drogaria Savassi - QNL 
05/07, Bloco B, Loja 05; Drogaria Pague Menos  QI 23, Lotes 01/02, Loja 01 - Avenida 
Helio Prates; Drogafugi  CNC 03, Lotes 19/20, Lojas 01/02  Centro; Drogaria Forte 
Farma - CNA 01, Lote 02, Loja 01; Drogaria Rina  QNC AE 08/09/10 Loja 05.
VICENTE PIRES
GRUPO I - 24 horas
Droga Center Express  Rua 05, Chacara 102, Lote 32; Drogaria Tagua Parque  Chacara 
156, Lote 01, Loja 03; Drogaria Leandro  Rua 12, Chacara 313, Lote 02, Lojas 03/04.
GRUPO II - 24 horas
Droga Center Express  Rua 05, Chacara 102, Lote 32; Drogaria Tagua Parque  Chacara 
156, Lote 01, Loja 03; Drogaria Leandro  Rua 12, Chacara 313, Lote 02, Lojas 03/04.
SECRETARIA DE ESTADO DE EDUCACAO
SUBSECRETARIA DE PLANEJAMENTO, 
ACOMPANHAMENTO E AVALIACAO
 
EXTRATO DO TERMO DE RESCISAO AO TERMO COLABORACAO No 
134/2017
Processo: 080.008.412/2017 - Partes: Secretaria de Estado de Educacao do DF, CNPJ 
00.394.676/0001-07 e a Organizacao da Sociedade Civil Instituto Social PAX, CNPJ 
00.109.322/0001-73 - Assinatura: 27/02/2020  cujo objeto e a rescisao do Termo de Colaboracao
no 134/2017.  Assinantes: p/ SEEDF: CLAUDIO AMORIM DOS SANTOS  CPF: 
***.643.***-04 p/ Instituto Social PAX: MARIA SEVERO ALVES  CPF: ***.583.***-91.
SECRETARIA DE ESTADO 
DE SEGURANCA PUBLICA
SUBSECRETARIA DE ADMINISTRACAO GERAL
COORDENACAO DE LICITACOES, CONTRATOS E CONVENIOS
 
AVISO DE ABERTURA DE LICITACAO
PREGAO ELETRONICO No 02/2020
Participacao exclusiva das ME/MEI/EPP's, exceto itens 13 e 14
Processo: 00050-00008415/2019-63. TIPO: Menor Preco. Modo de disputa: Aberto. 
OBJETO: Registro de Precos para eventual aquisicao de medicamentos nao fornecidos 
pela Secretaria de Estado de Saude para os internos, conforme Portaria Conjunta no 01, de 
23 de fevereiro de 2010 SSP/SES, conforme especificacoes e condicoes estabelecidas no 
Termo de Referencia constante do Anexo I deste edital. VALOR ESTIMADO: Sigiloso 
para as empresas e sera aberto apos o encerramento da etapa de lances. PRAZOS: De 
entrega: 30 (trinta) dias corridos contados do recebimento da Nota de Empenho ou da 
assinatura do contrato. VIGENCIAS: Da ata: 12 meses. Do Contrato: 120 (cento e vinte) 
dias a partir da data da assinatura. DATA DA SESSAO PUBLICA: 20/04/2020 as 10:00 
horas no www.comprasgovernamentais.gov.br. UASG 450107. Edital esta disponivel no 
endereco acima e no http://www.ssp.df.gov.br/licitacoes/.
Brasilia/DF, 03 de abril de 2020
AMILCAR UBIRATAN URACH VIEIRA
Coordenador
POLICIA MILITAR DO DISTRITO FEDERAL
DEPARTAMENTO DE GESTAO",AVISO DE ABERTURA DE LICITACAO
1,330109006-330109028,"gnatarios: pelo Distrito Federal: ANDERSON 
GUSTAVO TORRES, Secretario de Estado de Seguranca Publica do Distrito Federal; 
pela Contratada: ADALTO CESAR RODRIGUES SILVA, Representante Legal.
PAGINA 33
Diario Oficial do Distrito Federal               
No 81, QUINTA-FEIRA, 30 DE ABRIL DE 2020
Documento assinado digitalmente, original em https://www.dodf.df.gov.br
EXTRATO DO CONTRATO DE AQUISICAO DE BENS No 031/2020-SSPDF, NOS 
TERMOS DO PADRAO No 02/2002 INSTITUIDO PELO DECRETO/DF N 
23.287/2002.
Processo: 00050-00014091/2020-36, no SIGGO 040878. Partes: o Distrito Federal, por 
meio da SECRETARIA DE ESTADO DE SEGURANCA PUBLICA DO DISTRITO 
FEDERAL e a empresa FRIOINOX INDUSTRIA E COMERCIO DE EQUIPAMENTOS 
DE INOX LTDA, inscrita no CNPJ no 08.961.338/0001-11. Do Objeto: aquisicao de 1 
(uma) coifa em aco inox com todos os equipamentos necessarios ao seu perfeito 
funcionamento, devidamente instalada no local indicado, para ser utilizada no espaco 
designado para o funcionamento do restaurante, localizado no Edificio Sede da Secretaria 
de Estado de Seguranca Publica do Distrito Federal, visando atender o publico interno e 
externo da Pasta Distrital de Seguranca Publica. Do valor: R$ 7.092,00 (sete mil noventa e 
dois reais). Evento: 400091. Modalidade: Ordinario. Unidade Orcamentaria: 24101. 
Programa de Trabalho: 06.181.6217.3029.0015. Natureza da Despesa: 44.90.52. Fonte de 
Recurso: 100. Unidade Gestora: 220101. Gestao: 00001. Nota de Empenho: no 
2020NE00440. Da vigencia: 70 (setenta) dias a partir de sua assinatura, sem prejuizo a 
garantia dada pela empresa relativa ao bem adquirido. Data da assinatura: 28/04/2020. 
Signatarios: pelo Distrito Federal: ANDERSON GUSTAVO TORRES, Secretario de 
Estado de Seguranca Publica do Distrito Federal; pela Contratada: RAIMUNDO ALVES 
BRANDAO, Representante Legal.
SUBSECRETARIA DE ADMINISTRACAO GERAL
COORDENACAO DE LICITACOES, CONTRATOS E CONVENIOS
 
AVISO DE ADJUDICACAO E HOMOLOGACAO
PREGAO ELETRONICO No 02/2020
Processo: 00050-00008415/2019-63. TIPO: Menor Preco. OBJETO: Registro de precos 
para futura aquisicao de medicamentos nao fornecidos pela Secretaria de Estado de Saude 
para os internos, conforme Portaria Conjunta no 01, de 23 de fevereiro de 2010 SSP/SES, 
visando atender demanda da Subsecretaria do Sistema Penitenciario da Secretaria de 
Estado de Seguranca Publica do Distrito Federal. A SSPDF informa, com fulcro no inciso 
IX do artigo 17, e inciso VI do Artigo 13 do Decreto no 10.024/2019, a ADJUDICACAO 
dos itens 3, 9, 17, 26, 31, 35, 56, 63, 65, 75, 79, 84, 87 e 95 a Distribuidora De 
Medicamentos Backes Eireli, CNPJ 25.279.552/0001-01, no valor unitario de R$ 2,94, R$ 
0,06, R$ 0,18, R$ 5,96, R$ 0,28, R$2,00, R$ 0,03, R$ 2,78, R$ 0,22, R$ 0,11, R$ 0,48, R$ 
7,24, R$ 2,90 e R$ 2,45; do item 5, 83 e 94 a Semear Distribuidora Eireli, CNPJ 
10.269.296/0001-02, no valor unitario de R$ 0,05, R$ 2,57 e R$ 0,09; dos itens 7, 18, 28, 
67, 68 e 114 a Unique Distribuidora De Medicamentos Eireli, CNPJ 23.864.942/0001-13,",AVISO DE ADJUDICACAO E HOMOLOGACAO
