,local,text,
0,83434044-83434066,": TORNAR PUBLICO o RESULTADO
FINAL da selecao das propostas de apoio a promocao, realizacao e organizacao de eventos cientificos,
tecnologicos e de inovacao, apos a apreciacao dos recursos. Os contemplados serao convocados para
assinatura do Termo de Outorga e Aceitacao (TOA) por meio do e-mail informado no Sistema
SigFAPDF. Os documentos serao disponibilizados por meio do Sistema SEI, o qual os contemplados
deverao ja estar com o acesso liberado para o perfil ""usuario externo"". Caso ainda nao tenham
requerido o acesso  deverao providenciar a liberacao por  meio do site
http://www.portalsei.df.gov.br/usuario-externo/. A seguir e apresentada a relacao dos contemplados em
ordem alfabetica e o valor do apoio financeiro: Helga Correa Wiederhecker, R$ 21.200,00; Juliana
Machado Schardosim, R$ 5.425,40; Luiz Fernando Roncaratti Junior, R$ 22.000,00; Marley Garcia
Silva, R$ 50.000,00; Mauricio Homem de Mello, R$ 25.000,00; Rogerio da Silva Lima, R$ 80.000,00;
Sergio Ronaldo Granemann, R$ 25.000,00.
ALEXANDRE ANDRE DOS SANTOS
RATIFICACAO DE DISPENSA DE LICITACAO
Processo: 00193-00000450/2019-64. Interessada: FUNDACAO DE APOIO A PESQUISA DO
DISTRITO FEDERAL. Objeto: contratacao de servicos de clipping e de gestao, alimentacao e
monitoramento dos perfis oficiais FAPDF. Tendo em vista Ato expresso da Superintendencia da
Unidade de Administracao Geral da Fundacao de Apoio, que pugnou pela contratacao da empresa
KNEWIN INTELIGENCIA  EM RECUPERACAO DE INFORMACAO  S/A, CNPJ no
13.106.352/0001-78, no valor de R$ 16.800,00 (dezesseis mil e oitocentos reais), nos termos do artigo
24, II, da Lei no 8.666/1993. RATIFICO o referido Ato, nos termos do artigo 26, da Lei no Lei no
8.666/1993. Brasilia, 04 de julho de 2019. ALEXANDRE ANDRE DOS SANTOS.
SECRETARIA DE ESTADO DE SEGURANCA PUBLICA
SUBSECRETARIA DE ADMINISTRACAO GERAL
COORDENACAO DE LICITACOES CONTRATOS E CONVENIOS
AVISO DE ABERTURA DE LICITACAO
PREGAO ELETRONICO No 16/2019
Com participacao exclusiva a ME e EPP
PROCESSO SEI-GDF: 00050-00047771/2018-11. TIPO: Menor Preco. OBJETO: Aquisicao de tiras de
sandalias, luvas multiuso de latex, cartoes de memoria e placa acrilica, para atender demandas da
Secretaria de Estado de Seguranca Publica do Distrito Federal. VALOR ESTIMADO: R$ 87.951,30.
DOTACAO: UO:  24.101. PROGRAMA  DE TRABALHO:  14.421.6211.2727.0001 e
06.122.6002.8517.0006- FR: 100- ND: 33.90.30. PRAZOS: Entrega: ate 30 dias corridos contados do
recebimento da Nota de Empenho. Vigencia: do Contrato: 90 (noventa) dias a partir da data da assinatura.
DATA DA SESSAO PUBLICA: 17/07/2019 as 14:00 horas no www.comprasgovernamen t a i s . g o v. b r.
UASG 450107. Edital esta disponivel no endereco acima e no www.ssp.df.gov.br/licitacoes.
Brasilia/DF, 04 de julho de 2019.
AMILCAR UBIRATAN URACH VIEIRA
Coordenador
PREGAO ELETRONICO No 14/2019
PROCESSO: 00050-00153018/2017-83. TIPO: Menor Preco. OBJETO: Registro de Precos para futura
aquisicao de maquinas lavadoras e extratoras de roupas com barreira, maquinas secadoras de roupa
industr",AVISO DE ABERTURA DE LICITACAO
1,90531012-90531034,"ANEA
SELECAO PUBLICA DE PROPOSTAS DE PESQUISA CIENTIFICA,
TECNOLOGICA E INOVACAO
O DIRETOR-PRESIDENTE DA FUNDACAO DE APOIO A PESQUISA DO DISTRITO FEDERAL
- FAPDF, no uso de suas atribuicoes legais, consubstanciadas no art. 14, do Decreto no 27.958, de
16 de maio de 2007, o qual aprovou o Estatuto Social da FAPDF e com fundamento no art. 13 do
Regimento Interno, resolve: TORNAR PUBLICA a atualizacao de valores de referencia referente ao
Decreto no 9.412, de 18 de junho de 2018 que tratou da atualizacao dos valores das modalidades de
licitacao de que trata o art.23 da Lei no 8.666, de 21 de junho de 1993. Os itens do Edital e do TOA
que tratam de compras e contratacao de servicos que tinham o valor de R$ 8.000,00 (oito mil reais)
como referencia, passam a ter o valor de R$ 17.600,00 (dezessete mil e seiscentos reais).
ALEXANDRE ANDRE DOS SANTOS
SECRETARIA DE ESTADO DE SEGURANCA PUBLICA
SUBSECRETARIA DE ADMINISTRACAO GERAL
COORDENACAO DE LICITACOES, CONTRATOS E CONVENIOS
AVISO DE ADJUDICACAO E HOMOLOGACAO
PREGAO ELETRONICO No 36/2018
PROCESSO; 00050-00049042/2018-08. TIPO: Menor Preco. OBJETO: Contratacao de empresa especializada
para realizacao de servico de locacao de 10 (dez) equipamentos de Raio X (body scan e seus perifericos),
compreendendo servico de locacao dos equipamentos, manutencoes preventivas e corretivas dos equipamentos
e cursos de treinamento para os operadores das maquinas, pelo periodo de 48 meses, para inspecao corporal para
os internos da Subsecretaria do Sistema Penitenciario da Secretaria de Estado da Seguranca Publica. A SSPDF
com fulcro nos incisos V e VI, do artigo 8o, do Decreto no 5.450/2005, informa a ADJUDICACAO do objeto a
empresa NUCTECH do Brasil LTDA, CNPJ: 19.892.624/0001-99, no valor total para 48 meses de R$
4.560.000,00; e a HOMOLOGACAO do certame.
Brasilia/DF, 18 de julho de 2019
AMILCAR UBIRATAN URACH VIEIRA
Coordenador de Licitacoes, Contratos e Convenios
AVISO DE ADJUDICACAO E HOMOLOGACAO
PREGAO ELETRONICO No 16/2019
PROCESSO: 00050-00047771/2018-11. TIPO: Menor Preco. OBJETO: Aquisicao de tiras de sandalias, de
luvas multiuso de latex, cartoes de memoria e placa acrilica para identificacao de autoridades em reunioes para
atender demandas da Secretaria de Estado de Seguranca Publica do Distrito Federal. A SSPDF informa, com
fulcro no inciso IX do artigo 11, do Decreto no 5.450/2005, a ADJUDICACAO do item 1 a empresa Ponto do
Artesao Comercio e Distribuidora Ltda, CNPJ 01.229.218/0001-51, no valor total de R$ 51.240,00; do item 2 a
empresa Almix Comercio de Suprimentos Eireli, CNPJ 11.594.621/0001-67 no valor total de R$ 5.976,00; do
item 3 a empresa J2 Comercio de Utilidades e Distribuidora Logistica Eireli; CNPJ: 13.816.522/0001-08, no
valor total de R$ 161,86; do item 4 a empresa BR Display e Placas Eireli, CNPJ: 42.941.690/0001-23, no valor
total de R$ 3.135,00. Informa ainda a HOMOLOGACAO do certame com fulcro no inciso VI do Artigo 8, do
Decreto no 5.450/2005.
Brasilia/DF, 18 de julho de 2019
AMILCAR UBIRATAN URACH VIEIRA
Co",AVISO DE ADJUDICACAO E HOMOLOGACAO
