,local,text,
0,133578309-133578331,"ei Federal no 13.303/2016, assim como pela Resolucao
no 250/2018-CONAD/TERRACAP, a qual se sujeitam as partes contratantes, homologado pela Decisao
no 0121, da Diretoria Tecnica da TERRACAP, realizada em 25/09/2019, nos termos da Norma
Organizacional no 4.2.2-A, Item 6.1.2; VALOR: R$ 122.246,04 (cento e vinte e dois mil, duzentos e
quarenta e seis reais e quatro centavos); VIGENCIA: 180 dias, contados a partir da data de sua
celebracao; PRAZO DE EXECUCAO: 60 dias, a partir da emissao da Ordem de Servico; DOTACAO
ORCAMENTARIA: Programa de Trabalho 23.423.6208.1823.0002 - Implantacao de Reserva Indigena
Kariri - XOCO DO BANANAL, Elemento 4490.51 - Obras e Instalacoes, conforme Nota de Empenho
no 0684/2019, datada de 27/09/2019; DESPESAS DE PUBLICACAO: Correrao sob a responsabilidade
da TERRACAP. DATA DE ASSINATURA: 16/10/2019; P/CONTRATANTE: Gilberto Magalhaes Occhi,
Edward Johnson Goncalves de Abrantes, Carlos Antonio Leal. P/CONTRATADA: Wallas Marques
Santos, TESTEMUNHAS: Leandro do Carmo Cruz e Vanda Maria Costa.
Processo: 00111-00002690/2019-48; ESPECIE: 1o Termo Aditivo ao Contrato no 07/2019, Publicado em
21/03/2019; CONTRATANTES: COMPANHIA IMOBILIARIA DE BRASILIA - TERRACAP e
VASCONCELOS E SANTOS LTDA; OBJETO: Prorrogar o prazo de vigencia e de execucao do referido
contrato; EMBASAMENTO LEGAL: Em conformidade com a Decisao no 528 da Diretoria Colegiada da
TERRACAP, em sua 3374a Sessao, realizada em 11/10/2019; DATA DE ASSINATURA: 15/10/2019;
VIGENCIA: De  15/10/2019 ate  15/06/2020; PRAZO  DE EXECUCAO:  Ate 15/03/2020;
P/CONTRATANTE: Gilberto Magalhaes Occhi, Carlos Antonio Leal e Edward Johnson Goncalves de
Abrantes; P/CONTRATADA: Marcelo Correia de Vasconcelos; TESTEMUNHAS: Leandro do Carmo
Cruz e Bruno da Silva Santos.
SECRETARIA DE ESTADO DE SEGURANCA PUBLICA
SUBSECRETARIA DE ADMINISTRACAO GERAL
COORDENACAO DE LICITACOES, CONTRATOS E CONVENIOS
AVISO DE ABERTURA DE LICITACAO
PREGAO ELETRONICO No 42/2019
PARA PARTICIPACAO EXCLUSIVA DAS ME/EPP'S/MEI
Processo: 00050-00053248/2019-31. TIPO: Menor Preco. OBJETO: Contratacao de empresa para
fornecimento de generos alimenticios para a Residencia Oficial de Aguas Claras-ROAC. VALOR
ESTIMADO: R$ 264.366,48. PRAZOS: De entrega: ate 3 (tres) dias a contar do recebimento da ordem de
servico. Vigencia do Contrato: 12 (doze) meses a partir da data da assinatura, podendo ser prorrogado.
DATA DA SESSAO PUBLICA: 31/10/2019 as 10:20 horas no www.comprasgovernamen t a i s . g o v. b r.
UASG 450107. Edital esta disponivel no endereco acima e no http://www.ssp.d f . g o v. b r / l i c i t a c o e s / .
Brasilia/DF, 17 de outubro de 2019
AMILCAR UBIRATAN URACH VIEIRA
Coordenador
POLICIA MILITAR DO DISTRITO FEDERAL
DEPARTAMENTO DE GESTAO DE PESSOAL
EDITAL No 233, DE 16 DE OUTUBRO DE 2019
CONCURSO PUBLICO DE ADMISSAO AO CURSO DE FORMACAO
DE PRACAS DA POLICIA MILITAR DO DISTRITO FEDERAL - CFP/QPPMC
CONVOCACAO PARA A ETAPA DE TESTES DE APTIDAO FISICA
O CHEFE DO DEPARTAMENTO DE GESTAO DE PESSOAL, DA POLICIA MILITAR DO DISTRITO
FEDERAL, ",AVISO DE ABERTURA DE LICITACAO
1,139816966-139816988,"eais e noventa e cinco centavos), ALIBRAS ALIMENTOS BRASILIA LTDA, CNPJ: 24.996.055/0001-
61, para os itens 6 e 7, com melhor valor total de R$ 22.434,00 (vinte e dois mil quatrocentos e trinta e
quatro reais), VETSUL COMERCIO DE MEDICAMENTOS EIRELI, CNPJ: 28.591.670/0001-49, para os
itens 21, 25 e 29, com melhor valor total de R$ 2.258,04, (dois mil duzentos e cinquenta e oito reais e
quatro centavos). Valor Global da Ata de Registro de Precos: R$ 325.282,27 (trezentos e vinte e cinco mil
duzentos e oitenta e dois reais e vinte e sete centavos). A Ata, na integra, sera disponibilizada no endereco
eletronico www.agricultura.df.gov.br, menu 'Editais'. Signatarios: Pela SEAGRI/DF: DILSON RESENDE
DE ALMEIDA, na qualidade de Secretario de Estado. Pelas Adjudicatarias: CESAR AUGUSTO
KIEKOW, DENISE LONDE RABELO TAVEIRA, EDER RODRIGO FELIX, MARIO LUIZ ALMEIDA
MOULIN, JOAO DA SILVA MENDONCA, FELIPE PAULINO TAVARES, ALESSANDRO
NEPOMUCENO ROTA, na qualidade de Representantes Legais.
CENTRAL DE ABASTECIMENTO DE BRASILIA
EXTRATO DE CONTRATO
Contrato de prestacao de servicos no 015/2019. Objeto: a contratacao direta de empresa especializada e
autorizada na prestacao de servicos de recuperacao de infraestrutura de cabeamento optico, por meio de
lancamento de novo cabo, fusao e certificacao nas dependencias da CEASA-DF. Processo n 00071-
00001011/2019-46. Partes CEASA/DF e RHOX - COMUNICACAO DE DADOS LTDA, (CNPJ:
03.154.858/0001 - 07). Data de Assinatura: 30/10/2019. Prazo de vigencia: O prazo de vigencia do
contrato sera enquanto houver creditos orcamentarios, contados a partir da assinatura. Valor: R$ R$
14.612,00 (quatorze mil seiscentos e doze reais). Assinaturas: pela CEASA/DF: Wilder da Silva Santos
(Presidente); pela contratada: Fabio de Azevedo Montoro (Representante Legal).
SECRETARIA DE ESTADO DE SEGURANCA PUBLICA
SUBSECRETARIA DE ADMINISTRACAO GERAL
COORDENACAO DE LICITACOES CONTRATOS E CONVENIOS
AVISO DE ADJUDICACAO E HOMOLOGACAO
PREGAO ELETRONICO No 42/2019
PROCESSO: 00050-00053248/2019-31. TIPO: Menor Preco. OBJETO: Contratacao de empresa para
fornecimento de generos alimenticios para a Residencia Oficial de Aguas Claras-ROAC. A SSPDF
informa, com fulcro no inciso IX do artigo 17, e inciso VI do Artigo 13 do Decreto no 10.024/2019,
a ADJUDICACAO dos grupos 1, 4, 5, 6, 7, 9 e 10 a empresa UEDAMA COMERCIO DE
PRODUTOS ALIMENTICIOS LTDA, CNPJ 00.543.061/0001-03, no valor total de R$ 124.805,47; e,
dos grupos 2, 3, 8 e 11 a empresa ARCANJOS COMERCIAL DE ALIMENTOS EIRELI, CNPJ
9.600.228/0001-40, no valor total de R$ 107.856,69; e a HOMOLOGACAO do certame.
Brasilia/DF, 1o de novembro de 2019.
AMILCAR UBIRATAN URACH VIEIRA
Coordenador
FUNDACAO DE AMPARO AO TRABALHADOR PRESO
DIRETORIA EXECUTIVA
EXTRATO DO CONTRATO No 007/2019
FORNECIMENTO DE MAO DE OBRA DE REEDUCANDO.
Processo: 00056-00001659/2019-56; DAS PARTES: Fundacao de Amparo ao Trabalhador Preso do
Distrito Federal - FUNAP/DF e JW LACOS E GRAVATAS PARA PET SHOP LTDA; DO
FUNDAMENTO LEGAL: Lei Federal no 7.210, de 11 de ju",AVISO DE ADJUDICACAO E HOMOLOGACAO
