,local,text,
0,69872384-69872406,"R$
6.000,00; Nathalia Soares da Cruz, R$ 10.000,00; Neantro Saavedra Rivano, R$ 10.000,00; Paolo Gessini,
R$ 10.000,00; Patricia Vieira da Costa, R$ 8.000,00; Paulo Renato de Freitas da Silva, R$ 10.000,00; Raul
PAGINA 38
No 106, quinta-feira, 6 de junho de 2019
Diario Oficial do Distrito Federal
Este documento pode ser verificado no endereco eletronico h t t p : / / w w w. i n . g o v. b r / a u t e n t i c i d a d e . h t m l
pelo codigo 50012019060600038
Documento assinado digitalmente conforme MP no 2.200-2 de 24/08/2001, que institui a
Infraestrutura de Chaves Publicas Brasileira - ICP-Brasil.
Dario Durand Farfan, R$ 10.000,00; Rayane Maria Campos Lacourt, R$ 8.000,00; Rhaisa Naiade Pael
Farias, R$ 10.000,00; Ricardo de Oliveira Gaspar, R$ 2.000,00; Robert Rossi Silva de Mesquita, R$
2.000,00; Roberto Lima de Moraes Roberto Ramos, R$ 2.000,00; Rodrigo Arthuso Arantes Faria, R$
10.000,00; Ronaldo Carneiro da Silva Junior, R$ 10.000,00; Rosana Maria Tristao, R$ 10.000,00; Sebastien
Roland Marie Joseph Rondineau, R$ 10.000,00; Sergio Daniel Ruiz Diaz Arce, R$ 10.000,00; Shadia
Husseini de Araujo, R$ 10.000,00; Sheila Campos Chagas, R$ 8.000,00; Sidney Alcantara Pereira, R$
8.000,00; Silvia Regina Starling Assad de Avila, R$ 8.000,00; Solange Cardoso, R$ 10.000,00; Stefan
Fornos Klein, R$ 8.000,00; Stefannie de sa Ibraim, R$ 10.000,00; Sued Wilma Caldas Melo, R$ 8.000,00;
Susan Elizabeth Martins Cesar de Oliveira, R$ 8.000,00; Suzan Waleska Pequeno Rodrigues, R$
10.000,00; Tais de Sant Anna Machado, R$ 8.000,00; Theo Allan Darn Zapata, R$ 8.000,00; Tiago Ribeiro
Duarte, R$ 8.000,00; Valmi Hatje Faggion, R$ 12.000,00; Vivian Tais Fernandes Cipriano, R$ 8.000,00;
Yanne Marcela Soares Fernandes, R$ 8.000,00; Yuri Zeniti Sinzato, R$ 10.000,00.
ALEXANDRE ANDRE DOS S A N TO S
SECRETARIA DE ESTADO DE SEGURANCA PUBLICA
SUBSECRETARIA DE ADMINISTRACAO GERAL
COORDENACAO DE LICITACOES, CONTRATOS E CONVENIOS
AVISO DE ABERTURA DE LICITACAO
PREGAO ELETRONICO No 04/2018
PROCESSO: 00050-00157370/2017-98. TIPO: Menor Preco. OBJETO: Contratacao de empresa
especializada para a aplicacao presencial de 19.537 questionarios no territorio do Distrito Federal, com
tempo de entrevista de aproximadamente 40 (quarenta) minutos, no domicilio das pessoas a serem
entrevistadas, selecionadas segundo uma amostra que sera fornecida pela contratante. Estes questionarios
serao aplicados obrigatoriamente nas areas urbanas de todas as regioes administrativas do Distrito Federal,
com individuos de ambos os sexos e idade igual ou maior que 16 anos. Por questoes metodologicas,
entrevistadores do sexo masculino so podem entrevistar pessoas do mesmo sexo, e para entrevistadores do
sexo feminino e entrevistar pessoas de ambos os sexos. Os questionarios deverao ser aplicados em meio
digital e as entrevistas devem ser georreferenciadas. VALOR ESTIMADO: R$ 907.454,57. DOTACAO:
UO: 24.101. PROGRAMA DE TRABALHO: 06.181.6217.3711.6163 - FR: 100- ND: 3.3.90.39. PRAZOS:
Execucao: ate 150 dias corridos contados do rece",AVISO DE ABERTURA DE LICITACAO
1,88120304-88120326,"PENSA DE LICITACAO
Processo: 00072-00002225/2019-10. Favorecido: GJ COMERCIO DE GLP LTDA ME, CNPJ:
15.330.626/0001-33; Valor: R$ 16.198,00 (dezesseis mil cento e noventa e oito reais). Objeto:
aquisicao de gas liquefeito de petroleo-GLP, Material: Gas butano, Unidade De Fornecimento: Botijao
com 13 Kg para abastecer EMATER-DF. Autorizacao da despesa: 08/07/2019, pela ordenadora de
despesa: Denise Andrade da Fonseca- Presidente da EMATER-DF.
PAGINA 48
No 131, segunda-feira, 15 de julho de 2019
Diario Oficial do Distrito Federal
Este documento pode ser verificado no endereco eletronico h t t p : / / w w w. i n . g o v. b r / a u t e n t i c i d a d e . h t m l
pelo codigo 50012019071500048
Documento assinado digitalmente conforme MP no 2.200-2 de 24/08/2001, que institui a
Infraestrutura de Chaves Publicas Brasileira - ICP-Brasil.
SECRETARIA DE ESTADO DE SEGURANCA PUBLICA
SUBSECRETARIA DE ADMINISTRACAO GERAL
COORDENACAO DE LICITACOES CONTRATOS E CONVENIOS
AVISO DE ABERTURA DE LICITACAO - SRP
PREGAO ELETRONICO No 45/2018
PROCESSO SEI-GDF: 00050-00015619/2018-70. TIPO: Menor Preco. OBJETO: Registro de Precos para
contratacao de empresa em prestacao de servico continuado de assistencia tecnica em manutencao corretiva
por demanda das impressoras/copiadoras, impressoras multifuncionais, scanner, impressora de cracha, com
reposicao de pecas originais do fabricante do equipamento. VALOR ESTIMADO: R$ 1.230.444,96.
PRAZOS: Atendimento do chamado: ate 08 (oito) horas uteis. Substituicao de pecas: ate 72 horas.
Vigencia: da Ata de Registro de Precos: 12 meses; do Contrato: 30 (trinta) meses a partir da data da
assinatura.  DATA  DA SESSAO  PUBLICA:  31/07/2019  as 09:30  horas  no
www.comprasgovernamentais.gov.br. UASG 450107. Edital esta disponivel no endereco acima e no
w w w. s s p . d f . g o v. b r / l i c i t a c o e s .
Brasilia/DF, 12 de julho de 2019.
GABRIELLA ALVES DA CUNHA
Pregoeira
AVISO DE ADJUDICACAO E HOMOLOGACAO
PREGAO ELETRONICO No 04/2018
PROCESSO: SEI-GDF no 00050-00157370/2017-98. TIPO: Menor Preco. OBJETO: Contratacao de
empresa especializada para a aplicacao presencial de 19.537 questionarios no territorio do Distrito Federal.
A SSPDF informa, com fulcro no inciso V do Artigo 8o, do Decreto no 5.450/2005, a ADJUDICACAO do
objeto do certame a empresa Prover Saude e Meio Ambiente Ltda., CNPJ: 16.832.830/0002-04, no valor
total de R$ 378.822,43. Informa ainda a HOMOLOGACAO do certame com fulcro no inciso VI do Artigo
8o, do Decreto no 5.450/2005.
Brasilia/DF, 12 de julho de 2019.
GABRIELLA ALVES DA CUNHA
Pregoeira
POLICIA MILITAR DO DISTRITO FEDERAL
DEPARTAMENTO DE GESTAO DE PESSOAL
EDITAL No 158/DGP - PMDF, DE 12 DE JULHO DE 2019
CONCURSO PUBLICO DE ADMISSAO AO CURSO DE FORMACAO DE PRACAS DA
POLICIA MILITAR DO DISTRITO FEDERAL - CFP/QPPMC
RESULTADO PRELIMINAR DA ETAPA DE TESTES DE APTIDAO FISICA
DE CANDIDATOS EM CONDICAO SUB JUDICE
O CHEFE DO DEPARTAMENTO DE GESTAO DE PESSOAL, DA POLICIA MILITAR DO
DISTRITO FEDERAL, no uso de suas atribuicoes legais, e em face",AVISO DE ADJUDICACAO E HOMOLOGACAO
2,137202500-137202522," DE APLICACAO
Processo: 00193-00000493/2019-40
A Comissao de Selecao e Habilitacao, designada por meio da Instrucao no 22, de 05 de junho de 2019, torna
publico o resultado provisorio da classificacao das propostas do Edital de chamamento publico n 03/2019 -
FAPDF, visando celebrar termos de fomento com Organizacoes da Sociedade Civil, objetivando a animacao do
ecossistema de inovacao do Distrito Federal. Foram recebidas nove propostas e, apos julgamento tecnico,
obteve-se o seguinte resultado: 1o Fundacao de Empreendimentos Cientificos e Tecnologicos - FINATEC,
Projeto Conexao Engmaker, 67 pontos. Desclassificadas as seguintes propostas: Associacao dos Jovens
Empresarios do DF, Projeto Empreenda-se! Negocios inovadores de impacto social no DF e RIDE; Associacao
de Startups e Empreendedores Digitais do Brasil, Projeto STARTUP BRASILIA 2030 - Projeto de Apoio ao
Aquecimento do Ecossistema de Inovacao do DF; Confederacao Nacional da Industria - CNI, Projeto DF-TEC:
Forca-tarefa para integracao entre os atores do ecossistema local e conexao com hubs estrategicos de tecnologia
e inovacao; Instituto Desponta Brasil, Projeto Domo da Inovacao; ONG Educando para a vida, Projeto Pira-
Brasilia Dispositivo gamificado de catalisacao de startups; Associacao Hub Brasil, Projeto Trilhas de inovacao
social DF; SENAI - Departamento Regional do Distrito Federal, Projeto Digitalizando o Futuro; Centro de
Tecnologia de Software de Brasilia - Tecsoft, Projeto INOVATIC. Nos termos do art. 21 do Decreto no
37.843/2016, as organizacoes da sociedade civil poderao interpor recurso deste resultado provisorio, no prazo
de 5 dias, a contar da publicacao no Diario Oficial do Distrito Federal. Alessandro Franca Dantas, Diretor-
Presidente.
ALESSANDRO FRANCA DANTAS
D i r e t o r- P r e s i d e n t e
SECRETARIA DE ESTADO DE SEGURANCA PUBLICA
EXTRATO DO 1 TERMO ADITIVO CONTRATO PARA PRESTACAO DE SERVICO No 041/2019,
NOS TERMOS DO PADRAO No 13/2002
INSTITUIDO PELO DECRETO/DF N 23.287/2002
Processo: 00050-00157370/2017-98. No SIGGO 039433. Partes: o Distrito Federal, por meio da
SECRETARIA DE ESTADO DE SEGURANCA PUBLICA DO DISTRITO FEDERAL e a empresa
PROVER SAUDE E MEIO AMBIENTE LTDA, inscrita no CNPJ No 10.212.240/0001-03. Do Objeto:
prorrogacao por 20 (vinte) dias, do prazo de entrega do Produto 02, referente a aplicacao presencial de
6.472 questionarios distribuidos entre as areas urbanas de todas as regioes administrativas do Distrito
Federal. Unidade Orcamentaria: 24101. Programa de Trabalho: 06.181.6217.3711.6163. Natureza da
Despesa: 33.90.39. Fontes de Recurso: 100. Da vigencia: O presente Termo Aditivo tera vigencia por 20
(vinte) dias, a contar do dia 08/10/2019, restando o dia 28 de outubro de 2019, como a data final para
entrega dos bens, permanecendo inalterada a vigencia contratual. Da data da assinatura: 24/10/2019.
Signatarios: pelo Distrito Federal: ANDERSON GUSTAVO TORRES, Secretario de Estado de Seguranca
Publica do Distrito Federal; pela Contratada: ERIC SANTOS ARAUJO FILHO, Repres",EXTRATO DO 1 TERMO ADITIVO CONTRATO PARA PRESTACAO DE SERVICO 
3,285617938-285617960,"2
INSTITUIDO PELO DECRETO/DF N 23.287/2002
Processo: 00050-00006406/2018-57. n.o SIGGO 038514. Partes: o Distrito Federal, por meio da
SECRETARIA DE ESTADO DE SEGURANCA PUBLICA DO DISTRITO FEDERAL e a empresa
GLS ENGENHARIA E CONSULTORIA LTDA, inscrita no CNPJ No 68.558.972/0001-30. Do Objeto:
prorrogacao do prazo de vigencia do contrato por mais 12 (doze) meses, a contar de 30/01/2020 a
29/01/2021. Do valor: 1.023.402,88 (Um milhao, vinte e tres mil, quatrocentos e dois reais, e oitenta
e oito centavos). Unidade Orcamentaria: 24101. Programa de Trabalho: 06122600285170006. Natureza
da Despesa: 33.90.39. Fontes de Recurso: 100. Da data da assinatura: 15/01/2020. Signatarios: pelo
Distrito Federal: ANDERSON GUSTAVO TORRES, Secretario de Estado de Seguranca Publica do
Distrito Federal; pela Contratada: RONALDO ALVES KARAM e SOLANGE SUSINI DO CARMO,
Representantes Legais.
EXTRATO DO 1 TERMO ADITIVO AO CONTRATO PARA PRESTACAO DE SERVICOS
No 042/2019, NOS TERMOS DO PADRAO No 13/2002
INSTITUIDO PELO DECRETO/DF N 23.287/2002
Processo: 00050-00004195/2019-07. n.o SIGGO 039434. Partes: o Distrito Federal, por meio da
SECRETARIA DE ESTADO DE SEGURANCA PUBLICA DO DISTRITO FEDERAL e a empresa
SERVEGEL APOIO ADMINISTRATIVO E SUPORTE OPERACIONAL LTDA, inscrita no CNPJ No
01.608.603/0001-33. Do Objeto: adequacao da jornada de trabalho e supressao de 34,09 % (trinta e
quatro inteiros e nove centesimos por cento) do valor inicialmente pactuado. Unidade Orcamentaria:
24101. Programa de Trabalho: 06.122.6008.8517.0006 e 14.421.6211.2727.0001. Natureza da Despesa:
33.90.39. Fontes de Recurso: 100. Da data da assinatura: 15/01/2020. Signatarios: pelo Distrito
Federal: ANDERSON GUSTAVO TORRES, Secretario de Estado de Seguranca Publica do Distrito
Federal; pela Contratada: MARCELO HENRY SOARES MONTEIRO, Representante Legal.
EXTRATO DO 2 TERMO ADITIVO AO CONTRATO PARA PRESTACAO DE SERVICOS No
041/2019-SSDF, NOS TERMOS DO PADRAO No 13/2002 INSTITUIDO PELO DECRETO/DF N
23.287/2002 Processo: 00050-00157370/2017-98. n.o SIGGO 039433. Partes: o Distrito Federal, por
meio da SECRETARIA DE ESTADO DE SEGURANCA PUBLICA DO DISTRITO FEDERAL e a
empresa PROVER SAUDE E MEIO AMBIENTE LTDA, inscrita no CNPJ No 10.212.240/0001-03.
Do Objeto: prorrogacao do prazo de vigencia estabelecido na Clausula Oitava do Contrato de
Prestacao de Servicos no 41/2019-SSP, por 70 (setenta) dias, . Da data da assinatura: 15/01/2020.
Signatarios: pelo Distrito Federal: ANDERSON GUSTAVO TORRES, Secretario de Estado de
Seguranca Publica do Distrito Federal; pela Contratada: ERIC SANTOS ARAUJO FILHO,
Representante Legal.
EXTRATO DO CONTRATO DE PRESTACAO DE SERVICOS No 001/2020,
NOS TERMOS DO PADRAO No 05/2002
INSTITUIDO PELO DECRETO/DF N 23.287/2002
Processo: 0050-000653/2017 n.o SIGGO 040390. Partes: o Distrito Federal, por meio da SECRETARIA
DE ESTADO DE SEGURANCA PUBLICA DO DISTRITO FEDERAL e a empresa VOGUE
ALIMENTACAO E NUTRICAO LTDA, inscrita no CNPJ No 04.675.771/0001-30. Do Objeto: prestacao
de servico continuo e comum ",EXTRATO DO 2 TERMO ADITIVO AO CONTRATO PARA PRESTACAO DE SERVICOS
4,327880094-327880116,"iodo de 
05/05 a 11/05 no Edificio Phenicia, SBN , Quadra 02, Terreo no Protocolo, ou por e-mail, 
conforme atividades suspensas de acordo com o Decreto 40.583 de 01 de Abril de 2020, 
caso nao haja interposicao.Os autos ficam com vistas franqueadas aos interessados.
ANITA AYRES DA FONSECA
Presidente da Comissao.
SECRETARIA DE ESTADO 
DE SEGURANCA PUBLICA
EXTRATO DO SEGUNDO TERMO ADITIVO AO CONTRATO DE PRESTACAO 
SERVICOS No 022/2019, NOS TERMOS DO PADRAO No 14/2002, INSTITUIDO 
PELO DECRETO/DF No 23.287/2002
Processo: 00050-00008757/2018-01, no SIGGO 038765. Partes: o Distrito Federal, por 
meio da SECRETARIA DE ESTADO DE SEGURANCA PUBLICA DO DISTRITO 
FEDERAL e a empresa EMPA S/A SERVICOS DE ENGENHARIA. Do Objeto: 
prorrogacao do prazo de vigencia e execucao contratual por mais 34 (trinta e quatro) dias 
e o acrescimo de 0,23 % (zero virgula vinte e tres por cento) do valor pactuado 
originalmente, correspondente a R$ 186.545,76 (cento e oitenta e seis mil quinhentos e 
quarenta e cinco reais e setenta e seis centavos), para o pagamento dos custos de 
Administracao Local. Evento: 400091. Unidade Orcamentaria: 24101. Programa de 
Trabalho: 14.421.6211.3077.0002. Natureza da Despesa: 44.90.51. Fonte de Recurso: 
132/135/121/321/332/335 e 390. Unidade Gestora: 220101. Gestao: 00001. Da vigencia: o 
prazo de vigencia do Contrato, inicialmente pactuado acrescido de 34 (trinta e quatro) 
dias, passara a viger ate 24/08/2020 e o prazo de execucao da obra acrescido de 34 ( trinta 
e quatro) obedecendo as etapas do cronograma fisico-financeiro, passara a viger ate 
20/05/2020. Data da assinatura: 16/04/2020. Signatarios: pelo Distrito Federal: 
ANDERSON GUSTAVO TORRES, Secretario de Estado de Seguranca Publica do 
Distrito Federal; pela Contratada: RICARDO JORGE PEREIRA PINHO DE SOUSA, 
Representante Legal.
EXTRATO DO TERCEIRO TERMO ADITIVO AO CONTRATO DE PRESTACAO 
SERVICOS No 041/2019, NOS TERMOS DO PADRAO No 13/2002, INSTITUIDO 
PELO DECRETO/DF No 23.287/2002
Processo: 00050-00157370/2017-98, no SIGGO 039433. Partes: o Distrito Federal, por 
meio da SECRETARIA DE ESTADO DE SEGURANCA PUBLICA DO DISTRITO 
FEDERAL e a empresa PROVER SAUDE E MEIO AMBIENTE LTDA. Do Objeto: 
suspensao do Contrato de Prestacao de Servicos no 41/2019-SSP ate a Decretacao Oficial
do fim da crise de enfrentamento da Pandemia do COVID-19, com base no art. 78, XIV 
da Lei no 8.666/93, nos termos do Pedido de Suspensao apresentado pela empresa Prover 
Saude e Meio Ambiente Ltda, por meio da Carta s/no, nos termos do Memorando No 
290/2020 - SSP/SUAG/CLIC/GCONT e Nota Tecnica n.o 118/2019 - SSP/GAB/AJL . Da 
vigencia: a retomada do prazo de vigencia contratual se dara a partir da Decretacao Oficial 
do fim da crise de enfrentamento da Pandemia do COVID-19, com o acrescimo de 33 
(trinta e tres) dias, correspondentes ao periodo compreendido entre a data do pedido de 
suspensao feita por meio da Carta s/no e o final da vigencia contratual estabelecida no 2o 
Termo Aditivo ao Contrato de Prestacao de Serv",EXTRATO DO TERCEIRO TERMO ADITIVO AO CONTRATO DE PRESTACAO SERVICOS
