,local,text,
0,4770009-4770031,"no 20/2018, em 12/12/2018 as
09:00hs, Processo SEI no 00070-00011392/2018-19, que teve por objeto o Registro de Precos visando
eventual aquisicao de uniformes para diversos setores da Secretaria de Estado, Abastecimento e
Desenvolvimento Rural do Distrito Federal, conforme especificacoes e condicoes estabelecidas no Termo
de Referencia constante do Anexo I do Edital. Sagraram-se vencedoras as empresas: FARBRINDE
COMERCIO E SERVICOS LTDA No 18.111.373/0001-03 para os itens, 01 e 04 com melhor valor total
de R$ 9.996,00, (nove mil novecentos e noventa e seis reais), SCLAN MALHAS LTDA - CNPJ No
32.468.738/0001-74 para os itens 02 e 11, com melhor valor total de R$ 2.878,00 (dois mil, oitocentos e
setenta e oito reais), HABIB DECORACOES DE ITAJUBA LTDA - CNPJ: 03.851.189/0001-14 para os
itens 03 e 14, com o melhor valor total de R$ 13.580,00 (treze mil quinhentos e oitenta reais),
ELUGENIO INDUSTRIA E COMERCIO DE CONFECCOES LTDA - CNPJ N o 30.869.154/0001-85,
para os itens, 05, 07, 08, 12, e 13, com melhor valor total de R$ 27.700,00, (vinte e sete mil e setecentos
reais), ALFAIATARIA DE UNIFORMES LTDA, CNPJ: 23.603.476/0001-12, para o item 06, com o
melhor valor total de R$ 2.446,00, (dois mil quatrocentos e quarenta e seis reais) e CHEIA DE GRACA
BRANCO EIRELI CNPJ: 27.466.726/0001-70 para os itens 09 e 10, com o melhor valor total de R$
11.285,00 (onze mil, duzentos e oitenta e cinco reais), perfazendo o valor GLOBAL do certame em R$
67.885,00, (sessenta e sete mil, oitocentos e oitenta e cinco reais). A ata e os termos de adjudicacao do
pregao podem ser visualizados nos sites www.comprasgovernamentais.gov.br e no portal SEAGRI/DF,
""Edital"".
Brasilia/DF, 08 de janeiro de 2019
EDILENE DIAS CERQUEIRA
Pregoeira
SECRETARIA DE ESTADO DE SEGURANCA PUBLICA
SUBSECRETARIA DE ADMINISTRACAO GERAL
COORDENACAO DE LICITACOES CONTRATOS E CONVENIOS
AVISO DE ABERTURA DE LICITACAO
PREGAO ELETRONICO No 09/2018-SSPDF
COM TRATAMENTO FAVORECIDO E DIFERENCIADO A ME E EPP
PROCESSO SEI-GDF: 00050-00157602/2017-06. TIPO: Menor Preco. OBJETO: Registro de Precos para
prestacao de servico de renovacao de carteira nacional de habilitacao (CNH) categorias ""D"" e ""E""; e
habilitacao (CNH) categorias ""D"" e ""E""; e mudanca de CNH para categoria ""D"" e ""E"" para servidores do
Sistema Penitenciario do Distrito Federal. VALOR ESTIMADO: R$ 305.859,50. PRAZOS: Inicio da
execucao: ate 15 dias corridos contados da assinatura do contrato. Vigencia: da Ata de Registro de Precos:
12 meses; do Contrato: 150 (cento e cinquenta) dias a partir da data da assinatura. DATA DA SESSAO
PUBLICA: 29/01/2019 as 09:30 horas no www.comprasgovernamentais.gov.br. UASG 450107. Edital esta
disponivel no endereco acima e no http://licitacoes.ssp.df.gov.br.
Brasilia/DF, 15 de janeiro de 2018.
GABRIELLA ALVES DA CUNHA
Coordenadora - Substituta
AVISO DE ABERTURA DE LICITACAO
PREGAO ELETRONICO No 02/2019
REPETICAO DOS ITENS FRACASSADOS DO PE No 16/2018-SSPDF
COM TRATAMENTO FAVORECIDO E DIFERENCIADO A ME E EPP
PROCESSO SEI-GDF: 00050-001524",AVISO DE ABERTURA DE LICITACAO
1,9333395-9333417,"RITO FEDERAL E A EMPRESA BARROS E BARROS
LANCHONETE E RESTAURANTE LTDA.
Do Objeto: O presente apostilamento tem por objeto a concessao do 4o (quarto) reajuste de valores do Contrato
no 001/2015 - SSP/DF, cujo objeto e a contratacao de empresa especializada no fornecimento de servicos de
alimentacao, relativos a restaurante e lanchonete no pavimento terreo do edificio sede da SSP/DF, mediante
concessao onerosa de espaco publico com area total de 76,79m2. Da Fundamentacao: O presente apostilamento
tem como fundamentacao a previsao na Clausula Quinta, Item 5.4 do Contrato no 001/2015 - SSP e o artigo 65,
8o da Lei no 8.666, de 21 de junho de 1993 e alteracoes posteriores. Do Valor: Para todos os efeitos, o valor do
contrato conforme ultimo apostilamento de reajuste era de R$ 560,37 (quinhentos e sessenta reais e trinta e sete
centavos mensais), com o reajuste de R$ 20,99 (vinte reais e noventa e nove centavos) alcara para R$ 581,36 (
quinhentos e oitenta e um reais e trinta e seis centavos), para a vigencia de 12 meses .Do prazo: O presente
Apostilamento entra em vigencia a partir de sua assinatura. Porem seus efeitos financeiros, retroagem a
05/01/2019.Da Ratificacao: Permanecem inalteradas as demais clausulas do Contrato a que se refere o presente
Apostilamento. Signatarios: Alvaro Henrique Ferreira dos Santos, Ordenador de despesas da SSP/DF e ANDRE
LUIZ SANTOS BARROS, Representante Legal.Data da assinatura: 28/01/2019.
No 21, quarta-feira, 30 de janeiro de 2019
PAGINA 121
Diario Oficial do Distrito Federal
Este documento pode ser verificado no endereco eletronico h t t p : / / w w w. i n . g o v. b r / a u t e n t i c i d a d e . h t m l
pelo codigo 50012019013000121
Documento assinado digitalmente conforme MP no 2.200-2 de 24/08/2001, que institui a
Infraestrutura de Chaves Publicas Brasileira - ICP-Brasil.
SUBSECRETARIA DE ADMINISTRACAO GERAL
COORDENACAO DE LICITACOES CONTRATOS E CONVENIOS
AVISO DE ADJUDICACAO E HOMOLOGACAO
PREGAO ELETRONICO No 09/2018
PROCESSO: 00050-00157602/2017-06. TIPO: Menor Preco. OBJETO: Registro de Precos para
prestacao de servico de renovacao de carteira nacional de habilitacao (CNH) categorias ""D"" e ""E""; e
habilitacao (CNH) categorias ""D"" e ""E""; e mudanca de CNH para categoria ""D"" e ""E"" para servidores
do Sistema Penitenciario do Distrito Federal. A SSPDF informa, com fulcro no inciso IX do artigo
11, do Decreto no 5.450/2005, a ADJUDICACAO dos itens 2 e 3 ao Centro de Formacao de
Condutores AB Express Ltda., CNPJ 19.023.184/0001-33, no valor unitario respectivo de R$ 1.815,00
e R$ 1.815,00. O item 1 foi deserto. A empresa adjudicataria esta convocada para assinar a Ata de
Registro de Precos conforme item 2.6.1 do Edital. A SSPDF informa ainda a HOMOLOGACAO do
certame com fulcro no inciso VI, do Artigo 8o, do Decreto no 5.450/2005.
Brasilia/DF, 29 de janeiro de 2019
FRANKNEI DE OLIVEIRA RODRIGUES
Coordenador
AVISO DE ADJUDICACAO E HOMOLOGACAO
PREGAO ELETRONICO No 02/2019
PROCESSO: 00050-00152443/2017-55. TIPO: Menor Preco. OBJETO: Regist",AVISO DE ADJUDICACAO E HOMOLOGACAO
2,45994162-45994184,"cretaria de Estado da
Seguranca Publica, conforme especificacoes e condicoes estabelecidas na Ata de Registro de Precos ARP
n 07/2019-SSP/DF, demais especificacoes conforme Edital de PE n.o 07/2018-SSP/DF. Do valor: O valor
total do Contrato e de R$ 5.891.555,38(cinco milhoes, oitocentos e noventa e um mil quinhentos e
cinquenta e cinco reais e trinta e oito centavos). Evento: 400091. Modalidade: Estimativo. Unidade
Orcamentaria: 24101. Programa de Trabalho: 06.181.6217.3419.0002 e 06.181.6217.4031.0001; Natureza
da Despesa: 33.90.30, 33.90.39, 44.90.52; Fontes de Recurso:100. Unidade Gestora: 220101. Gestao:
00001. Nota de Empenhos iniciais: no 2019NE00369, 2019NE00374 e 2019NE00375. Da vigencia: 12
(doze) meses. Da data da assinatura: 10/04/2019. Signatarios: pelo Distrito Federal: ANDERSON
GUSTAVO TORRES, Secretario de Estado de Seguranca Publica do Distrito Federal; pela Contratada:
SILVIO ARAGAO DE MELO JUNIOR, Representante Legal.
SUBSECRETARIA DE ADMINISTRACAO GERAL
COORDENACAO DE LICITACOES, CONTRATOS E CONVENIOS
AVISO DE ABERTURA DE LICITACAO -SRP
PREGAO ELETRONICO No 11/2019
REPETICAO DOS ITENS FRACASSADOS DO PE No 03/2019
COM TRATAMENTO FAVORECIDO E DIFERENCIADO DE ME/EPP
PROCESSO: 00050-00020438/2018-65. TIPO: Menor Preco. OBJETO: Registro de Precos de material de
construcao para manutencao das unidades prisionais do Sistema Penitenciario do Distrito Federal. VALOR
ESTIMADO: R$ 188.338,00. PRAZOS: Entrega: ate 30 dias corridos contados do recebimento da Nota de
Empenho. Vigencia: da Ata de Registro de Precos: 12 meses; do Contrato: 90 (noventa) dias a partir da
data da assinatura. DATA DA SESSAO  PUBLICA: 03/05/2019 as 09:00 horas no
www.comprasgovernamentais.gov.br. UASG 450107. Edital esta disponivel no endereco acima e no
h t t p : / / l i c i t a c o e s . s s p . d f . g o v. b r.
Brasilia/DF, 17 de abril de 2019
AMILCAR UBIRATAN URACH VIEIRA
AVISO DE ABERTURA DE LICITACAO -SRP
PREGAO ELETRONICO No 12/2019
PARTICIPACAO EXCLUSIVA DE ME/EPP
PROCESSO: 00050-00157602/2017-06. TIPO: Menor Preco. OBJETO: Registro de Precos para prestacao
de servico de renovacao de carteira nacional de habilitacao (CNH) categorias ""D"" e ""E""; e habilitacao
(CNH) categorias ""D"" e ""E""; e mudanca de CNH para categoria ""D"" e ""E"" para servidores do Sistema
Penitenciario do Distrito Federal. VALOR ESTIMADO: R$ 35.099,50. PRAZOS: Inicio da execucao: ate
15 dias corridos contados da assinatura do contrato. Vigencia: da Ata de Registro de Precos: 12 meses; do
Contrato: 150 (cento e cinquenta) dias a partir da data da assinatura. DATA DA SESSAO PUBLICA:
03/05/2019 as 10:30 horas no www.comprasgovernamentais.gov.br. UASG 450107. Edital esta disponivel
no endereco acima e no http://licitacoes.ssp.df.gov.br.
Brasilia/DF, 17 de abril de 2019
AMILCAR UBIRATAN URACH VIEIRA
POLICIA MILITAR DO DISTRITO FEDERAL
DEPARTAMENTO DE LOGISTICA E FINANCAS
RESULTADO DE LICITACAO
PREGAO ELETRONICO No 11/2019
Processo: 00054-00081823/2018-76. O Departamento de Logistica e Financas da PMDF torna publico o
",AVISO DE ABERTURA DE LICITACAO
3,112894501-112894523,"o no Diario Oficial do Distrito Federal da homologacao pela Diretoria Colegiada, via protocolo,
copias autenticadas em cartorio dos documentos citados no artigo 30 da Resolucao-Conad/Terracap no
238.
Brasilia/DF, 02 de setembro de 2019.
LEONARDO MUNDIM
Diretor de Regularizacao Social e Desenvolvimento Economico
DIRES/TERRACAP
SECRETARIA DE ESTADO DE SEGURANCA PUBLICA
SUBSECRETARIA DE ADMINISTRACAO GERAL
COORDENACAO DE LICITACOES, CONTRATOS E CONVENIOS
AVISO DE ABERTURA DE LICITACAO
PREGAO ELETRONICO No 32/2018
PROCESSO: 0050-000653/2017. TIPO: Menor Preco. OBJETO: Contratacao de empresas especializadas
para a prestacao de servico continuo, comum de preparacao e fornecimento de quatro alimentacoes diarias
para pessoas privadas de liberdade, recolhidas no Centro de Detencao Provisoria (CDP), Penitenciaria do
Distrito Federal I (PDF I), Penitenciaria do Distrito Federal II (PDF II), e Centro de Internamento e
Reeducacao (CIR), unidades que compoem o Sistema Penitenciario do Distrito Federal. VALOR TOTAL
ESTIMADO:  R$  295.608.393,00  DOTACAO:  UO 24.101  -  SSP/DF.  PROG.  TRAB:
PAGINA 62
No 169, quinta-feira, 5 de setembro de 2019
Diario Oficial do Distrito Federal
Este documento pode ser verificado no endereco eletronico h t t p : / / w w w. i n . g o v. b r / a u t e n t i c i d a d e . h t m l
pelo codigo 50012019090500062
Documento assinado digitalmente conforme MP no 2.200-2 de 24/08/2001, que institui a
Infraestrutura de Chaves Publicas Brasileira - ICP-Brasil.
06.421.6211.2540.0006. N.D. 3.3.90.39. F.R.: 100. PRAZOS: De Execucao: Diariamente, de acordo com
o Anexo I do Edital. Vigencia do contrato: 30 meses. DATA DA SESSAO PUBLICA: 25/09/2019, as
09h00min no www.comprasgovernamentais.gov.br. UASG 450107. O Edital esta disponivel no endereco
acima e no http://licitacoes.ssp.df.gov.br.
Brasilia/DF, 04 de setembro de 2019
AMILCAR UBIRATAN URACH VIEIRA
Coordenador de Licitacoes, Contratos e Convenios
AVISO DE RESULTADO
PREGAO ELETRONICO No 08/2019
PROCESSO SEI-DF: 00050-00157602/2017-06. TIPO: Menor Preco. OBJETO: Aquisicao de testes
psicologicos visando atender a demanda da Subsecretaria do Sistema Penitenciario da Secretaria de
Estado de Seguranca Publica do Distrito Federal. A SSPDF informa que o Pregao foi declarado
deserto por ausencia de interessados na licitacao.
Brasilia/DF, 04 de setembro de 2019.
AMILCAR UBIRATAN URACH VIEIRA
Coordenador de Licitacoes, Contratos e Convenios
AVISO DE ABERTURA DE LICITACAO
PREGAO ELETRONICO No 25/2019
PROCESSO SEI-GDF: 00050-00035881/2019-11. TIPO: Menor Preco. OBJETO: Contratacao de
empresa especializada para substituicao das telhas e recuperacao da impermeabilizacao dos elementos
da cobertura e das fachadas cegas (laterais) do Edificio Sede da Secretaria de Seguranca Publica do
Distrito Federal. VALOR ESTIMADO: R$ 260.857,79. PRAZOS: De execucao: 75 (setenta e cinco)
dias a contar da emissao da Ordem de Servico. Vigencia do Contrato: 150 (cento e cinquenta) dias
a partir da data da assinatura. DATA DA SESSAO PUBLICA: 19/09/",AVISO DE RESULTADO
