,local,text,
0,135901384-135901406,"SSPDF. Vigencia: 12 (doze) meses, contados a partir da data de assinatura da Ata de
Registro de Precos: 18/10/2019. Conforme empresa vencedora, CNPJ, item (ns) e valor(es) unitario(s),
respectivamente: ALMIX COMERCIO DE SUPRIMENTOS LTDA EPP, 11.594.621/0001-67, 24, 27, 28
e 38, R$ 29,49, R$ 8,45, R$ 14,49 e R$ 29,99; HABIB DECORACOES DE ITAJUBA LTDA,
03.851.189/0001-14, 23 e 32, R$ 50,99 e R$ 31,29; N.B DISTRIBUIDORA E IMPORTADORA DE
PRODUTOS E EQUIPAMENTOS EIRELI ME, 20.425.201/0001-48, 33, R$ 160,53; PONTO DO
ARTESAO COMERCIO E DISTRIBUICAO LTDA ME, 01.299.218/0001-51, 31 e 36, R$ 18,93 e R$
129,93; PROROUPAS CONFECCOES LTDA, 00.556.225/0001-29, 37, R$ 26,99; RL UTILIDADES DO
LAR, 00.717.603/0001-09, 1, 2, 3, 4, 5, 6, 7, 8, 9, 10, 11, 12, 13, 14, 15, 25 e 29, R$ 7,84, R$ 9,99, R$
10,89, R$ 1,13, R$ 6,15, R$ 1,68, R$ 12,90, R$ 17,70, R$ 13,05, R$ 25,95, R$ 47,25, R$ 5,97, R$ 4,54,
R$ 0,45, R$ 3,25, R$ 28,99 e R$ 11,21; SANDU COMERCIO E DISTRIBUICAO DE PRODUTOS
EIRELI, 19.806.688/0001-20, 26 e 30, R$ 11,31 e R$ 257,04; S.C. DA CUNHA LEMES & CIA LTDA,
01.826.299/0001-09, 21, 22, 34 e 35, R$ 8,95, R$ 15,62, R$ 56,44 e R$ 76,52. Signatarios: Pela Secretaria
de Estado de Seguranca Publica: Alvaro Henrique Ferreira dos Santos e pelas empresas: ALMIX
COMERCIO DE SUPRIMENTOS LTDA EPP: Cleber Fernandes Silva Mendonca; HABIB
DECORACOES DE ITAJUBA LTDA: Antoun El Moallem; N.B DISTRIBUIDORA E IMPORTADORA
DE PRODUTOS E EQUIPAMENTOS EIRELI ME: Eliandro Rodrigues de Morais; PONTO DO
ARTESAO COMERCIO E DISTRIBUICAO LTDA ME: Marilene Correia de Castro Lima; PR O R O U PA S
CONFECCOES LTDA: Carlos da Silva Fonseca; RL UTILIDADES DO LAR: Rosanete Rosa de Paula
Laurindo; SANDU COMERCIO E DISTRIBUICAO DE PRODUTOS EIRELI: Joao da Silva Mendonca;
S.C. DA CUNHA LEMES & CIA LTDA: Hebert Verissimo da Cunha Lemes.
COORDENACAO DE LICITACOES, CONTRATOS E CONVENIOS
AVISO DE ABERTURA DE LICITACAO - SRP
PREGAO ELETRONICO No 37/2019
COM ITENS PARA PARTICIPACAO EXCLUSIVA DAS ME/MEI/EPP'S
PROCESSO: 00050-00043114/2019-86. TIPO: Menor Preco. OBJETO: Registro de Precos para futura
aquisicao de materiais para manutencao e conservacao de bens imoveis (materiais de construcao), visando
atender demanda para adequacao dos ambientes que receberao 12 (doze) scanners corporais, reformas
estruturais no CIR e CDP, reforma das guaritas do complexo penitenciario da Papuda e outras demandas
do sistema prisional e demais edificios da Secretaria de Estado de Seguranca Publica do Distrito Federal.
VALOR ESTIMADO: R$ 1.383.896,28. PRAZOS: De entrega: 30 (trinta) dias contados do recebimento da
Nota de Empenho ou da assinatura do contrato. Vigencia do Contrato: 120 (cento e vinte) dias a partir da
data  da assinatura.  DATA  DA SESSAO  PUBLICA: 06/11/2019  as  9:00 horas  no
www.comprasgovernamentais.gov.br. UASG 450107. Edital esta disponivel no endereco acima e no
h t t p : / / w w w. s s p . d f . g o v. b r / l i c i t a c o e s / .
Brasilia/DF, 23 de outubro de 2019.
GABRIELLA ALVES DA CUNHA
Pregoeira
POLICIA MILITA",AVISO DE ABERTURA DE LICITACAO
1,148087931-148087953,"ano de
trabalho, que devera considerar a mobilizacao de parcerias locais de forma a potencializar o desempenho do
projeto no Distrito Federal e/ou RIDE.COMISSAO DE SELECAO E HABILITACAO, Membros:
ALESSANDRA DO VALLE ABRAHAO SOARES- Matr. 1693198-X, VANESSA FERNANDES DOS
SANTOS - Matr. 1689615-7 e FABIO HENRIQUE DA SILVA RAMOS- Matr. 1692465-7.
EDITAL DE CHAMAMENTO PUBLICO N 4/2019 - FAPDF
RESULTADO PROVISORIO DA CLASSIFICACAO DAS PROPOSTAS
Processo:00080-00130950/2019-98
A Comissao de selecao e habilitacao, composta pelos servidores designada por meio da Instrucao no 33, de 04
de julho de 2019, e alteracoes, torna publico o julgamento da proposta DINAMICOS INSTITUTO DE
DESENVOLVIMENTO SUSTENTAVEL, Projeto Educacao do Seculo XXI, que foi desclassificada. Informa-
se que a proposta foi submetida tempestivamente, entretanto, houve um erro na transferencia de arquivos do
SIGFAP para o processo SEI que ocasionou a nao analise da referida proposta juntamente com as demais. Nos
termos do art. 21 do Decreto no 37.843/2016, a organizacao da sociedade civil podera interpor recurso deste
resultado provisorio, no prazo de 5 dias, a contar da publicacao no Diario Oficial do Distrito Federal. A
comissao informa que, findo o prazo recursal, sera publicado o resultado definitivo. COMISSAO DE
SELECAO E HABILITACAO - Membros: JUAN JAIRO SILVA FERREIRA SANTOS, matricula no
1.690.536-9, HELBER RICARDO PEREIRA, matricula 243.204-8, OSLANDEJOU DE S A N TA N A
OLIVEIRA, matricula 275.313-8, JAQUELINE FERNANDES, matricula 275.399-5, ALESSANDRA DO
VALLE ABRAHAO, matricula no 1.693.198-X, DEISE GUEDES ORLANDO, matricula no 1.690.992-3,
RADSON LIMA VILA VERDE, matricula no 181.125-8 , MARIA APARECIDA DA SILVA PRADO,
matricula no 37.383-4 e ELAINE CRISTINA SAMPAIO, matricula no 211.684-7.
SECRETARIA DE ESTADO DE SEGURANCA PUBLICA
SUBSECRETARIA DE ADMINISTRACAO GERAL
COORDENACAO DE LICITACOES, CONTRATOS E CONVENIOS
AVISO DE ADJUDICACAO E HOMOLOGACAO - SRP
PREGAO ELETRONICO No 37/2019
Processo: 00050-00043114/2019-86. TIPO: Menor Preco. OBJETO: Registro de Precos para futura
aquisicao de materiais para manutencao e conservacao de bens imoveis (materiais de construcao), visando
atender demanda para adequacao dos ambientes que receberao 12 (doze) scanners corporais, reformas
estruturais no CIR e CDP, reforma das guaritas do complexo penitenciario da Papuda e outras demandas
do sistema prisional e demais edificios da Secretaria de Estado de Seguranca Publica do Distrito Federal.
A SSPDF informa, com fulcro no inciso IX do artigo 17, e inciso VI do Artigo 13 do Decreto no
10.024/2019, a ADJUDICACAO do item 8 a ABV Construcoes LTDA, CNPJ 01.911.452/0001-98, no
valor unitario de R$ 108,90; do item 12 a G P Comercio e Servicos Ltda., CNPJ 04.375.274/0001-16, no
valor unitario de R$ 59,55; do item 24 a MP Industria de Tintas Ltda., CNPJ 11.473.990/0001-00, no valor
unitario de R$ 155,99; dos itens 9 e 21 a ALMIX Comercio de Suprimentos EIRELI, CNPJ
11.594.621/0001-67, no valor unitario de R$ 67,87 e R$ 3.",AVISO DE ADJUDICACAO E HOMOLOGACAO
