,local,text,
0,32288201-32288223,"bil, financeiro, administrativo e de recursos humanos, com emissao de parecer de auditoria das
demonstracoes contabeis e financeiras, nos termos do Projeto Basico e do Edital. Partes: Centrais de
Abastecimento do Distrito Federal S/A - CEASA/DF e a Empresa METROPOLES Solucoes Empresariais
Eireli - EPP (CNPJ 07.843.902/0001-39). Valor: R$ 7.300,00 (sete mil e trezentos Reais). Dotacao
Orcamentaria: UO 14202; Fonte 51; Programa 04.122.6001.8517.6978 (Manutencao de Servicos
Administrativos); Grupo 33; Esfera 4. Empenho 2019NE000109. Vigencia: 12 (doze) meses, contados da
data de assinatura. Data da Assinatura: 26 de marco de 2019. Pela CEASA/DF: Wilder da Silva Santos -
Presidente. Pela Contratada - Fabia Marques Braga, na qualidade de representante legal.
SECRETARIA DE ESTADO DE SEGURANCA PUBLICA
SUBSECRETARIA DE ADMINISTRACAO GERAL
COORDENACAO DE LICITACOES, CONTRATOS E CONVENIOS
AVISO DE ABERTURA DE LICITACAO
PREGAO ELETRONICO No 33/2018
PARTICIPACAO EXCLUSIVA DE ME/EPP
PROCESSO: 00050-00048214/2018-18. TIPO: Menor Preco. OBJETO: Registro de precos para futura
aquisicao de cartuchos de toner para impressora multifuncional marca Brother, modelo MFC-8952DW, a
fim de atender demanda da Secretaria de Estado de Seguranca Publica, conforme especificacoes e
quantitativos constantes no Termo de referencia que segue como Anexo I do Edital. VALOR ESTIMADO:
R$ 41.250,00. PRAZOS: Entrega: ate 30 dias corridos contados do recebimento da Nota de Empenho e/ou
da assinatura do contrato. Vigencia: da Ata de Registro de Precos: 12 meses; do Contrato: 90 (noventa)
dias a partir da data da assinatura. DATA DA SESSAO PUBLICA: 08/04/2019 as 15:00 horas no
www.comprasgovernamentais.gov.br. UASG 450107. Edital esta disponivel no endereco acima e no
h t t p : / / l i c i t a c o e s . s s p . d f . g o v. b r.
Brasilia/DF, 25 de marco de 2019.
AMILCAR UBIRATAN URACH VIEIRA
Coordenador de Licitacoes, Contratos e Convenios
AVISO DE ABERTURA DE LICITACAO
PREGAO ELETRONICO No 36/2018
PROCESSO: 00050-00049042/2018-08. TIPO: Menor Preco. OBJETO: Contratacao de empresa
especializada para realizacao de servico de locacao de 10 (dez) equipamentos de Raio X (body scan e seus
perifericos), compreendendo servico de locacao dos equipamentos, manutencoes preventivas e corretivas
dos equipamentos e cursos de treinamento para os operadores das maquinas, pelo periodo de 48 meses,
para inspecao corporal para os internos da Subsecretaria do Sistema Penitenciario da Secretaria de Estado
da Seguranca Publica. VALOR ESTIMADO: R$ 7.642.800,00. PRAZOS: De instalacao dos equipamentos
e seus perifericos devidamente configurado e pronto para funcionamento, sera de ate 90 (noventa) dias
apos recebimento da Ordem de Servico. De Vigencia: do Contrato: 48 (quarenta e oito) meses a partir da
data da assinatura. DATA DA SESSAO  PUBLICA: 10/04/2019 as 09:00 horas no
www.comprasgovernamentais.gov.br. UASG 450107. Edital esta disponivel no endereco acima e no
h t t p : / / l i c i t a c o e s . s s p . d f . g o v. b r.
Brasili",AVISO DE ABERTURA DE LICITACAO
1,44208572-44208594,"rar legais, para fim de registro, as concessoes em exame, a seguir relacionadas, ressalvando
que a regularidade das parcelas dos respectivos abonos provisorios sera verificada na forma do item I da
Decisao no 77/2007, adotada no Processo no 24.185/2007: Ato no 0061737, MARIA INES DE OLIVEIRA,
APOSENTADORIA, SE, Professor; Ato no 0091119, MARIA NEIDE MARTINS CARDOSO,
APOSENTADORIA, SE, Professor de Educacao Basica; Ato no 0123865, MARIA CARDOSO LOURENCO
DA SILVA, APOSENTADORIA, SE, Professor de Educacao Basica; Ato no 0139112, MARCIO
CAUVILLE, APOSENTADORIA, SE, Professor de Educacao Basica; Ato no 0152779, UVERLANDO
TEIXEIRA DA SILVA, APOSENTADORIA, SE, Professor de Educacao Basica; Ato no 0153183,
MARILENE LEMOS DE BARROS, APOSENTADORIA, SE, Professor de Educacao Basica; Ato no
0158024, ZELMA LUZ DE SOUSA, APOSENTADORIA, SE, Professor de Educacao Basica; Ato no
0165032, JOSE ULISSES DA SILVA, APOSENTADORIA, SE, Professor de Educacao Basica; Ato no
0168368, DALMO VIEIRA SANTOS, APOSENTADORIA, SE, Professor de Educacao Basica; Ato no
0173741, MARIA APARECIDA GOMES RIBEIRO DOS SANTOS, APOSENTADORIA, SE, Professor de
Educacao Basica; II - autorizar o arquivamento do feito.
PROCESSO No 7420/2019-e - Pregao Eletronico no 36/2018 - SSP/DF, objetivando a locacao de 10 (dez)
equipamentos de Raio X (body scan e seus perifericos), compreendendo os servicos de locacao dos
equipamentos, de manutencoes preventivas e corretivas e de cursos de treinamento, para inspecao corporal
dos internos da Subsecretaria do Sistema Penitenciario da Secretaria de Estado de Seguranca Publica do
Distrito Federal DECISAO No 1169/2019 - O Tribunal, por unanimidade, de acordo com o voto do Relator,
decidiu: I - tomar conhecimento do Edital de Pregao Eletronico no 36/2018, lancado pela Secretaria de Estado
de Seguranca Publica do Distrito Federal (Peca 02, e-doc F2069EC8-e), do e-mail da Coordenacao de
Licitacao, Contratos e Convenios/SSP, de 28/03/2019 (Peca 4, e-doc 986DDBFC-e), do Processo SEI no
00050-00049042/2018-08 (Peca 5, e-doc FC41CA08-e); II - determinar a SSP/DF e ao pregoeiro que, nos
termos do estabelecido no art. 277 do RI/TCDF, c/c o art. 113,  2o, da Lei no 8.666/1993, deixem de
homologar o certame, ate ulterior manifestacao da Corte, encaminhando ao Tribunal o estudo de viabilidade
economica fazendo comparativo entre aquisicao e locacao dos equipamentos, conforme exigido na Decisao
Normativa no 01/2011, do TCDF; III - autorizar: a) o envio a Jurisdicionada de copia do relatorio/voto do
Relator, bem como da instrucao, com vistas a subsidiar o cumprimento do item II; b) o retorno dos autos a
Secretaria de Fiscalizacao Especializada, para os devidos fins.
R E L ATA D O (S) PELO CONSELHEIRO ANTONIO RENATO ALVES RAINHA
PROCESSO No 29596/2010 - Representacoes formalizadas pelo Sindicato dos Servidores e Empregados da
Administracao Direta, Fundacional, das Autarquias, Empresas Publicas e Sociedades de Economia Mista do
Distrito Federal - SINDSER, e, na sequencia, pelo Ministerio Publico junt",N�o identificado
2,90530069-90530091,"7.0093;
Projeto/Atividade/Denominacao: MANUTENCAO DE SERVICOS ADMINISTRATIVOS GERAIS -
EMATER - DISTRITO FEDERAL; Natureza da Despesa: 33.90.30; Fonte de Recurso: 100; Valor Total: R$
16.198,00 (dezesseis mil cento e noventa e oito reais). Fundamento Legal: O presente Contrato obedece aos
termos da Cotacao Eletronica n 10/2019-EMATER-DF, ao Projeto Basico, a Proposta de Preco, ao
Regulamento de Licitacoes e Contratos da EMATER-DF combinado com a Lei no 13.303 de 30 de junho de
2016 e alteracoes, a Lei no 8.666, de 21 de junho de 1993 e suas alteracoes e demais legislacoes aplicaveis.
Assinatura: 18/07/2019. Vigencia: 12 (doze) meses a contar da assinatura. Signatarios: P/EMATER-DF: Denise
Andrade de Fonseca-Presidente. P/Contratada: Alexandre Natividade Bueno.
SECRETARIA DE ESTADO DE CIENCIA,
TECNOLOGIA E INOVACAO
FUNDACAO DE APOIO A PESQUISA DO DISTRITO FEDERAL
ATUALIZACAO DE VALORES DE REFERENCIA
EDITAL 03/2018 - DEMANDA ESPONTANEA
SELECAO PUBLICA DE PROPOSTAS DE PESQUISA CIENTIFICA,
TECNOLOGICA E INOVACAO
O DIRETOR-PRESIDENTE DA FUNDACAO DE APOIO A PESQUISA DO DISTRITO FEDERAL
- FAPDF, no uso de suas atribuicoes legais, consubstanciadas no art. 14, do Decreto no 27.958, de
16 de maio de 2007, o qual aprovou o Estatuto Social da FAPDF e com fundamento no art. 13 do
Regimento Interno, resolve: TORNAR PUBLICA a atualizacao de valores de referencia referente ao
Decreto no 9.412, de 18 de junho de 2018 que tratou da atualizacao dos valores das modalidades de
licitacao de que trata o art.23 da Lei no 8.666, de 21 de junho de 1993. Os itens do Edital e do TOA
que tratam de compras e contratacao de servicos que tinham o valor de R$ 8.000,00 (oito mil reais)
como referencia, passam a ter o valor de R$ 17.600,00 (dezessete mil e seiscentos reais).
ALEXANDRE ANDRE DOS SANTOS
SECRETARIA DE ESTADO DE SEGURANCA PUBLICA
SUBSECRETARIA DE ADMINISTRACAO GERAL
COORDENACAO DE LICITACOES, CONTRATOS E CONVENIOS
AVISO DE ADJUDICACAO E HOMOLOGACAO
PREGAO ELETRONICO No 36/2018
PROCESSO; 00050-00049042/2018-08. TIPO: Menor Preco. OBJETO: Contratacao de empresa especializada
para realizacao de servico de locacao de 10 (dez) equipamentos de Raio X (body scan e seus perifericos),
compreendendo servico de locacao dos equipamentos, manutencoes preventivas e corretivas dos equipamentos
e cursos de treinamento para os operadores das maquinas, pelo periodo de 48 meses, para inspecao corporal para
os internos da Subsecretaria do Sistema Penitenciario da Secretaria de Estado da Seguranca Publica. A SSPDF
com fulcro nos incisos V e VI, do artigo 8o, do Decreto no 5.450/2005, informa a ADJUDICACAO do objeto a
empresa NUCTECH do Brasil LTDA, CNPJ: 19.892.624/0001-99, no valor total para 48 meses de R$
4.560.000,00; e a HOMOLOGACAO do certame.
Brasilia/DF, 18 de julho de 2019
AMILCAR UBIRATAN URACH VIEIRA
Coordenador de Licitacoes, Contratos e Convenios
AVISO DE ADJUDICACAO E HOMOLOGACAO
PREGAO ELETRONICO No 16/2019
PROCESSO: 00050-00047771/2018-11. TIPO: Menor Preco. OBJETO: Aquisicao de tiras de sandal",AVISO DE ADJUDICACAO E HOMOLOGACAO
3,108071061-108071083,", que tem como objeto
os servicos remanescentes de construcao de pavimento rigido e barreira de concreto no BRT eixos-sul, ciclovia
e rejuvenescimento do pavimento, na DF-047/DF-002, tudo conforme especificacoes nos Anexos do Edital de
Concorrencia no 006/2017, Processo SEI 0113-028422/2017.
Art. 2o Esta Ordem de Servico entra em vigor na data de sua publicacao.
CRISTIANO ALVES CAVALCANTE
PAGINA 20
No 164, quinta-feira, 29 de agosto de 2019
Diario Oficial do Distrito Federal
Este documento pode ser verificado no endereco eletronico h t t p : / / w w w. i n . g o v. b r / a u t e n t i c i d a d e . h t m l
pelo codigo 50012019082900020
Documento assinado digitalmente conforme MP no 2.200-2 de 24/08/2001, que institui a
Infraestrutura de Chaves Publicas Brasileira - ICP-Brasil.
em especial, ao que dispoe o art. 66, c/c o 1o, art. 67, da Lei no 8.666/93, assim como, no que couber, a
Instrucao Normativa no 05, de 25/05/2017, do Ministerio do Planejamento, Desenvolvimento e Gestao.
Art. 11. Convalidar os atos praticados a partir de primeiro de agosto de 2019.
Art. 12. Esta Ordem de Servico entra em vigor na data de sua publicacao.
ALVARO HENRIQUE FERREIRA DOS SANTOS
ORDEM DE SERVICO No 244, DE 27 DE AGOSTO DE 2019
O SUBSECRETARIO DE ADMINISTRACAO GERAL, DA SECRETARIA DE ESTADO DE
SEGURANCA PUBLICA DO DISTRITO FEDERAL, no uso das atribuicoes que lhe confere a Portaria de
Delegacao de Competencia no 141-SSP/DF, de 30/06/2015, e com base no artigo 102, incisos I e V, do
Regimento Interno da Secretaria de Estado de Seguranca Publica do Distrito Federal, aprovado pelo Decreto
no 28.691, de 17 de janeiro de 2008; e, em conformidade com os termos do inciso II, artigo 41 do Decreto no
32.598, de 15 de dezembro de 2010, c/c o artigo 67 da Lei no 8.666/1993, resolve:
Art. 1 Designar os servidores conforme elencados nos incisos abaixo, na condicao de executores e suplentes,
do Contrato de Prestacao de Servicos no 045/2019-SSP/DF, originario do Processo de Prestacao de Servicos
no 00050-00049042/2018-08, firmado com a NUCTECH DO BRASIL LTDA, tendo por objeto a prestacao
de servicos de locacao de 10 (dez) equipamentos de Raio X (body scan e seus perifericos), compreendendo
servico de locacao dos equipamentos, manutencoes preventivas e corretivas dos equipamentos e cursos de
treinamento para os operadores das maquinas, pelo periodo de 48 meses, para inspecao corporal para os
internos da Subsecretaria do Sistema Penitenciario da Secretaria de Estado de Seguranca Publica:
I- FRANCISCA MARCIA BELTRAO ALVES, matricula no 194.112-7 e LEANDRA MENDANHA DA
SILVA, matricula no 187.606-6, respectivamente, como Executor Central e Suplente ;
II- ANGELO FRECHIANI ZANELLO FRAGOMENI, matricula no 1.686.314-3 e FERNANDO GODOY
DE CARVALHO, matricula no 1.688.163-X, respectivamente, como Executor Local e Suplente, para atender
a Penitenciaria I do Distrito Federal - PDF I;
III- RAMON AMORIM MARTINS, matricula no 1.692.798-2 e GUILHERME CASTRO ALMADA,
matricula no 185.656-1, respectivamente, como Executo",Designar
4,156390402-156390424," Executora e Suplente, respectivamente, do Contrato para
Aquisicao de Bens no 078/2019-SSPDF, originario do Processo: 00050-00050262/2019-57, firmado entre
o FUNDO PENITENCIARIO DO DISTRITO FEDERAL - FUNPDF e a empresa VICENTE XISTO
CUPERTINO - EPP, que tem por objeto a aquisicao de 12 (doze) mesas em aco inox.
Art. 6 Dispensar TUCSON HERINGER PINHEIRO, matricula 193.834-7, e MARCIO WILLIAN DIAS
BARBOSA, matricula 176.360-1, da funcao de Executor local e Suplente local para atender a PDF-II,
respectivamente, do Contrato para Prestacao de Servicos no 09/2017-SSPDF, originario do Processo: 0050-
000073/2014, firmado entre a SECRETARIA DE ESTADO DE SEGURANCA PUBLICA DO DI S T R I TO
FEDERAL e a empresa NUCTECH DO BRASIL, que tem por objeto a contratacao de empresa
especializada na prestacao de servicos de manutencao preventiva e corretiva para 02 (dois) aparelhos e
equipamentos de Raio X do tipo Body Scan, com fornecimento de pecas, instalados nas unidades do
Sistema Penitenciario do Distrito Federal.
Art. 7 Designar MARCIO WILLIAM DIAS BARBOSA, matricula 176.360-1, e CAMILA GOMES DA
SILVA BELTRAO, matricula 1.692.818-0, como Executor local e Suplente local para atender a PDF-II,
respectivamente, do Contrato para Prestacao de Servicos no 09/2017-SSPDF, originario do Processo: 0050-
000073/2014, firmado entre a SECRETARIA DE ESTADO DE SEGURANCA PUBLICA DO DI S T R I TO
FEDERAL e a empresa NUCTECH DO BRASIL LTDA, que tem por objeto a contratacao de empresa
especializada na prestacao de servicos de manutencao preventiva e corretiva para 02 (dois) aparelhos e
equipamentos de Raio X do tipo Body Scan, com fornecimento de pecas, instalados nas unidades do
Sistema Penitenciario do Distrito Federal.
Art. 8 Dispensar TUCSON HERINGER PINHEIRO, matricula 193.834-7, e MARCIO WILLIAN DIAS
BARBOSA, matricula 176.360-1, da funcao de Executor local e Suplente local para atender a PDF-II,
respectivamente, do Contrato para Prestacao de Servicos no 45/2019-SSPDF, originario do Processo:
00050-00049042/2018-08, firmado entre a SECRETARIA DE ESTADO DE SEGURANCA PUBLICA
DO DISTRITO FEDERAL e a empresa NUCTECH DO BRASIL LTDA, que tem por objeto a contratacao
de empresa especializada para realizacao de servico de locacao de 10 (dez) equipamentos de Raio X (body
scan e seus perifericos), compreendendo servico de locacao dos equipamentos, manutencoes preventivas e
corretivas dos equipamentos e cursos de treinamento para os operadores das maquinas, pelo periodo de 48
meses, para inspecao corporal para os internos da Subsecretaria do Sistema Penitenciario da Secretaria de
Estado de Seguranca Publica.
Art. 9 Designar MARCIO WILLIAM DIAS BARBOSA, matricula 176.360-1, e CAMILA GOMES DA
SILVA BELTRAO, matricula 1.692.818-0, como Executor local e Suplente local para atender a PDF-II,
respectivamente, do Contrato para Prestacao de Servicos no 45/2019-SSPDF, originario do Processo:
00050-00049042/2018-08, firmado entre a SECRETARIA DE ESTADO DE SEGURANCA PUBLICA
DO DISTRITO FEDERAL e a empresa NUCTECH DO ", Dispensar
5,156391299-156391321," do tipo Body Scan, com fornecimento de pecas, instalados nas unidades do
Sistema Penitenciario do Distrito Federal.
Art. 7 Designar MARCIO WILLIAM DIAS BARBOSA, matricula 176.360-1, e CAMILA GOMES DA
SILVA BELTRAO, matricula 1.692.818-0, como Executor local e Suplente local para atender a PDF-II,
respectivamente, do Contrato para Prestacao de Servicos no 09/2017-SSPDF, originario do Processo: 0050-
000073/2014, firmado entre a SECRETARIA DE ESTADO DE SEGURANCA PUBLICA DO DI S T R I TO
FEDERAL e a empresa NUCTECH DO BRASIL LTDA, que tem por objeto a contratacao de empresa
especializada na prestacao de servicos de manutencao preventiva e corretiva para 02 (dois) aparelhos e
equipamentos de Raio X do tipo Body Scan, com fornecimento de pecas, instalados nas unidades do
Sistema Penitenciario do Distrito Federal.
Art. 8 Dispensar TUCSON HERINGER PINHEIRO, matricula 193.834-7, e MARCIO WILLIAN DIAS
BARBOSA, matricula 176.360-1, da funcao de Executor local e Suplente local para atender a PDF-II,
respectivamente, do Contrato para Prestacao de Servicos no 45/2019-SSPDF, originario do Processo:
00050-00049042/2018-08, firmado entre a SECRETARIA DE ESTADO DE SEGURANCA PUBLICA
DO DISTRITO FEDERAL e a empresa NUCTECH DO BRASIL LTDA, que tem por objeto a contratacao
de empresa especializada para realizacao de servico de locacao de 10 (dez) equipamentos de Raio X (body
scan e seus perifericos), compreendendo servico de locacao dos equipamentos, manutencoes preventivas e
corretivas dos equipamentos e cursos de treinamento para os operadores das maquinas, pelo periodo de 48
meses, para inspecao corporal para os internos da Subsecretaria do Sistema Penitenciario da Secretaria de
Estado de Seguranca Publica.
Art. 9 Designar MARCIO WILLIAM DIAS BARBOSA, matricula 176.360-1, e CAMILA GOMES DA
SILVA BELTRAO, matricula 1.692.818-0, como Executor local e Suplente local para atender a PDF-II,
respectivamente, do Contrato para Prestacao de Servicos no 45/2019-SSPDF, originario do Processo:
00050-00049042/2018-08, firmado entre a SECRETARIA DE ESTADO DE SEGURANCA PUBLICA
DO DISTRITO FEDERAL e a empresa NUCTECH DO BRASIL LTDA, que tem por objeto a contratacao
de empresa especializada para realizacao de servico de locacao de 10 (dez) equipamentos de Raio X (body
scan e seus perifericos), compreendendo servico de locacao dos equipamentos, manutencoes preventivas e
corretivas dos equipamentos e cursos de treinamento para os operadores das maquinas, pelo periodo de 48
meses, para inspecao corporal para os internos da Subsecretaria do Sistema Penitenciario da Secretaria de
Estado de Seguranca Publica.
Art. 10 Dispensar EUDISMAR DE ALBUQUERQUE LIMA, matricula 188.039-X da funcao de Executor
local, para atender a PFDF, do Contrato para Prestacao de Servicos no 45/2019-SSPDF, originario do
Processo: 00050-00049042/2018-08, firmado entre a SECRETARIA DE ESTADO DE SEGURANCA
PUBLICA DO DISTRITO FEDERAL e a empresa NUCTECH DO BRASIL LTDA, que tem por objeto
a contratacao de empresa especializada para reali",Dispensar 
6,156392115-156392137,"ral.
Art. 8 Dispensar TUCSON HERINGER PINHEIRO, matricula 193.834-7, e MARCIO WILLIAN DIAS
BARBOSA, matricula 176.360-1, da funcao de Executor local e Suplente local para atender a PDF-II,
respectivamente, do Contrato para Prestacao de Servicos no 45/2019-SSPDF, originario do Processo:
00050-00049042/2018-08, firmado entre a SECRETARIA DE ESTADO DE SEGURANCA PUBLICA
DO DISTRITO FEDERAL e a empresa NUCTECH DO BRASIL LTDA, que tem por objeto a contratacao
de empresa especializada para realizacao de servico de locacao de 10 (dez) equipamentos de Raio X (body
scan e seus perifericos), compreendendo servico de locacao dos equipamentos, manutencoes preventivas e
corretivas dos equipamentos e cursos de treinamento para os operadores das maquinas, pelo periodo de 48
meses, para inspecao corporal para os internos da Subsecretaria do Sistema Penitenciario da Secretaria de
Estado de Seguranca Publica.
Art. 9 Designar MARCIO WILLIAM DIAS BARBOSA, matricula 176.360-1, e CAMILA GOMES DA
SILVA BELTRAO, matricula 1.692.818-0, como Executor local e Suplente local para atender a PDF-II,
respectivamente, do Contrato para Prestacao de Servicos no 45/2019-SSPDF, originario do Processo:
00050-00049042/2018-08, firmado entre a SECRETARIA DE ESTADO DE SEGURANCA PUBLICA
DO DISTRITO FEDERAL e a empresa NUCTECH DO BRASIL LTDA, que tem por objeto a contratacao
de empresa especializada para realizacao de servico de locacao de 10 (dez) equipamentos de Raio X (body
scan e seus perifericos), compreendendo servico de locacao dos equipamentos, manutencoes preventivas e
corretivas dos equipamentos e cursos de treinamento para os operadores das maquinas, pelo periodo de 48
meses, para inspecao corporal para os internos da Subsecretaria do Sistema Penitenciario da Secretaria de
Estado de Seguranca Publica.
Art. 10 Dispensar EUDISMAR DE ALBUQUERQUE LIMA, matricula 188.039-X da funcao de Executor
local, para atender a PFDF, do Contrato para Prestacao de Servicos no 45/2019-SSPDF, originario do
Processo: 00050-00049042/2018-08, firmado entre a SECRETARIA DE ESTADO DE SEGURANCA
PUBLICA DO DISTRITO FEDERAL e a empresa NUCTECH DO BRASIL LTDA, que tem por objeto
a contratacao de empresa especializada para realizacao de servico de locacao de 10 (dez) equipamentos de
Raio X (body scan e seus perifericos), compreendendo servico de locacao dos equipamentos, manutencoes
preventivas e corretivas dos equipamentos e cursos de treinamento para os operadores das maquinas, pelo
periodo de 48 meses, para inspecao corporal para os internos da Subsecretaria do Sistema Penitenciario da
Secretaria de Estado de Seguranca Publica.
Art. 11 Designar RODRIGO WALTZ ALVES, matricula 176.535-3 como Executor local, para atender a
PFDF, do Contrato para Prestacao de Servicos no 45/2019-SSPDF, originario do Processo: 00050-
00049042/2018-08, firmado entre a SECRETARIA DE ESTADO DE SEGURANCA PUBLICA DO
DISTRITO FEDERAL e a empresa NUCTECH DO BRASIL LTDA, que tem por objeto a contratacao de
empresa especializada para realizacao de servico ", Designar
7,312001294-312001316,"S
SECRETARIA DE ESTADO DE SEGURANCA PUBLICA
CHEFIA DE GABINETE
ORDEM DE SERVICO No 05, DE 06 DE MARCO DE 2020
O CHEFE DE GABINETE, DA SECRETARIA DE ESTADO DE SEGURANCA PUBLICA DO
DISTRITO FEDERAL, no uso das atribuicoes que lhe conferem o art. 1o, inciso V, alinea ""f"", da
Portaria no 17, de 03/02/2020, resolve:
Art. 1o Autorizar, com fundamento no Decreto no 39.573/2018, o afastamento, com onus integral ao
Distrito Federal, do servidor ALCIOMAR GOERSCH, Assessor Especial do Gabinete da SSP/DF,
matricula no 1.690.161-4, para participar do 1o Encontro Integrado de Seguranca Publica das Divisas,
no periodo de 04 a 06 de marco de 2020, na cidade de Uberaba - MG.
Art. 2o Esta Ordem de Servico entra em vigor na data de sua publicacao.
REINALDO COSME VILAR DE OLIVEIRA JUNIOR
No 47, quarta-feira, 11 de marco de 2020
PAGINA 35
Diario Oficial do Distrito Federal
Este documento pode ser verificado no endereco eletronico h t t p : / / w w w. i n . g o v. b r / a u t e n t i c i d a d e . h t m l
pelo codigo 500120200311 00035
Documento assinado digitalmente conforme MP no 2.200-2 de 24/08/2001, que institui a
Infraestrutura de Chaves Publicas Brasileira - ICP-Brasil.
SUBSECRETARIA DE ADMINISTRACAO GERAL
ORDEM DE SERVICO No 53, DE 09 DE MARCO DE 2020
O SUBSECRETARIO DE ADMINISTRACAO GERAL, DA SECRETARIA DE ESTADO DE
SEGURANCA PUBLICA DO DISTRITO FEDERAL, no uso das atribuicoes que lhe confere a Portaria no
141, de 30 de junho de 2015, desta Secretaria, cumulado com o inciso XI, artigo 28, do Regimento Interno
da Secretaria de Estado da Seguranca Publica do Distrito Federal, aprovado pelo Decreto no 40.079, de 04
de setembro de 2019; combinado com o artigo 67 da Lei no 8.666 de 21 de junho de 1993, resolve:
Art. 1 Dispensar FRANCISCA MARCIA BELTRAO ALVES, matricula no 194.112-7 e LEANDRA
MENDANHA DA SILVA, matricula no 187.606-6, da funcao de Executor e Suplente Centrais,
respectivamente, do Contrato de Prestacao de Servicos no 045/2019-SSP/DF, originario do Processo SEI-
GDF no 00050-00049042/2018-08, firmado com a empresa NUCTECH DO BRASIL LTDA, tendo por
objeto a prestacao de servicos de locacao de 10 (dez) equipamentos de Raio X (body scan e seus
perifericos), compreendendo servico de locacao dos equipamentos, manutencoes preventivas e corretivas
dos equipamentos e cursos de treinamento para os operadores das maquinas, pelo periodo de 48 meses,
para inspecao corporal para os internos da Subsecretaria do Sistema Penitenciario da Secretaria de Estado
de Seguranca Publica do Distrito Federal.
Art. 2 Designar LEANDRA MENDANHA DA SILVA, matricula no 187.606-6, e RAFAEL RODRIGUES
PRADO BORGES, matricula 194.829-6, como Executor e Suplente Centrais, respectivamente, do Contrato
de Prestacao de Servicos no 045/2019-SSP/DF, originario do Processo SEI-GDF no 00050-00049042/2018-
08, firmado com a empresa NUCTECH DO BRASIL LTDA, tendo por objeto a prestacao de servicos de
locacao de 10 (dez) equipamentos de Raio X (body scan e seus perifericos), compreendendo servico de
locacao dos equipa",Dispensar 
