,local,text,
0,161720735-161720757,": Prestacao de Servico de Assistencia Tecnica e
Extensao Rural - Apoio a Realizacao de Metodos Coletivos de Extensao Rural em Escolas - DF Entorno
e Prestacao de Servico de Assistencia Tecnica e Extensao Rural - Apoio a Agricultura Urbana na
Promocao do Ensino nas Escolas Do DF - (2019) - Df - Entorno; Natureza da Despesa: 33.90.30; Fontes
de Recursos: 100; Valor Total: R$ 520.042,50 (quinhentos e vinte mil e quarenta e dois reais e cinquenta
centavos). Fundamento Legal: O presente Contrato obedece aos termos do Edital do Pregao Eletronico no
014/2019-EMATER-DF e anexos, da Proposta Comercial, os termos da Lei no 10.520/2002, do Decreto
Federal n.o 5.450/2005, Decreto Distrital no 23.460/2002 e subsidiariamente, pela Lei n.o 8.666/1993 e
alteracoes subsequentes, observando a Lei Complementar n.o 123/2006, a Lei no 13.303/2016, o
Regulamento de Licitacoes e Contratos da EMATER-DF (RLC/EMATER-DF) e demais legislacoes
vigentes. Assinatura: 16/12/2019. Vigencia: 12 (doze) meses a contar da assinatura. Signatarios:
P/EMATER-DF: Denise Andrade de Fonseca-Presidente. P/Contratada: Nelci Afonso Bakof.
SECRETARIA DE ESTADO DE SEGURANCA PUBLICA
SUBSECRETARIA DE ADMINISTRACAO GERAL
COORDENACAO DE LICITACOES CONTRATOS E CONVENIOS
AV I S O
O COORDENADOR DE LICITACOES, CONTRATOS E CONVENIOS, DA SECRETARIA DE
ESTADO DE SEGURANCA PUBLICA DO DISTRITO FEDERAL, resolve: TORNAR SEM EFEITO a
publicacao do aviso de abertura de licitacao do Pregao Eletronico no 40/2019 que tem como objeto o
registro de precos para aquisicao de materiais para manutencao e conservacao de bens imoveis (materiais
de construcao) para atender demandas da Subsecretaria de Estado de Seguranca Publica do Distrito
Federal, referente ao Processo-SEI no 00050-00035446/2019-97, publicado no Diario Oficial do Distrito
Federal-DODF, no 238, de 16 de dezembro de 2019, pagina 36.
Brasilia/DF, 18 de dezembro de 2019.
AMILCAR UBIRATAN URACH
AVISO DE ABERTURA DE LICITACAO - SRP
PREGAO ELETRONICO No 31/2019
PROCESSO SEI-GDF: 00050-00034379/2019-93. TIPO: Menor Preco. OBJETO: Registro de Precos para
futura aquisicao de equipamentos para aparelhar as Unidades Basicas de Saude do Sistema Penitenciario
do Distrito Federal, a fim de corroborar com a assistencia medica, psicologica e social da massa carceraria
do Distrito Federal, para atender demandas da Secretaria de Estado de Seguranca Publica do Distrito
Federal. VALOR ESTIMADO: Sigiloso para as empresas e sera aberto apos o encerramento da etapa de
lances. PRAZOS: De entrega: 30 (trinta) dias contados do recebimento da Nota de Empenho ou da
assinatura do contrato. Vigencia da ata: 12 meses. Do Contrato: 120 (cento e vinte) dias a partir da data
da  assinatura. DATA  DA SESSAO  PUBLICA:  03/01/2020 as  9:30 horas  no
www.comprasgovernamentais.gov.br. UASG 450107. Edital esta disponivel no endereco acima e no
h t t p : / / w w w. s s p . d f . g o v. b r / l i c i t a c o e s / .
Brasilia/DF, 17 de dezembro de 2019.
AMILCAR UBIRATAN URACH VIEIRA
POLICIA MILITAR DO DISTRITO FEDERAL",AVISO DE ABERTURA DE LICITACAO
1,277081682-277081704,",00; Moises Antonio da Costa Lemos, R$ 12.000,00; Narjara Barbara Xavier Silva,
R$ 10.000,00; Natalia Koga, R$ 12.000,00; Natasha Fogaca, R$ 8.000,00; Paula Felipe Schlemper de
Oliveira, R$ 10.000,00; Paulo Vitor Fernandes Braz, R$ 8.000,00; Pedro Henrique Campelo, R$
8.000,00; Pedro Henrique de Oliveira Neto, R$ 10.000,00; Pedro Lucas de Moura Palotti, R$ 10.000,00;
Pollianna de Fatima Santos Freire, R$ 10.000,00; Rafael Benjamin Werneburg Evaristo, R$ 10.000,00;
Rafael Goncalves Fernandes, R$ 10.000,00; Rayssa Araujo Carnauba, R$ 10.000,00; Renata Correa
Ribeiro, R$ 8.000,00; Renata Gabriela de Morais Vargas, R$ 8.000,00; Renata Mourao Guimaraes, R$
6.000,00; Renato Caparroz, R$ 6.000,00; Rita de Cassia Marqueti Durigan, R$ 8.000,00; Roberto
Pimentel de Sousa Junior, R$ 10.000,00; Robson Rodrigues de Almeida, R$ 10.000,00; Roger Willy
Ribeiro dos Santos, R$ 10.000,00; Rozane Mendonca Cardoso de Morais, R$ 10.000,00; Samuel da Silva
Aguiar, R$ 10.000,00; Sandra Lucia Rodrigues da Rocha, R$ 10.000,00; Sarah dos Santos Conceicao, R$
8.000,00; Silvia Emanoella Silva Martins de Souza, R$ 10.000,00; Simone Batista Pires Sinoti, R$
8.000,00; Solene Adeline Marie, R$ 2.000,00; Taia Maria Berto Rezende, R$ 8.000,00; Teofilo Emidio
de Campos, R$ 10.000,00; Tiago de Carvalho Gallo Pereira, R$ 10.000,00; Tiago Gabriel Tasca, R$
8.000,00; Vander Ramos Alves, R$ 10.000,00; Veronica de Barros Slobodian Motta, R$ 2.000,00; Victor
Luna Picolo, R$ 2.000,00; Victor Petrogradskiy, R$ 12.000,00; Vinicius Alves Fernandes, R$ 8.000,00;
Viviane Vasconcellos Ferreira Grubisic, R$ 10.000,00; Wilfredo Fernando Leiva Maldonado, R$
10.000,00; Willian de Oliveira Barreiros Junior, R$ 2.000,00; Winnie Nascimento Silva Alves, R$
8.000,00; Yuri Silvestre Barbosa, R$ 8.000,00.
ALESSANDRO FRANCA DANTAS
SECRETARIA DE ESTADO DE SEGURANCA PUBLICA
SUBSECRETARIA DE ADMINISTRACAO GERAL
COORDENACAO DE LICITACOES, CONTRATOS E CONVENIOS
AVISO DE SUSPENSAO DE LICITACAO
PREGAO ELETRONICO No 31/2019
Processo: 00050-00034379/2019-93. Tipo: Menor Preco. OBJETO: Registro de Precos para futura
aquisicao de equipamentos para aparelhar as Unidades Basicas de Saude do Sistema Penitenciario do
Distrito Federal, a fim de corroborar com a assistencia medica, psicologica e social da massa carceraria do
Distrito Federal, para atender demandas da Secretaria de Estado de Seguranca Publica do Distrito Federal.
A SSP, nos termos do artigo 22 do Decreto 10.024/2019, recepcionado pelo Decreto distrital no
40.205/2019, comunica a suspensao da abertura deste certame para analise do Termo de Referencia, para
uma possivel alteracao de itens. A nova data da sessao publica sera informada por meio dos mesmos meios
de divulgacao utilizados anteriormente.
Brasilia/DF, 27 de dezembro de 2019.
AMILCAR UBIRATAN URACH VIEIRA
Coordenador
POLICIA MILITAR DO DISTRITO FEDERAL
DEPARTAMENTO DE SAUDE E ASSISTENCIA AO PESSOAL
EXTRATO DO 2o TERMO ADITIVO AO CONTRATO No 77/2017
Processo de origem: 054.002.237/2017. Processo SEI: 00054-00102943/2019-03;",AVISO DE SUSPENSAO DE LICITACAO
