,local,text,
0,127305827-127305849,"sileira - ICP-Brasil.
. 589/2019-42 Binder + FC Comunicacao
Ltda. - 72.190.242/0001-04
Conselheiros Tutelares SEJUS 145/2019 23/07/2019 200.000,00
. 704/2019-89 Propaganda Desigual Ltda. -
13.033.901/0001-21
Nota Legal SEEC 178/2019 03/09/2019 3.000.000,00
. 717/2019-58 Binder + FC Comunicacao
Ltda. - 72.190.242/0001-04
Matriculas 2020 SEDF 188/2019 24/09/2019 800.000,00
. TOTAL DE CAMPANHAS DE UTILIDADE PUBLICA EMPENHADAS NO 3o TRIMESTRE 6.400.000,00
. TOTAL DE CAMPANHAS EMPENHADAS NO 3o TRIMESTRE 39.545.004,00
(*) - Codigo de Processos 04000.
2.3. TOTAL DE DESPESA COM PUBLICIDADE LIQUIDADA NO 3o TRIMESTRE DE 2019
. Publicidade de Utilidade Publica Liquidada no 3o Trimestre de 2019 5.879.854,14
. Publicidade Institucional Liquidada no 3o Trimestre de 2019 14.519.639,19
. Publicidade Legal Liquidada no 3o Trimestre de 2019 554.420,05
. Total Geral de Despesa Liquidada no 3o Trimestre de 2019 20.953.913,38
3. SALDOS (posicao em 30/09/2019 - Fonte SiGGo)
3.1. EMPENHOS
. Saldo de Empenhos Publicidade Institucional 29.562.212,53
. Saldo de Empenhos Publicidade de Utilidade Publica 8.309.037,12
. Total Saldo de Empenhos 37.871.249,65
3.2. ORCAMENTARIOS/CREDITOS DISPONIVEIS
. Saldo Orcamentario Publicidade Institucional 554.996,62
. Saldo Orcamentario Publicidade de Utilidade Publica 175.824,61
. Total Saldo Orcamentario 730.821,23
3.3. ORCAMENTOS BLOQUEADOS/CONTINGENCIADOS
. Saldo Orcamento Publicidade Institucional Bloqueado/Contingenciado 4.983.220,38
. Saldo Orcamento Publicidade de Utilidade Publica Bloqueado/Contingenciado 4.323.446,39
. Total Orcamento Bloqueado/Contingenciado 9.306.666,77
4. Para mais informacoes acessar www.transparencia.df.gov.br/#/prestando-contas/gastos-publicidade e www.comunicacao.df.gov.br.
ADEVAGNER BEZERRA
SECRETARIA DE ESTADO DE SEGURANCA PUBLICA
SUBSECRETARIA DE ADMINISTRACAO GERAL
COORDENACAO DE LICITACOES, CONTRATOS E CONVENIOS
AVISO DE ABERTURA DE LICITACAO
PREGAO ELETRONICO No 09/2019
PARA PARTICIPACAO EXCLUSIVA DE ME/EPP
Processo: 00050-00018691/2018-59. TIPO: Menor Preco. OBJETO: Registro de precos para futura
aquisicao de equipamentos (escada telescopica, esclerometro, detector de metais, fissurometro, chave teste,
termometro, alicate wattimetro, alicate terrometro, anemometro, luximetro, decibelimetro, escalimetro,
nivelador a laser, lona de PVC, bota de PVC, colete de sinalizacao, gerador portatil, fita de isolamento de
area, mascara facial inteira, par de luva de vaqueta, cone para sinalizacao, lanterna ante explosao, detector
de gases, estacao de calibracao detector de gases, oculos de protecao), para atender demanda da
Coordenacao de Engenharia e Arquitetura/COENG e da Subsecretaria do Sistema de Defesa Civil da
Secretaria de Estado de Seguranca Publica do Distrito Federal. VALOR ESTIMADO: R$ 169.385,21.
PRAZOS: Entrega: ate 30 dias corridos contados da data de recebimento da Nota de Empenho ou da
assinatura do contrato, quando houver contrato. Vigencia: da Ata de Registro de Precos: 12 meses; do
Contrato: 120 (cento e vinte) ",AVISO DE ABERTURA DE LICITACAO
1,141947477-141947499,"azlandia, Lago Norte, Paranoa, Planaltina, Plano Piloto (Asa
Norte) e Sao Sebastiao, conforme descricao, caracteristicas, prazos, condicoes e demais obrigacoes e
informacoes constantes dos Anexos do Edital, sagrou-se vencedora a empresa, CONCRETIZE
ENGENHARIA E PROJETOS LTDA, CNPJ: 21.629.620/0001-64, para os itens 1, 2, 3 e 4 com o menor
valor global de R$ 49.613,25 (quarenta e nove mil, seiscentos e treze reais e vinte e cinco centavos),
acrescentado do BDI, 24,68% que corresponde ao valor de R$ 12.244,55 (doze mil, duzentos e quarenta
e quatro reais e cinquenta e cinco centavos), perfazendo o valor total do certame em R$ 61.857,80
(sessenta e um mil, oitocentos e cinquenta e sete reais e oitenta centavos). A ata e o termo de adjudicacao
do pregao podem ser visualizados nos sites www.comprasgovernamentais.gov.br e no portal
www.agricultura.df.gov.br, SEAGRI/DF, ""Edital"".
EDILENE DIAS CERQUEIRA
Pregoeira
CENTRAL DE ABASTECIMENTO DE BRASILIA
EXTRATO DE CONTRATO
Contrato de prestacao de servicos no 016/2019. Objeto: Contratacao de servico tecnico profissional
especializado para realizacao de capacitacao em educacao corporativa pela metodologia de Jogos
Empresariais a serem ministrados durante o mes de aniversario da CEASA-DF para todos os empregados
da Centrais de Abastecimento do Distrito Federal - CEASA-DF. Processo: 00071-00001239/2019-36.
Partes CEASA/DF e SINERGIA TREINAMENTO E DESENVOLVIMENTO PROFISSIONAL LTDA,
(CNPJ: 20.678.129/0001-60). Data de Assinatura: 24/10/2019. Prazo de vigencia: A vigencia do contrato
sera de 60 (sessenta) dias a contar da assinatura. Valor: R$ 31.200,00 (trinta e um mil e duzentos reais).
Assinaturas: pela CEASA/DF: Wilder da Silva Santos (Presidente); pela contratada: Calina Ligia Ferreira
de Freitas (Representante Legal).
SECRETARIA DE ESTADO DE SEGURANCA PUBLICA
SUBSECRETARIA DE ADMINISTRACAO GERAL
COORDENACAO DE LICITACOES CONTRATOS E CONVENIOS
AVISO DE ADJUDICACAO E HOMOLOGACAO - SRP
PREGAO ELETRONICO No 09/2019-SSPDF
Processo: 00050-00018691/2018-59. TIPO: Menor Preco. OBJETO: Registro de precos para futura
aquisicao de equipamentos (escada telescopica, esclerometro, detector de metais, fissurometro, chave teste,
termometro, alicate wattimetro, alicate terrometro, anemometro, luximetro, decibelimetro, escalimetro,
nivelador a laser, lona de PVC, bota de PVC, colete de sinalizacao, gerador portatil, fita de isolamento de
area, mascara facial inteira, par de luva de vaqueta, cone para sinalizacao, lanterna ante explosao, detector
de gases, estacao de calibracao detector de gases, oculos de protecao), para atender demanda da
Coordenacao de Engenharia e Arquitetura/COENG e da Subsecretaria do Sistema de Defesa Civil da
Secretaria de Estado de Seguranca Publica do Distrito Federal. A SSPDF informa, com fulcro no inciso IX
do artigo 17, e inciso VI do Artigo 13 do Decreto no 10.024/2019, a ADJUDICACAO do item 12 a
Sebastiao Pereira Rodrigues, CNPJ 08.611.008/000-04, no valor total de R$ 518,00; do item 06 a Casa da
Instrumentacao LTDA.",AVISO DE ADJUDICACAO E HOMOLOGACAO
