,local,text,
0,118634450-118634472,"de
Despesa: 33.90.20; VIGENCIA: termino do evento. DATA DA ASSINATURA: 08/08/2019; SIGNATARIOS:
pela OUTORGANTE: ALEXANDRE ANDRE DOS SANTOS, Diretor-Presidente; como ORTO R G A D O :
Mylene Christine Queiroz de Farias.
Processo: 00193-00000767/2019-09. Especie: Termo de Outorga e Aceitacao de Apoio Financeiro no 144/2019
- Selecao Publica de Propostas de Apoio a Participacao em Eventos, Cursos de Curta Duracao ou Visitas
Tecnicas de Natureza Cientifica, Tecnologica e de Inovacao - Edital no 01/2019 - FAPDF; PARTES: Fundacao
de Apoio a Pesquisa do Distrito Federal (FAPDF) como OUTORGANTE; e do outro lado, Maira Martins
Moraes Vitorino como OUTORGADO. OBJETO: Conceder apoio financeiro a participacao no (a) XVI
Congreso Internacional Asociacion de Historiadores de la Comunicacion. NOTA DE EMPENHO
2019NE00492, Data: 25/07/2019, Valor: R$ 10.000,00; Programa de Trabalho: 19573620727860008; Fonte:
100; Natureza de Despesa: 33.90.20; VIGENCIA: termino do evento. DATA DA ASSINATURA: 06/08/2019;
SIGNATARIOS: pela OUTORGANTE: ALEXANDRE ANDRE DOS SANTOS, Diretor-Presidente; como
ORTORGADO: Maira Martins Moraes Vitorino.
EXTRATO DE TERMO DE CESSAO DE USO No 02/2019.
PROCESSO: 04018-00000075/2019-34. PARTES: FUNDACAO DE APOIO A PESQUISA DO DISTRITO
FEDERAL X SECRETARIA DE ESTADO DE GOVERNO DO DISTRITO FEDERAL. FUNDAMENTO
LEGAL: art. 48 da Lei Organica do Distrito Federal. OBJETO: Cessao de Uso de bens moveis, de propriedade
da FAPDF, para uso da Secretaria de Estado de Governo do Distrito Federal. VIGENCIA: 48 (quarenta e oito)
meses, a contar da data de sua assinatura. DATA DA ASSINATURA: 11/09/2019. SIGNATARIOS: Pela
Cedente, ALEXANDRE ANDRE DOS SANTOS, na qualidade de Diretor-Presidente e pela Cessionaria, JOSE
HUMBERTO PIRES DE ARAUJO, na qualidade de Secretario de Estado- Chefe.
SECRETARIA DE ESTADO DE SEGURANCA PUBLICA
SUBSECRETARIA DE ADMINISTRACAO GERAL
COORDENACAO DE LICITACOES, CONTRATOS E CONVENIOS
AVISO DE ABERTURA DE LICITACAO
PREGAO ELETRONICO No 23/2019
Processo: 00050-00003463/2019-65. Tipo: Menor Preco. Objeto: Contratacao de empresas especializadas para
a prestacao de servico continuo, comum de preparacao e fornecimento de alimentacoes diarias para pessoas
privadas de liberdade, recolhidas no Centro de Progressao Penitenciaria - CPP e na Penitenciaria Feminina do
Distrito Federal - PFDF, unidades que compoem o Sistema Penitenciario do Distrito Federal, conforme
especificacoes, condicoes e exigencias do Termo de Referencia que segue como Anexo I do Edital. VALOR
TOTAL ESTIMADO: R$ 55.978.668,00 DOTACAO: UO 24.101 - SSP/DF. PROG. TRAB:
06.421.6211.2540.0006. N.D. 33.90.39. F.R.: 100. PRAZOS: De Execucao: Diariamente, de acordo com o
Anexo I do Edital. Vigencia do contrato: 30 meses. DATA DA SESSAO PUBLICA: 04/10/2019, as 10h00min
no www.comprasgovernamentais.gov.br. UASG 450107. O Edital esta disponivel no endereco acima e no
h t t p : / / s s p . d f . g o v. b r / l i c i t a c o e s .
Brasilia/DF, 17 de setembro de 2019
AMILCAR UBIRATAN URACH VIEIRA
Coordenador
",AVISO DE ABERTURA DE LICITACAO
1,122439403-122439425,"72.578.586/0001-87, Grupo 02
(itens 61 a 102), no valor total de R$ 94.141,00 e Grupo 03 (itens 103 a 188) no valor total de R$
441.538,00; RT MAQUINAS COMERCIO E SERVICOS LTDA, CNPJ: 01.444.608/0001-78, Grupo 04
(itens 189 a 213), no valor total de R$ 25.780,48; Grupo 05 (itens 214 a 243), no valor total de R$
79.964,22; Grupo 07 (itens 423 a 433), no valor total de R$ 8.109,23; Grupo 08 (itens 434 a 441),
no valor total de R$ 4.788,46; Grupo 09 (itens 442 a 456), no valor total de R$ 8.423,79 e Grupo 10
(itens 457 a 465), no valor total de R$ 32.346,99; LINK INFORMATICA EIRELI EPP, CNPJ:
06.885.830/0001-20, Grupo 06 (itens 244 a 422), no valor total de R$ 319.964,25. Signatarios: Pela
Secretaria de Estado de Seguranca Publica: ALVARO HENRIQUE FERREIRA DOS SANTOS e pelas
empresas: EXPRESSO SERVICE MAQUINAS E SERVICOS LTDA-EPP: MARCUS VINICIUS
SOARES CORREA; OFFICE SERVICE EQUIPAMENTOS E SERVICOS PARA ESCRITORIO LTDA:
EDIMAR BOTELHO SANTOS; RT MAQUINAS COMERCIO E SERVICOS LTDA: Rogerio Paz
Campelo; LINK INFORMATICA EIRELI  EPP: FRANCISCO CLEUTON GONCALVES
BEZERRA.
COORDENACAO DE LICITACOES, CONTRATOS E CONVENIOS
AVISO DE SUSPENSAO DE LICITACAO
PREGAO ELETRONICO No 32/2018
Processo: 0050-000653/2017; Tipo: Menor Preco; Objeto: Contratacao de empresas especializadas para a
prestacao de servico continuo, comum de preparacao e fornecimento de quatro alimentacoes diarias para
pessoas privadas de liberdade, recolhidas no Centro de Detencao Provisoria (CDP), Penitenciaria do
Distrito Federal I (PDF I), Penitenciaria do Distrito Federal II (PDF II), e Centro de Internamento e
Reeducacao (CIR), unidades que compoem o Sistema Penitenciario do Distrito Federal. A SSP comunica
a suspensao da abertura deste certame conforme decisao interlocutoria da 4a Vara de Fazenda Publica do
DF no processo 0709773-41.2019.8.07.0018.
Brasilia/DF, 25 de setembro de 2019
AMILCAR UBIRATAN URACH VIEIRA
Coordenador
AVISO DE NOVA DATA DE ABERTURA DE LICITACAO
PREGAO ELETRONICO No 23/2019
Processo: 00050-00003463/2019-65; Tipo: Menor Preco; Objeto: Contratacao de empresas especializadas
para a prestacao de servico continuo, comum de preparacao e fornecimento de alimentacoes diarias para
pessoas privadas de liberdade, recolhidas no Centro de Progressao Penitenciaria - CPP e na Penitenciaria
Feminina do Distrito Federal - PFDF , unidades que compoem o Sistema Penitenciario do Distrito Federal,
conforme especificacoes, condicoes e exigencias do Termo de Referencia que segue como Anexo I do
Edital VALOR TOTAL ESTIMADO: R$ 55.978.668,00 DOTACAO: UO 24.101 - SSP/DF. PROG. TRAB:
06.421.6211.2540.0006. N.D. 33.90.39. F.R.: 100. PRAZOS: De Execucao: Diariamente, de acordo com o
Anexo I do Edital. Vigencia do contrato: 30 meses. A SSP informa que fez as seguintes alteracoes no ato
convocatorio: exclusao dos itens 11.5.17 do Edital; 6.1.18 do Termo de Referencia e 11.8.17 da Minuta do
Contrato; alteracao da redacao dos itens 11.5.25.1 do Edital; 6.1.25.1 do Termo de Referencia e 11.8.24.1
da Minuta do Contrato e",AVISO DE NOVA DATA DE ABERTURA DE LICITACAO
2,123271522-123271544,"IQUE PEREIRA, R$ 4.500,00; FATIMA
APARECIDA DOS SANTOS, R$ 25.800,00; FERNANDA COSTA VINHAES DE LIMA, R$ 70.000,00;
FERNANDA NATASHA BRAVO CRUZ, R$ 10.400,00; FRANCISCO DAMASCENO FREITAS, R$
10.000,00; FREDERICO COELHO KRAUSE, R$ 25.000,00; GABRIELA GARCIA BATISTA LIMA
MORAES, R$ 17.146,00; GERSON LUIZ SCHEIDWEILER FERREIRA, R$ 42.530,00; HER I V E LTO
PEREIRA DE SOUZA, R$ 6.200,00; JEROME DEPEYROT, R$ 25.000,00; JORGE KATSUMI
NIYAMA, R$ 34.700,00; JOSE GERALDO DE SOUSA JUNIOR, R$ 63.000,00; JUAN PEDRO ROJAS,
R$ 25.500,00; JULIANA ESTANISLAU DE ATAIDE MANTOVANI, R$ 7.500,00; KARLA CALASANS
DE MELLO, R$ 25.000,00; LEIDES BARROSO AZEVEDO MOURA, R$ 10.000,00; LETICIA LOPES
LEITE, R$ 80.000,00; LILIANE CAMPOS MACHADO, R$ 65.260,00; LUIZ DANIEL MUNIZ
JUNQUEIRA, R$ 10.000,00; MARCELO OTTONI NEPOMUCENO, R$ 10.000,00; MARIA DA
GRACA LUDERITZ HOEFEL, R$ 51.000,00; MARIA DO ROSARIO CORDEIRO ROCHA, R$
26.500,00; MARIA EMILIA MACHADO TELLES WALTER, R$ 50.000,00; MARIANA FURIO
FRANCO BERNARDES, R$ 21.081,59; MIGUEL BORGES, R$ 6.000,00; NATHALIA DE ABREU
KELDAY DE MIRANDA, R$ 50.000,00; NELBA AZEVEDO PENNA, R$ 30.000,00; Pastor W I L LY
GONZALES TACO, R$ 16.800,00; PAULO GUSTAVO BARBONI DANTAS NASCIMENTO, R$
54.000,00; PAULO HENRIQUE ALVES GUIMARAES, R$ 24.840,00; PRISCILA GRYNBERG, R$
15.000,00; RAFAELA FERNANDES DO PRADO, R$ 26.000,00; RICARDO HENRIQUE KRUGER, R$
12.500,00; RICARDO JOSE MACEDO DE BRITTO PEREIRA, R$ 47.800,00; ROBERTO FONTES
VIEIRA, R$ 20.000,00; SABINE GOROVITZ, R$ 29.631,00; SANDRA OLIVEIRA TEIXEIRA, R$
50.000,00; SEBASTIEN OLIVIER CHARNEAU, R$ 9.500,00; SIMONE BRAZ FERREIRA GONTIJO,
R$ 31.115,00; SIMONE RODRIGUES PINTO, R$ 13.540,00; VANDOR ROBERTO VILARDI RISSOLI,
R$ 30.000,00; VINICIUS FACO VENTURA VIEIRA, R$ 25.000,00.
ALEXANDRE ANDRE DOS SANTOS
SECRETARIA DE ESTADO DE SEGURANCA PUBLICA
SUBSECRETARIA DE ADMINISTRACAO GERAL
COORDENACAO DE LICITACOES CONTRATOS E CONVENIOS
AVISO DE NOVA DATA DE ABERTURA DE LICITACAO (*)
PREGAO ELETRONICO No 23/2019
Processo: 00050-00003463/2019-65. TIPO: Menor Preco. OBJETO: Contratacao de empresas
especializadas para a prestacao de servico continuo, comum de preparacao e fornecimento de alimentacoes
diarias para pessoas privadas de liberdade, recolhidas no Centro de Progressao Penitenciaria - CPP e na
Penitenciaria Feminina do Distrito Federal - PFDF , unidades que compoem o Sistema Penitenciario do
Distrito Federal, conforme especificacoes, condicoes e exigencias do Termo de Referencia que segue como
Anexo I do Edital VALOR TOTAL ESTIMADO: R$ 55.978.668,00 DOTACAO: UO 24.101 - SSP/DF.
PROG. TRAB: 06.421.6211.2540.0006. N.D. 33.90.39. F.R.: 100. PRAZOS: De Execucao: Diariamente,
de acordo com o Anexo I do Edital. Vigencia do contrato: 30 meses. A SSP informa que alterou os itens
11.5.17 e 11.5.25.1 do Edital; 6.1.18 e 6.1.25.1 do Termo de Referencia; e, 11.8.17 e 11.8.24.1 da Minuta
do Contrato, bem como designou NOVA DATA DA SESSAO PUBLICA para o dia 15/10/2019, as
10h00min no www.comprasgovernamentais.gov.br. UASG 450107. O ",AVISO DE NOVA DATA DE ABERTURA DE LICITACAO (*)
3,129398683-129398705,".784.569/0001-46 Habilitada 3o Lugar
. FILDES COMUNICACAO LTDA. 03.509.498/0001-00 Habilitada 4o Lugar
b) Licitantes alijadas do certame, por incidir no item 16.1.1 do edital, ""nao apresentar os documentos
de habilitacao"":
. Empresas Licitantes CNPJ Resultado
. BINDER +FC COMUNICACAO LTDA. 72.190.242/0001-04 Alijada
. PROFISSIONAIS  DE  PUBLICIDADE  REUNIDOS-
PPR/NBS
0 5 . 4 11 . 3 2 2 / 0 0 0 1 - 4 7 Alijada
. ESCALA COMUNICACAO E MARKETING LTDA. 90.771.544/0001-40 Alijada
. DEBRITO PROPAGANDA LTDA. 00.000.424/0001-56 Alijada
. CALIX PROPAGANDA LTDA. 05.893.556/0001-78 Alijada
. AMPLA SERVICOS DE PROPAGANDA 11 . 1 4 5 . 8 9 3 / 0 0 0 1 - 8 0 Alijada
. ZIAD A. FARES PUBLICIDADE 04.870.907/0001-62 Alijada
. BEES  PUBLICIDADE COMUNICACAO  E
MARKETING LTDA.
06.326.015/0001-20 Alijada
. PROPAGANDA DESIGUAL LTDA. 13.033.901/0001-21 Alijada
Brasilia/DF, 9 de outubro de 2019
PAULO PEREIRA DOS SANTOS
Presidente
SECAO III
SECRETARIA DE ESTADO DE AGRICULTURA,
ABASTECIMENTO E DESENVOLVIMENTO RURAL
CENTRAIS DE ABASTECIMENTO DO DISTRITO FEDERAL S.A
AVISO DE LICITACAO
PREGAO ELETRONICO No 11/2019
A Centrais de Abastecimento do Distrito Federal S.A torna publico que realizara o Pregao Eletronico-
PE no 11/2019 dia 22 de Outubro de 2019, processo n 00071-00000909/2019-05, cujo objeto:
Contratacao de empresa especializada em prestacao de servico de manutencao preventiva e corretiva
da solucao de videomonitoramento. Tipo: Menor Valor Global. Valor total estimado da licitacao:
R$181.800,00 (cento e oitenta e um mil e oitocentos reais). Inicio da sessao de disputa: 22 de
Outubro de 2019, as 10:00h. Outras informacoes poderao ser obtidas por meio do telefone (61) 3363-
1024 e endereco eletronico licitacoes@ceasa.df.gov.br.
Brasilia/DF, 9 de outubro de 2019
PEDRO SEABRA
Pregoeiro
SECRETARIA DE ESTADO DE SEGURANCA PUBLICA
SUBSECRETARIA DE ADMINISTRACAO GERAL
COORDENACAO DE LICITACOES, CONTRATOS E CONVENIOS
AVISO DE NOVA DATA DE ABERTURA DE LICITACAO
PREGAO ELETRONICO No 23/2019
PROCESSO: 00050-00003463/2019-65. TIPO: Menor Preco. OBJETO: Contratacao de empresas
especializadas para a prestacao de servico continuo, comum de preparacao e fornecimento de alimentacoes
diarias para pessoas privadas de liberdade, recolhidas no Centro de Progressao Penitenciaria - CPP e na
Penitenciaria Feminina do Distrito Federal - PFDF , unidades que compoem o Sistema Penitenciario do
Distrito Federal, conforme especificacoes, condicoes e exigencias do Termo de Referencia que segue como
Anexo I do Edital VALOR TOTAL ESTIMADO: R$ 55.978.668,00 DOTACAO: UO 24.101 - SSP/DF.
PROG. TRAB: 06.421.6211.2540.0006. N.D. 33.90.39. F.R.: 100. PRAZOS: De Execucao: Diariamente,
de acordo com o Anexo I do Edital. Vigencia do contrato: 30 meses. A SSP informa que, em cumprimento
a determinacao do TCDF, excluiu os incisos X do item 7.2.1. e XVIII do item 7.2.2. do edital; alterou a
redacao dos itens 3.1.16., 3.1.17., 4.2.1., 4.2.1.1., 5.1.1.1. e 5.1.1.1.2. do Termo de Referencia, bem como
designou NOVA DATA DA SESSAO PUBLICA par",AVISO DE NOVA DATA DE ABERTURA DE LICITACAO
4,137759479-137759501,"como que os mesmos providenciem a
liberacao do acesso como usuario externo pelo sistema SEI, no link http://ww w. p o r t a l s e i . d f . g o v. b r / u s u a r i o -
externo/ ou na pagina da FAPDF. A assinatura do Termo de Outorga e Aceitacao (TOA) esta prevista para
iniciar a partir de 30 de outubro de 2019, em ordem cronologica de evento, e a liberacao dos recursos
financeiros esta prevista para ocorrer dois dias apos a assinatura do TOA. Ainda, no site da FAPDF
http://www.fap.df.gov.br/editais-2019-2/ no espaco reservado ao Edital no 01/2019, ha um documento
denominado ""Orientacoes aos Contemplados para Liberacao dos Recursos Financeiros"" o qual consta
orientacoes, informacoes e a modo de prestacao de contas. A seguir e apresentada a relacao dos
contemplados em ordem alfabetica e o valor do apoio financeiro: Ana Clara Oliveira, R$ 8.000,00;
Camila Lombardi Torres, R$ 2.000,00; Charles Dayler Silva de Almeida, R$ 2.000,00; Clarice Taylor
Guirra, R$ 2.000,00; Daniel de Oliveira Fernandes, R$ 2.000,00; Daniel Teixeira da Costa Araujo, R$
10.000,00; Davi Gustavo Gomes Dias, R$ 6.000,00; Eduardo Vaz de Mello Cajueiro, R$ 8.000,00; Erika
Barretto Fernandes Cruvinel, R$ 2.000,00; Felipe Saldanha de Araujo, R$ 2.000,00; Flavio Olimpio
Sanches Neto, R$ 2.000,00; Heitor Siqueira Ribeiro, R$ 8.000,00; Hugo Gontijo Machado, R$ 2.000,00;
Lucio Flavio de Alencar Figueiredo, R$ 10.000,00; Marcelo Antonio de Assis Silva, R$ 8.000,00;
Marcelo Lopes Pereira Junior, R$ 2.000,00; Maria dos Reis Santos Borges, R$ 6.000,00; Mariana Silva
Melendez Araujo, R$ 8.000,00; Mircea Candida Ferreira, R$ 2.000,00; Miriam Aparecida Mesquita
Oliveira, R$ 6.000,00; Munique Goncalves Guimaraes, R$ 2.000,00; Rodrigo Antonio Silveira dos Santos,
R$ 8.000,00.Alessandro Franca Dantas, Diretor-Presidente.
SECRETARIA DE ESTADO DE SEGURANCA PUBLICA
SUBSECRETARIA DE ADMINISTRACAO GERAL
COORDENACAO DE LICITACOES CONTRATOS E CONVENIOS
AVISO DE SUSPENSAO DE LICITACAO
PREGAO ELETRONICO No 23/2019
Processo: 00050-00003463/2019-65. Tipo: Menor Preco. Objeto: Contratacao de empresas especializadas
para a prestacao de servico continuo, comum de preparacao e fornecimento de quatro alimentacoes diarias
para pessoas privadas de liberdade, recolhidas no Centro de Progressao Penitenciaria (CPP), Penitenciaria
Feminina do Distrito Federal (PFDF), unidades que compoem o Sistema Penitenciario do Distrito Federal.
A SSP comunica a suspensao da abertura deste certame conforme Decisao Interlocutoria da 6a Vara de
Fazenda Publica do DF no Mandado de Seguranca no 0710851-70.2019.8.07.0018.
Brasilia/DF, 29 de outubro de 2019
GABRIELLA ALVES DA CUNHA
Pregoeira
POLICIA MILITAR DO DISTRITO FEDERAL
DEPARTAMENTO DE LOGISTICA E FINANCAS
EXTRATO DO CONTRATO No 66/2019
Processo:  00054-00089474/2019-11-PARTES: DF/PMDF  x  LUCIANO GONCALVES  BORBA
ASSUNCAO: Prestacao de servicos de Leiloeiro Publico Oficial, regularmente matriculado na Junta
Comercial do Distrito Federal e devidamente credenciado pelo Governo do Distrito Federal - GDF,",AVISO DE SUSPENSAO DE LICITACAO
5,307403464-307403486,"O
DE PRESTACAO DE SERVICOS No 91/2019, POR DETERMINACAO JUDICIAL
Processo: 00050-00062925/2019-86, n.o SIGGO 040305. Partes: o Distrito Federal, por meio da
SECRETARIA DE ESTADO DE SEGURANCA PUBLICA DO DISTRITO FEDERAL e a empresa
O UNIVERSITARIO RESTAURANTE, INDUSTRIA, COMERCIO E AGROPECUARIA LTDA,
inscrita no CNPJ No 01.646.611/0001-74. Do Objeto: Restabelecimento ao Contrato de Prestacao de
Servicos no 091/2019-SSP, em cumprimento aa Decisao Interlocutoria da 3a Vara da Fazenda Publica,
depreendido no Processo numero 0700723-54.2020.8.07.0018 (36086544), em sede de Mandado de
Seguranca Civel. Do prazo de Vigencia: de 22/02/2020 ate o julgamento definitivo da acao. Data da
assinatura: 21/02/2020. Signatarios: pelo Distrito Federal: ANDERSON GUSTAVO TORRES,
Secretario de Estado de Seguranca Publica do Distrito Federal; pela Contratada: VALTAIR GARCIA
GODOIS, Representante Legal.
EXTRATO DO TERMO ADITIVO DE SUSPENSAO AO CONTRATO
DE PRESTACAO DE SERVICOS No 007/2020, POR DETERMINACAO JUDICIAL
Processo: 0050-000653/2017, n.o SIGGO 040478. Partes: o Distrito Federal, por meio da
SECRETARIA DE ESTADO DE SEGURANCA PUBLICA DO DISTRITO FEDERAL e a empresa
O UNIVERSITARIO RESTAURANTE, INDUSTRIA, COMERCIO E AGROPECUARIA LTDA,
inscrita no CNPJ No 01.646.611/0001-74. Do Objeto: Suspensao ao Contrato de Prestacao de Servicos
no 007/2020-SSP, em cumprimento aa Decisao Interlocutoria da 3a Vara da Fazenda Publica,
depreendido no Processo numero 0700723-54.2020.8.07.0018 (36086544), em sede de Mandado de
Seguranca Civel. Do prazo de Vigencia da Suspensao: de 22/02/2020 ate o julgamento definitivo da
acao. Data da assinatura: 21/02/2020. Signatarios: pelo Distrito Federal: ANDERSON GUSTAVO
TORRES, Secretario de Estado de Seguranca Publica do Distrito Federal; pela Contratada: VALTAIR
GARCIA GODOIS, Representante Legal.
SUBSECRETARIA DE ADMINISTRACAO GERAL
COORDENACAO DE LICITACOES CONTRATOS E CONVENIOS
AVISO NOVA DATA DE ABERTURA DE LICITACAO
PREGAO ELETRONICO No 23/2019
Processo: 00050-00003463/2019-65. TIPO: Menor Preco. OBJETO: Contratacao de empresas
especializadas para a prestacao de servico continuo, comum de preparacao e fornecimento de alimentacoes
diarias para pessoas privadas de liberdade, recolhidas no Centro de Progressao Penitenciaria - CPP e na
Penitenciaria Feminina do Distrito Federal - PFDF , unidades que compoem o Sistema Penitenciario do
Distrito Federal, conforme especificacoes, condicoes e exigencias do Termo de Referencia que segue
como Anexo I do Edital VALOR TOTAL ESTIMADO: R$ 55.978.668,00 DOTACAO: UO 24.101 -
SSP/DF. PROG. TRAB.: 06.421.6211.2540.0006. N.D. 33.90.39. F.R.: 100. PRAZOS: De Execucao:
Diariamente, de acordo com o Anexo I do Edital. Vigencia do contrato: 30 meses. NOVA DATA DA
SESSAO PUBLICA: 19/03/2020, as 10h00min no www.comprasgovernamentais.gov.br. UASG 450107. O
Edital esta disponivel no endereco acima e no http://ssp.df.gov.br/licitacoes.
Brasilia/DF, 02 de marco de 2020
AMILCAR UBIRATAN URACH VIEIRA
Coordenador
AVISO DE ABERTURA DE LICITA","EXTRATO DO TERMO ADITIVO DE SUSPENSAO AO CONTRATO
DE PRESTACAO DE SERVICOS "
6,312289886-312289908,"no endereco constante do item 5.1 do edital, ou seja,
no Setor de Protocolo da Secretaria de Estado de Comunicacao do Distrito Federal, situado na Praca
do Buriti, Anexo do Palacio do Buriti, 16o andar, sala 1610-Brasilia/DF - CEP: 70.075.900, Telefone:
0xx(61) 3961.4509, nos dias uteis, de 08:00 as 12:00h e das 14:00 as 18:00h. Informamos ainda, que
os documentos constantes dos involucros 2, 3 e 4 continuam disponiveis nesta CEL/SECOM, devendo
o Representante, caso queira, solicitar vistas por escrito comparecendo no endereco acima citado.
Continuam franqueadas vistas ao processo, devendo o interessado solicitar acesso ao processo no
Sistema Eletronico de Informacoes-SEI por meio do e-mail secom.ccdigital@buriti.df.gov.br. Processo
SEI n.o: 04000-00000184/2019-12.
Brasilia/DF, 10 de marco de 2020
FABIO PAIXAO DE AZEVEDO
Presidente da Comissao
SECRETARIA DE ESTADO DE AGRICULTURA,
ABASTECIMENTO E DESENVOLVIMENTO RURAL
EMPRESA DE ASSISTENCIA TECNICA E EXTENSAO RURAL
DO DISTRITO FEDERAL
AVISO DE ADJUDICACAO E HOMOLOGACAO
PREGAO ELETRONICO No 08/2019
Processo:0072-00000904/2019-46. Objeto: Pregao Eletronico: Contratacao de empresa especializada para
conservacao/manutencao do Escritorio Local de VARGEM BONITA da Emater-DF, composto por servicos
essenciais para a manutencao do mesmo. O escritorio de VARGEM BONITA esta localizado no Setor Park
Way - Nucleo Bandeirante, Brasilia - DF, CEP 71750-000 e o servico tera uma area aproximada de 281,50
m2. A EMATER-DF informa a ADJUDICACAO e HOMOLOGACAO final do certame, com fulcro no
Decreto no 5.450/2005, de 31/05/2005, a empresa ENGIEX ENGENHARIA E CONSTRUTORA EIREL,
CNPJ 30.223.850/0001-10 no valor total de R$ 186.119,97 (Cento e oitenta e seis mil e cento e dezenove
reais e noventa sete centavos). Assina: LUCIANA DE ANDRADE CAMPOS - Pregoeira.
SECRETARIA DE ESTADO DE SEGURANCA PUBLICA
SUBSECRETARIA DE ADMINISTRACAO GERAL
COORDENACAO DE LICITACOES, CONTRATOS E CONVENIOS
AVISO DE ALTERACAO
PREGAO ELETRONICO No 23/2019
Processo: 00050-00003463/2019-65. TIPO: Menor Preco. Objeto: Contratacao de empresas especializadas
para a prestacao de servico continuo, comum de preparacao e fornecimento de alimentacoes diarias para
pessoas privadas de liberdade, recolhidas no Centro de Progressao Penitenciaria - CPP e na Penitenciaria
Feminina do Distrito Federal. A SSP informa que a redacao do item 4.2.2.1. do Termo de Referencia,
Anexo I do Edital, foi alterada para: ""4.2.2.1. O formulario (anexo V) devera ser preenchido e entregue,
quando solicitado pela SSP/DF"", mantendo-se a data da abertura para o dia 19/03/2020, uma vez que a
alteracao, inquestionavelmente nao afeta a formulacao das propostas de precos. O edital alterado esta
disponivel  nos  enderecos  www.comprasgovernamentais.gov.br  (UASG:  450107) 
e  no
h t t p : / / s s p . d f . g o v. b r / l i c i t a c o e s .
Brasilia/DF, 10 de marco de 2020
AMILCAR UBIRATAN URACH VIEIRA
Coordenador
POLICIA MILITAR DO DISTRITO FEDERAL
DEPARTAMENTO DE LOGISTICA E FINANCAS
RESULTADO FINAL DO CRED",AVISO DE ALTERACAO
7,317942603-317942625,"e R$ 36.267,00, na modalidade 
de licitacao, pregao eletronico para Registro de Precos no 04/2020 processo no 00063-
00003165/2019-53; ata assinada em 26/03/2020, vigencia 12 (doze) meses a contar desta 
publicacao; assina pela contratante: Osnei Okumoto - Diretor Presidente, e, pela 
contratada: Nubia Beatriz Oliveira Faria.
SECRETARIA DE ESTADO DE EDUCACAO
SECRETARIA EXECUTIVA
 
RATIFICACAO DE INEXIGIBILIDADE DE LICITACAO
Processo: 00080-00056832/2020-44. Considerando o disposto no Decreto no 
40.475/2020; no Decreto no 40.519/2020; no Decreto no 40.523/2020; no 
Decreto no 32.767/2011 e no Decreto n 40.551/2020, e suas respectivas 
alteracoes posteriores, o Subsecretario de Administracao Geral no uso das 
atribuicoes previstas no Art. 128 do Regimento Interno da SEEDF, aprovado 
pelo Decreto no 38.631/2017, reconheceu com fundamento no caput do Art. 25 
da Lei 8.666/1993, e alteracoes posteriores, a necessidade de contratacao por 
INEXIGIBILIDADE DE LICITACAO no valor de R$ 546.267,12 (quinhentos e 
quarenta e seis mil duzentos e sessenta e sete reais e doze centavos) do BANCO 
DE BRASILIA S/A, instituicao financeira de economia mista, inscrita sob o 
CNPJ/MF sob o n.o 00.000.208/0001-00, com sede em Brasilia - DF, no SBS, 
Quadra 01, Bloco E, Ed. Brasilia, 3o andar, razao pela qual ora RATIFICO a 
presente contratacao por INEXIGIBILIDADE DE LICITACAO cujo objetivo e 
realizar a operacionalizacao do Bolsa Alimentacao Escolar Creche, conforme 
Decreto n 40.551, de 23 de marco de 2020, o qual assegura o direito a 
alimentacao  das  criancas  regularmente  matriculadas  em  instituicoes 
educacionais parceiras, e creches da Rede Publica de Ensino do Distrito 
Federal. Em 25 de marco de 2020. Quintino dos Reis Borges Filho, Secretario 
Executivo de Estado de Educacao do Distrito Federal.
SECRETARIA DE ESTADO 
DE SEGURANCA PUBLICA
SUBSECRETARIA DE ADMINISTRACAO GERAL
COORDENACAO DE LICITACOES, CONTRATOS E CONVENIOS
 
AVISO NOVA DATA DE ABERTURA DE LICITACAO
Processo: 00050-00003463/2019-65. TIPO: Menor Preco. OBJETO: Contratacao de 
empresas especializadas para a prestacao de servico continuo, comum de preparacao e 
fornecimento de alimentacoes diarias para pessoas privadas de liberdade, recolhidas no 
Centro de Progressao Penitenciaria - CPP e na Penitenciaria Feminina do Distrito Federal -
PFDF, unidades que compoem o Sistema Penitenciario do Distrito Federal. VALOR 
TOTAL ESTIMADO: R$ 55.978.668,00. DOTACAO: UO 24.101  SSP/DF. PROG. 
TRAB.: 06.421.6211.2540.0006. N.D. 33.90.39. F.R.: 100. PRAZOS: De Execucao: 
Diariamente, de acordo com o Anexo I do Edital. Vigencia do contrato: 30 meses. A SSP 
comunica que, apos a realizacao dos ajustes determinados no Despacho Singular no 
092/2020-RR, a NOVA DATA DA SESSAO PUBLICA, do certame que havia sido 
suspenso, sera no dia 15/04/2020, as 10h00min no www.comprasgovernamentais.gov.br. 
UASG  450107.  O  Edital  esta  disponivel  no  endereco  acima  e  no 
http://ssp.df.gov.br/licitacoes.
Brasilia/DF, 26 de marco de 2020
AMI",AVISO NOVA DATA DE ABERTURA DE LICITACAO
8,318473811-318473833," 
Publico, cujo objeto seja de atendimento gratuito a criancas de 0 a 5 anos, primeira etapa 
de Educacao Basica, em periodo integral de 10 horas diarias, em predio proprio e por 
meio de gestao dos Centros de Educacao de Primeira Infancia  CEPI, comunica aos 
interessados que apos analise da documentacao apresentada pela Organizacao da 
Sociedade Civil, Processo-SEI no 00080-00237407/2019-11, obteve-se o seguinte 
resultado: APB ASSOCIACAO POSITIVA DE BRASILIA - APB, esta devidamente 
HABILITADA, atendendo todos os criterios de classificacao do Edital. Informamos que a 
Organizacao da Sociedade Civil habilitada acima devera aguardar o periodo do recurso de 
30/03 a 03/04/2020. Os autos ficam com vistas franqueadas aos interessados.
ANITA AYRES DA FONSECA
Presidente da Comissao
SECRETARIA DE ESTADO 
DE SEGURANCA PUBLICA
SUBSECRETARIA DE ADMINISTRACAO GERAL
COORDENACAO DE LICITACOES, CONTRATOS E CONVENIOS
 
AVISO DE ADJUDICACAO E HOMOLOGACAO
PREGAO ELETRONICO No 34/2019-SSP
Com participacao exclusiva das ME/MEI/EPPs
Processo: 00050-00025796/2019-45. TIPO: Menor Preco. OBJETO: Aquisicao de 
pulpitos com a logomarca e sigla da Secretaria de Estado de Seguranca Publica do Distrito 
Federal, visando atender as demandas de eventos, palestras, seminarios, cursos e reunioes, 
patrocinadas pelo Gabinete, Subsecretarias e CIOB, todos pertencentes a estrutura 
administrativa da SSP/DF, bem como aquisicao de maquinas de cortar cabelo, tipo 
profissional, para atender demanda dos reclusos do Sistema Prisional do Distrito Federal - 
SESIPE. A SSPDF informa, com fulcro no inciso IV e VI do artigo 13 do Decreto no 
10.024/2019, a ADJUDICACAO do item 1 a M.L Comercio e Servico Eirelli-EPP, CNPJ 
21.323.689/0001-65, no valor total de R$ 6.795,00; e a HOMOLOGACAO do certame. A 
SSPDF informa ainda que o item 2 restou fracassado.
Brasilia/DF, 27 de marco de 2020
AMILCAR UBIRATAN URACH VIEIRA
Coordenador
AVISO DE NOVA DATA DE ABERTURA DE LICITACAO
PREGAO ELETRONICO No 23/2019
Processo: 00050-00003463/2019-65. TIPO: Menor Preco. OBJETO: Contratacao de 
empresas especializadas para a prestacao de servico continuo, comum de preparacao e 
fornecimento de alimentacoes diarias para pessoas privadas de liberdade, recolhidas no 
Centro de Progressao Penitenciaria - CPP e na Penitenciaria Feminina do Distrito Federal -
PFDF, unidades que compoem o Sistema Penitenciario do Distrito Federal. VALOR 
TOTAL ESTIMADO: R$ 55.978.668,00. DOTACAO: UO 24.101  SSP/DF. PROG. 
TRAB.: 06.421.6211.2540.0006. N.D. 33.90.39. F.R.: 100. PRAZOS: De Execucao: 
Diariamente, de acordo com o Anexo I do Edital. Vigencia do contrato: 30 meses. A SSP 
comunica que, apos a realizacao dos ajustes determinados no Despacho Singular no 
092/2020-RR, a NOVA DATA DA SESSAO PUBLICA, do certame que havia sido 
suspenso, sera no dia 15/04/2020, as 10h00min no www.comprasgovernamentais.gov.br. 
UASG  450107.  O  Edital  esta  disponivel  no  endereco  acima  e  no 
http://ssp.df.gov.br/licitacoes.
Brasilia/DF, 26 de marco de 2020
AMI",AVISO DE NOVA DATA DE ABERTURA DE LICITACAO
9,318964236-318964258,"cao de cadastro reserva de professores bolsistas para 
atuarem no Programa Nacional de Acesso ao Ensino Tecnico e Emprego  PRONATEC, 
nos seguintes termos:
1. Ficam prorrogadas as convocacoes para o Processo seletivo complementar simplificado 
para a selecao e formacao de cadastro reserva de professores bolsistas para atuarem no 
Programa Nacional de Acesso ao Ensino Tecnico e Emprego  PRONATEC na Unidade 
de Ensino do Centro de Educacao Profissional - Escola Tecnica de Planaltina - CEP-ETP, 
no Centro de Ensino Medio Integrado a Educacao Profissional - CEMI-Gama, na Escola 
Tecnica de Brasilia- ETB e nas Unidades de Ensino Remotas, a serem constituidas, para o 
ano letivo de 2020, referente ao EDITAL No 07, DE 20 DE FEVEREIRO DE 2019, ate o 
dia 29 de OUTUBRO de 2020.
2. As demais disposicoes sobre o Processo Seletivo ficam mantidas de acordo com o 
EDITAL No 07, DE DE 20 DE FEVEREIRO DE 2019, publicado no DODF No 38 em 22 
de fevereiro de 2019.
QUINTINO DOS REIS BORGES FILHO
SUBSECRETARIA DE ADMINISTRACAO GERAL
 
RECONHECIMENTO DE DIVIDA
Processo: 00080-00205932/2018-96. Com fulcro nos artigos 30 e 86 do Decreto no 
32.598/2010 e suas alteracoes, e ainda, consoante as informacoes e documentos 
apresentados nos autos do processo em epigrafe, RECONHECO A DIVIDA no valor total 
de R$ 34.342,47 (trinta e quatro mil trezentos e quarenta e dois reais e quarenta e sete 
centavos), em favor da empresa IMPRENSA NACIONAL, CNPJ no 04.196.645/0001-00, 
referente ao Contrato no 22/2013. A despesa correra a conta do Programa de Trabalho 
12.122.8221.8517.0036, Fonte 103, Natureza de Despesa 3.3.90.92, observados os 
dispositivos da Lei de Diretrizes Orcamentarias no 6.216/2018 e contemplada na (PPA 
2016-2019), Lei no 5.602/2015. LEONARDO HENRIQUE CAMPOS G. PINTO, 
Subsecretario.
SECRETARIA DE ESTADO 
DE SEGURANCA PUBLICA
SUBSECRETARIA DE ADMINISTRACAO GERAL
COORDENACAO DE LICITACOES, CONTRATOS E CONVENIOS
 
AVISO DE ABERTURA DE LICITACAO
PREGAO ELETRONICO No 01/2020
Processo: 00050-00003463/2019-65. TIPO: Menor Preco. Modo de disputa: Aberto. 
OBJETO: Contratacao de empresa especializada visando a prestacao de servicos 
continuados de operacao, manutencao predial preventiva e corretiva dos sistemas, dos 
equipamentos eletricos, hidraulicos, mecanicos, de incendio, de ar condicionado e das 
instalacoes gerais das edificacoes, que compreendera o fornecimento de mao de obra, todo 
o material de consumo e insumos necessarios e adequados a execucao dos servicos, nas 
edificacoes pertencentes a SSPDF. VALOR TOTAL ESTIMADO: R$ 2.472.346,27. 
DOTACAO: UO 24.101  SSP/DF. PROG. TRAB.: 06.122.8217.8517.0135. N.D. 
3.3.90.30 e 3.3.90.39. F.R.: 100. PRAZOS: De Execucao: Diariamente, de acordo com o 
Anexo I do Edital. Vigencia do contrato: 12 meses podendo ser prorrogado. DATA DA 
SESSAO  PUBLICA:  dia  15/04/2020,  as  10h00min  no 
www.comprasgovernamentais.gov.br. UASG 450107. O Edital esta disponivel no 
endereco acima e no http://ssp.df.gov.br/licitacoes.
Brasilia/DF, 30 de marco de 202",AVISO DE ABERTURA DE LICITACAO
