,local,text,
0,82397133-82397155,"7/06/2019. Vigencia: 12 (doze)
meses apos a liberacao dos recursos. Data da assinatura: 24/06/2019; Signatarios: pela OUTORGANTE:
Alexandre Andre dos Santos, Diretor Presidente; pelo OUTORGADO: Marcio Gimenes de Paula e pela
Instituicao Executora: Adalene Moreira Silva, Decana de Pos-Graduacao.
SECRETARIA DE ESTADO DE SEGURANCA PUBLICA
EXTRATO DO CONTRATO DE LOCACAO DE IMOVEL AO DISTRITO FEDERAL No 037/2019,
NOS TERMOS DO PADRAO No 11/2002, INSTITUIDO PELO DECRETO/DF N 23.287/2002
Processo: 00050.00018963/2019-00. Partes: o Distrito Federal, por meio da SECRETARIA DE ESTADO
DE SEGURANCA PUBLICA e a empresa LUME INVESTIMENTOS S.A, inscrita no CNPJ No
37.996.881/0001-52. Do Objeto: locacao do imovel situado no SIA trecho 06, lotes 25/35, Brasilia/DF,
com area de 3.389,87 m2, para instalacao das unidades subordinadas e vinculadas a Secretaria de Estado
de Seguranca Publica do Distrito Federal, conforme Projeto Basico; justificativa de Dispensa de Licitacao;
Proposta, Decreto 33.788/2012, Parecer Normativo 949/2012, Orientacao Normativa no 6, de 1o de abril de
2009, da Advocacia-Geral da Uniao, art. 24, inciso X da Lei no 8.666, de 21 de junho de 1993. Do valor:
O valor mensal do Contrato e de R$ 100.611,34 (cem mil, seiscentos e onze reais e trinta e quatro centavos
reais). Evento: 400091. Modalidade: Estimativo. Unidade Orcamentaria: 24101. Programa de Trabalho:
06.122.6002.8517.0006. Natureza da Despesa: 33.90.39. Fontes de Recurso: 100. Unidade Gestora:
220101. Gestao: 00001. Nota de Empenho inicial: no 2019NE01008. Da vigencia: de 60 (sessenta) meses,
a contar da data de sua assinatura. Da data da assinatura: 01/07/2019. Signatarios: pelo Distrito Federal:
ANDERSON GUSTAVO TORRES, Secretario de Estado de Seguranca Publica do Distrito Federal; pela
Contratada: ISAAC VIEIRA RIBEIRO, Representante Legal.
SUBSECRETARIA DE ADMINISTRACAO GERAL
COORDENACAO DE LICITACOES CONTRATOS E CONVENIOS
AVISO DE ABERTURA DE LICITACAO
PREGAO ELETRONICO No 17/2019
PROCESSO: SEI-GDF no 00050-00050849/2018-85. TIPO: Menor Preco. OBJETO: Registro de Precos de
material de para futura aquisicao de televisoes e Cartuchos/Tonners de impressao, para atender demandas da
Secretaria de Estado de Seguranca Publica do Distrito Federal, conforme especificacoes e quantitativos
constantes no Termo de referencia que segue como Anexo I do Edital. VALOR ESTIMADO: R$ 150.371,00.
PRAZOS: Entrega: ate 30 dias corridos contados do recebimento da Nota de Empenho e/ou da assinatura do
contrato. Vigencia: da Ata de Registro de Precos: 12 meses; do Contrato: 180 (cento e oitenta) dias a partir da
data  da assinatura.  DATA  DA  SESSAO PUBLICA:  15/07/2019  as  13:30 horas  no
www.comprasgovernamentais.gov.br. UASG 450107. Edital esta disponivel no endereco acima e no
h t t p : / / s s p . d f . g o v. b r / l i c i t a c o e s .
Brasilia/DF, 02 de julho de 2019.
GABRIELLA ALVES DA CUNHA
Pregoeira
POLICIA MILITAR DO DISTRITO FEDERAL
DEPARTAMENTO DE LOGISTICA E FINANCAS
RESULTADO DE LICITACAO PREGAO ELETRONICO No 31",AVISO DE ABERTURA DE LICITACAO
1,90532155-90532177,"a
para realizacao de servico de locacao de 10 (dez) equipamentos de Raio X (body scan e seus perifericos),
compreendendo servico de locacao dos equipamentos, manutencoes preventivas e corretivas dos equipamentos
e cursos de treinamento para os operadores das maquinas, pelo periodo de 48 meses, para inspecao corporal para
os internos da Subsecretaria do Sistema Penitenciario da Secretaria de Estado da Seguranca Publica. A SSPDF
com fulcro nos incisos V e VI, do artigo 8o, do Decreto no 5.450/2005, informa a ADJUDICACAO do objeto a
empresa NUCTECH do Brasil LTDA, CNPJ: 19.892.624/0001-99, no valor total para 48 meses de R$
4.560.000,00; e a HOMOLOGACAO do certame.
Brasilia/DF, 18 de julho de 2019
AMILCAR UBIRATAN URACH VIEIRA
Coordenador de Licitacoes, Contratos e Convenios
AVISO DE ADJUDICACAO E HOMOLOGACAO
PREGAO ELETRONICO No 16/2019
PROCESSO: 00050-00047771/2018-11. TIPO: Menor Preco. OBJETO: Aquisicao de tiras de sandalias, de
luvas multiuso de latex, cartoes de memoria e placa acrilica para identificacao de autoridades em reunioes para
atender demandas da Secretaria de Estado de Seguranca Publica do Distrito Federal. A SSPDF informa, com
fulcro no inciso IX do artigo 11, do Decreto no 5.450/2005, a ADJUDICACAO do item 1 a empresa Ponto do
Artesao Comercio e Distribuidora Ltda, CNPJ 01.229.218/0001-51, no valor total de R$ 51.240,00; do item 2 a
empresa Almix Comercio de Suprimentos Eireli, CNPJ 11.594.621/0001-67 no valor total de R$ 5.976,00; do
item 3 a empresa J2 Comercio de Utilidades e Distribuidora Logistica Eireli; CNPJ: 13.816.522/0001-08, no
valor total de R$ 161,86; do item 4 a empresa BR Display e Placas Eireli, CNPJ: 42.941.690/0001-23, no valor
total de R$ 3.135,00. Informa ainda a HOMOLOGACAO do certame com fulcro no inciso VI do Artigo 8, do
Decreto no 5.450/2005.
Brasilia/DF, 18 de julho de 2019
AMILCAR UBIRATAN URACH VIEIRA
Coordenador de Licitacoes, Contratos e Convenios
AVISO DE ADJUDICACAO E HOMOLOGACAO
PREGAO ELETRONICO No 17/2019
PROCESSO: 00050-00050849/2018-85. TIPO: Menor Preco. OBJETO: Registro de Precos de material para
futura aquisicao de televisoes e Cartuchos/Tonners de impressao, para atender demandas da Secretaria de
Estado de Seguranca Publica do Distrito Federal. A SSPDF informa, com fulcro no inciso IX do artigo 11, do
Decreto no 5.450/2005, a ADJUDICACAO do item 1 a INFOJET Comercio e Servicos de Informatica LTDA,
CNPJ 05.888.814/0001-28, no valor total de R$ 14.398,90; do item 2 a CGF Comercio de Produtos de
Informatica, Escritorio e S, CNPJ 01.251.189/0001-58, no valor total de R$ 65.970,00; dos itens 3 e 5 a A H DA
S MORAES, CNPJ 02.437.839/0001-17, no valor total de R$ 3.250,00; dos itens 4 e 6 a R.N. BALTAZAR
Comercio de Informatica, CNPJ 26.668.902/0001-94, no valor total de R$ R$ 5.049,50; totalizando R$
88.668,40 licitados. A SSPDF informa ainda a HOMOLOGACAO do certame com fulcro no inciso VI do
Artigo 8o, do Decreto no 5.450/2005.
Brasilia/DF, 18 de julho de 2019
AMILCAR UBIRATAN URACH VIEIRA
Coordenador de Licitacoes,",AVISO DE ADJUDICACAO E HOMOLOGACAO
