,local,text,
0,101935617-101935639,"quisa ""Raizes da forma e processos de organizacao: aproximacoes e afastamentos
entre a urbanizacao brasileira e portuguesa"". Credito Orcamentario: PT 19.571.6207.6026.0010; Fonte:100;
ND: 339020; Nota de Empenho: 2019NE00518, valor: R$ 11.000,00; data: 31/07/2019; Credito
Orcamentario: PT 19.571.6207.6026.0010; Fonte:100; ND: 339018; Nota de Empenho: 2019NE00519,
valor: R$ 9.600,00; data: 31/07/2019; Credito Orcamentario: PT 19.571.6207.6026.0010; Fonte:100; ND:
449020; Nota de Empenho: 2019NE00520, valor: R$ 8.800,00; data: 31/07/2019. Vigencia: 24 meses apos
a liberacao da primeira parcela dos recursos. Data da assinatura: 08/08/2019; Signatarios: pela
OUTORGANTE Alexandre Andre dos Santos, Diretor-Presidente da FAPDF; pelo OUTORGADO Vania
Raquel Teles Loureiro e pela Instituicao Executora Maria Emilia Machado Telles Walter, Decana de
Pesquisa e Inovacao.
SECRETARIA DE ESTADO DE SEGURANCA PUBLICA
EXTRATO DE ACORDO DE COOPERACAO TECNICA
EXTRATO DE ACORDO DE COOPERACAO Especie: Acordo de Cooperacao no 001/2019. Processo
SEI/GDF n 00056-00001199/2019-66. Participes: SECRETARIA DE ESTADO DE SEGURANCA
PUBLICA DO DISTRITO FEDERAL, CNPJ no 00.394.718/0001-00 e FUNDACAO DE AMPARO
AO TRABALHADOR PRESO DO DISTRITO FEDERAL, CNPJ no. 03.495.108/0001-90. Objeto: A
cooperacao tecnica entre os participes visando a utilizacao dos espacos existentes nas unidades
prisionais, para promover a capacitacao profissional e a oferta de trabalho remunerado aos custodiados
pertencentes ao Sistema Penitenciario do Distrito Federal, mediante autorizacao para execucao de
atribuicoes determinadas em lei, regulamento ou regimento interno. Data de Assinatura: 25/07/2019.
Vigencia: 60 meses, contados a partir da publicacao no DODF. Signatarios: ANDERSON GUSTAVO
TORRES, CPF no 782.914.021-91, e GUSTAVO DO VALE ROCHA, CPF no 483.214.861-34.
SUBSECRETARIA DE ADMINISTRACAO GERAL
COORDENACAO DE LICITACOES CONTRATOS E CONVENIOS
AVISO DE ABERTURA DE LICITACAO - SRP
PREGAO ELETRONICO No 24/2019
PROCESSO: 00050-00060409/2018-36. TIPO: Menor Preco. OBJETO: Registro de Precos para futura
aquisicao de cadeados, luvas de procedimento, mascaras, lavadoras de alta pressao e bottons de
identificacao pessoal, para atender demandas da Secretaria de Estado de Seguranca Publica do Distrito
Federal. VALOR ESTIMADO: R$ 424.975,57. PRAZOS: Entrega: ate 30 dias corridos, contados do
recebimento da Nota de Empenho ou da assinatura do contrato. Vigencia: da Ata de Registro de
Precos: 12 meses; do Contrato: 180 (cento e vinte) dias a partir da data da assinatura. DATA DA
SESSAO PUBLICA: 26/08/2019 as 09:00 horas no www.comprasgovernamentais.gov.br. UASG
450107. Edital esta disponivel no endereco acima e no www.ssp.df.gov.br/licitacoes
Brasilia/DF, 13 de agosto de 2019.
AMILCAR UBIRATAN URACH VIEIRA
Coordenador
POLICIA MILITAR DO DISTRITO FEDERAL
DIRETORIA DE APOIO LOGISTICO E FINANCAS
RESULTADO DE LICITACAO
PREGAO ELETRONICO No 4/2019
Processo SEI-GDF No 54-00068915/2018-61. O Departamento de Logistica e Financas da PMDF torn",AVISO DE ABERTURA DE LICITACAO
1,110768846-110768868,"o Setor SHD - s/n PJA NS -
Planaltina-DF, CEP 73310-200 e o servico tera uma area aproximada de 156 m2. O escritorio de VARGEM
BONITA esta localizado no Setor Park Way - Nucleo Bandeirante, Brasilia - DF, CEP 71750-000 e o
servico tera uma area aproximada de 281,50 m2., conforme especificacoes constantes do Termo de
Referencia anexo I ao Edital, cuja abertura seria dia 21 de agosto de 2018 as 10:00h. Demais informacoes
poderao ser obtidas pelo telefone: (61) 3311-9325.
Brasilia/DF, 20 de agosto de 2018.
LUCIANA DE ANDRADE CAMPOS
Pregoeira
SECRETARIA DE ESTADO DE CIENCIA,
TECNOLOGIA E INOVACAO
FUNDACAO DE APOIO A PESQUISA DO DISTRITO FEDERAL
EXTRATO DO CONTRATO MULTIPLO DE PRESTACAO DE SERVICOS
E VENDA DE PRODUTOS - ECT.
PROCESSO: 00193-00000496/2019-83 PARTES: FUNDACAO DE APOIO A PESQUISA DO
DISTRITO FEDERAL - FAPDF, como CONTRATANTE, e a empresa EMPRESA BRASILEIRA DE
CORREIOS E TELEGRAFOS - ECT, como CONTRATADA. DO OBJETO: prestacao de servicos e venda
de produtos, que atendam as necessidades da CONTRATANTE, mediante adesao ao (s) anexo (s) deste
Instrumento Contratual que, individualmente, caracteriza (m) cada modalidade envolvida. VALOR: R$
9.000,00 (nove mil reais) e correra a conta de dotacoes orcamentarias consignadas no orcamento corrente
previsto em Lei Orcamentaria Anual. DA DOTACAO ORCAMENTARIA: UO: 20.202; PROGRAMA DE
TRABALHO: 19.122.6001.8517.0025, FONTE DE RECURSO: 100000000; UG: 150.201; GESTAO:
15201; EMPENHO INICIAL: 2019NE000573, DATADO DE: 15/08/2019; VALOR DO EMPENHO: R$
1.050,00 (mil e cinquenta reais); VIGENCIA: 60 (sessenta) meses. DA ASSINATURA: 26/08/2019. DOS
SIGNATARIOS: Pela FAPDF ALEXANDRE ANDRE DOS SANTOS, Diretor-Presidente e pela
CONTRATADA: KEILA CAITANO MORAIS DA SILVA, na qualidade de Gerente - G3 e ALINE
KAINICKAM DE ANDRADE SILVA, na qualidade de Chefe de Secao - G2.
SECRETARIA DE ESTADO DE SEGURANCA PUBLICA
COORDENACAO DE LICITACOES, CONTRATOS E CONVENIOS
AVISO DE ADJUDICACAO E HOMOLOGACAO
PREGAO ELETRONICO No 24/2019
PROCESSO: 00050-00060409/2018-36. TIPO: Menor Preco. OBJETO: Registro de Precos para futura
aquisicao de cadeados, luvas de procedimento, mascaras, lavadoras de alta pressao e bottons de identificacao
pessoal, para atender demandas da Secretaria de Estado de Seguranca Publica do Distrito Federal. A SSPDF
informa, com fulcro no inciso VI do artigo 8o, e inciso IX do Artigo 11 do Decreto no 5.450/2005, a
ADJUDICACAO do item 7 a empresa Marcio Sandro Mallet Pezarim, CNPJ 04.743.532/0001-70, no valor
unitario de R$ 7,50; dos itens 2, 3 e 5 no valor unitario de R$ 14,98, R$ 16,50 e R$ 5,87; do item 1 a empresa
Richele Farias dos Santos, CNPJ 22.842.364/0001-51, no valor unitario de R$ 54,20; do item 6 a empresa
ARZUL Comercio de Maquinas EIREL, CNPJ 26.544.764/0001-31; e do item 4 a empresa - PRO MAIS
Engenharia LTDA, CNPJ 27.737.397/0001-55, no valor unitario de R$ 14,75; o valor total licitado foi de R$
256.840,20; e a HOMOLOGACAO do certame.
Brasilia/DF, 30 de agosto de 2019.
AMILCAR UBIRATAN URACH VIEIRA
Coordenador
A",AVISO DE ADJUDICACAO E HOMOLOGACAO
2,111448118-111448140,"vo a retificacao da identidade do representante legal da empresa ao contrato
original - onde le-se: portador da Carteira de Identidade no MG10430114, leia-se: portador da Carteira
de Identidade no MG13575047 SSP-MG; e constitui tambem objeto deste Termo Aditivo a prorrogacao
do prazo de vigencia do contrato de prestacao de servicos no. 03/2018 por mais 12 (doze) meses, a
contar do ultimo dia do prazo de vigencia do contrato originario. Assinaturas: pela CEASA/DF:
WILDER DA SILVA SANTOS (Presidente), pela Empresa AGIEL: ANDRE LUIZ RIOS (Representante
legal).
SECRETARIA DE ESTADO DE SEGURANCA PUBLICA
SUBSECRETARIA DE ADMINISTRACAO GERAL
EXTRATO DE ATA DE REGISTRO DE PRECOS
Ata de Registro de Precos no 22/2019-SSPDF. Processo SEI-GDF no 00050-00046768/2019-61. Objeto:
Registro de Precos de instrumentos de menor potencial ofensivo (cartuchos, granadas, espargidores e
projeteis) para atender necessidades do Sistema Penitenciario do Distrito Federal conforme especificacoes,
quantitativos e condicoes estabelecidas no Termo de Referencia constante do Anexo I do Edital do PE
no 26/2019-SSPDF. Vigencia: 12 (doze) meses contados a partir da publicacao no DODF. Empresa
adjudicataria: CONDOR S/A INDUSTRIA QUIMICA; CNPJ: 30.092.431/0001-96; item 1 no valor
unitario de R$ 381,34; item 2 no valor unitario de R$ 114,44; item 3 no valor unitario de R$ 355,07;
item 4 no valor unitario de R$ 345,10; item 5 no valor unitario de R$ 279,89; item 6 no valor unitario
de R$ 407,86; item 7 no valor unitario de R$ 448,64; item 8 no valor unitario de R$ 350,21; item 9 no
valor unitario de R$ 281,67; item 10 no valor unitario de R$ 216,03; item 11 no valor unitario de R$
216,03. Signatarios: Pela Secretaria de Estado de Seguranca Publica do Distrito Federal: Alvaro Henrique
Ferreira dos Santos e pela empresa: CONDOR S/A INDUSTRIA QUIMICA: Luiz Cristiano Vallim
Monteiro.
COORDENACAO DE LICITACOES, CONTRATOS E CONVENIOS
AVISO DE ADJUDICACAO E HOMOLOGACAO
PREGAO ELETRONICO No 24/2019 (*)
PROCESSO: 00050-00060409/2018-36. TIPO: Menor Preco. OBJETO: Registro de Precos para futura
aquisicao de cadeados, luvas de procedimento, mascaras, lavadoras de alta pressao e bottons de
identificacao pessoal, para atender demandas da Secretaria de Estado de Seguranca Publica do Distrito
Federal. A SSPDF informa, com fulcro no inciso VI do artigo 8o, e inciso IX do Artigo 11 do
Decreto no 5.450/2005, a ADJUDICACAO do item 7 a empresa Marcio Sandro Mallet Pezarim, CNPJ
04.743.532/0001-70, no valor unitario de R$ 7,50; dos itens 2, 3 e 5 a empresa LICITARE Produtos,
Materiais e Servicos LTDA, CNPJ 18.641.075/0001-17, no valor unitario de R$ 14,98, R$ 16,50 e R$
5,87; do item 1 a empresa Richele Farias dos Santos, CNPJ 22.842.364/0001-51, no valor unitario de
R$ 54,20; do item 6 a empresa ARZUL Comercio de Maquinas EIREL, CNPJ 26.544.764/0001-31;
e do item 4 a empresa - PRO MAIS Engenharia LTDA, CNPJ 27.737.397/0001-55, no valor unitario
de R$ 14,75; o valor total licitado foi de R$ 256.840,20; e a HOMOLOGACAO do certam",AVISO DE ADJUDICACAO E HOMOLOGACAO
