,local,text,
0,66870245-66870267,"stro de Precos para futura aquisicao de racao canina superpremium para os caes da Diretoria
de Penitenciaria de Operacoes Especiais da Subsecretaria do Sistema Penitenciario do Distrito Federal,
visando atender demanda do Sistema Penitenciario do Distrito Federal e a Secretaria de Estado de
Seguranca Publica do Distrito Federal, conforme especificacoes e condicoes estabelecidas no Termo de
Referencia constante do Anexo I do Edital do PE no 01/2019-SSPDF. Vigencia: 12 (doze) meses, contados
a partir da assinatura da Ata de Registro de Precos: 22/05/2019. Empresa adjudicataria: AUTARQUIA
COMERCIO E SAUDE ANIMAL LTDA EPP, CNPJ: 07.764.000/0001-07, Item 1, valor unitario R$
220,00. SIGNATARIOS: Pela SECRETARIA DE ESTADO DE SEGURANCA PUBLICA: Alvaro
Henrique Ferreira dos Santos e pela empresa: AUTARQUIA COMERCIO E SAUDE ANIMAL LTDA
EPP: Cintia Sanchez Pecoraro.
ATA DE REGISTRO DE PRECOS No 17/2019-SSP. PROCESSO: 00050-00024628/2019-3 2 - S E I / G D F.
OBJETO: Registro de Precos de materiais para manutencao de bens imoveis para as unidades prisionais do
Sistema Penitenciario do Distrito Federal (REPETICAO DOS ITENS FRACASSADOS NO PREGAO No
03/2019); conforme especificacoes e condicoes estabelecidas no Termo de Referencia constante do Anexo
I do Edital do PE no 11/2019-SSPDF. Vigencia: 12 (doze) meses, contados a partir da publicacao no
DODF. Empresas adjudicatarias: CEMACO COMERCIO DE MATERIAIS DE CONSTRUCAO LTDA,
CNPJ: 26.500.918/0001-93, Item 1, valor unitario R$ 70,65 e NOVA ATACADISTA PARA
CONSTRUCAO, CNPJ: 26.392.294/0001-38, Item 2, valor unitario R$ 110,30. SIGNATARIOS: pela
SECRETARIA DE ESTADO DE SEGURANCA PUBLICA: Alvaro Henrique Ferreira dos Santos, e pelas
Empresas: CEMACO COMERCIO DE MATERIAIS DE CONSTRUCAO LTDA: Jose Severiano Bastos
e NOVA ATACADISTA PARA CONSTRUCAO: Alan Marques Almeida.
COORDENACAO DE LICITACOES CONTRATOS E CONVENIOS
AVISO DE ABERTURA DE LICITACAO
PREGAO ELETRONICO No 30/2018
Com tratamento favorecido e diferenciado a ME e EPP
PROCESSO: 00050-00021505/2018-69. TIPO: Menor Preco. OBJETO: Registro de Precos para futura
aquisicao de pastas, blocos de anotacoes, cartoes de identificacao em PVC e alvos para tiro, para atender
demanda unidades da Secretaria de Estado de Seguranca Publica do Distrito Federal. VALOR ESTIMADO: R$
97.575,00. PRAZOS: Entrega: ate 30 dias contados do recebimento da Nota de Empenho e/ou da assinatura do
contrato. Vigencia: da Ata de Registro de Precos: 12 meses; do Contrato: 90 (noventa) dias a partir da data da
assinatura.  DATA  DA SESSAO  PUBLICA:  12/06/2019  as 09:30  horas  no
www.comprasgovernamentais.gov.br. UASG 450107. Edital esta disponivel no endereco acima e no
h t t p : / / l i c i t a c o e s . s s p . d f . g o v. b r.
Brasilia/DF, 30 de maio de 2019.
GABRIELLA ALVES DA CUNHA
Pregoeira
No 102, sexta-feira, 31 de maio de 2019
PAGINA 141
Diario Oficial do Distrito Federal
Este documento pode ser verificado no endereco eletronico h t t p : / / w w w. i n . g o v. b r / a u t e n t i c i d a d e . h t m l
p",AVISO DE ABERTURA DE LICITACAO
1,75173079-75173101,"ove centavos). A ata e o termo de adjudicacao do pregao podem ser visualizados nos sites
www.comprasgovernamentais.gov.br e no portal SEAGRI/DF, ""Edital"".
NATANAEL FELIX DOS SANTOS
Gerente de Licitacoes
Pregoeiro
SECRETARIA DE ESTADO DE CIENCIA,
TECNOLOGIA E INOVACAO
FUNDACAO DE APOIO A PESQUISA DO DISTRITO FEDERAL
EDITAL No 01/2019, DE 07 DE MAIO DE 2019
APOIO A PARTICIPACAO EM EVENTOS, CURSOS DE CURTA DURACAO
OU VISITAS TECNICAS DE NATUREZA CIENTIFICA,
TECNOLOGICA E DE INOVACAO
RESULTADO PRELIMINAR
O DIRETOR-PRESIDENTE DA FUNDACAO DE APOIO A PESQUISA DO DISTRITO FEDERAL, no
uso de suas atribuicoes previstas no artigo 11, da Lei no 347, de 4 de novembro de 1992, alterada pela Lei
no 3.652, de 9 de agosto de 2005, do artigo 14, do Decreto no 27.958, de 16 de maio de 2007, e com fulcro
no artigo 13, do Regimento Interno, resolve: TORNAR PUBLICO o RESULTADO PRELIMINAR da
selecao das propostas de apoio financeiro a participacao em eventos, cursos de curta duracao ou visitas
tecnicas de natureza cientifica, tecnologica e de inovacao, referente as propostas que nao foram possiveis
estabelecer relacao com o Ranking Leiden. Como houve saldo remanescente para algumas categorias do
publico alvo do presente Edital, as propostas serao encaminhadas a consultores ad hoc para avaliacao. A
seguir e apresentada a relacao dos selecionados em ordem alfabetica e o valor do apoio financeiro: Adriana
de Souza Oliveira, R$ 6.000,00; Anabele Azevedo Lima, R$ 10.000,00; Elaine Silva Nascimento Andrade,
R$ 12.000,00; Joao Heitor Colombelli Manfrao Netto, R$ 2.000,00; Luiza Ianny de Lima, R$ 2.000,00;
Maria Isabel Ordonez Lozada, R$ 10.000,00; Mariane Sanches Leonel de Sousa, R$ 10.000,00; Raquel
Vitorio Pereira, R$ 2.000,00; Valquiria Cardoso Caldeira, R$ 2.000,00.
ALEXANDRE ANDRE DOS SANTOS
SECRETARIA DE ESTADO DE SEGURANCA PUBLICA
SUBSECRETARIA DE ADMINISTRACAO GERAL
COORDENACAO DE LICITACOES, CONTRATOS E CONVENIOS
AVISO DE ADJUDICACAO E HOMOLOGACAO
PREGAO ELETRONICO No 30/2018
Processo: 00050-00021505/2018-69. TIPO: Menor Preco. OBJETO: Registro de Precos para futura
aquisicao de pastas, blocos de anotacoes, cartoes de identificacao em PVC e alvos para tiro, para atender
demanda das unidades da Secretaria de Estado de Seguranca Publica do Distrito Federal. A SSPDF
informa, com fulcro no inciso IX do artigo 11, do Decreto no 5.450/2005, a ADJUDICACAO do item 4
a Print Graf - Grafica e Editora Eireli, CNPJ: 05.953.553/0001-82, no valor unitario de R$ 1,31; do item
5 a Unique Brasil Grafica e Editora Ltda, CNPJ: 08.839.695/0001-01, no valor unitario de R$ 1,97; do
item 2 a D & R Comercio de Bolsas e Acessorios Ltda, CNPJ: 09.674.711/0001-16, no valor unitario de
R$ 9,60; dos itens 3 e 7 a Meta Sinalizacao Visual Eireli, CNPJ: 17.978.226/0001-64, nos valores unitarios
de R$ 1,25 e R$ 0,42, respectivamente; do item 1 a BSA Tecnologia e Solucoes Ltda, CNPJ:
81.475.196/0001-72, no valor unitario de R$ 25,00. A SSPDF Informa ainda a HOMOLOGACAO do
certame com fulcro no inciso VI, do Artigo 8o, do ",AVISO DE ADJUDICACAO E HOMOLOGACAO
