,local,text,
0,296792676-296792698,"RITO FEDERAL-EMATER-DF e o CAMARA DE
DESENVOLVIMENTO E NEGOCIOS BRASIL-CHINA - CDNBC. Objeto: O presente Protocolo tem
por objetivo estabelecer estudos para viabilizar o desenvolvimento de intercambio tecnico, para
viabilizar a internacionalizacao dos produtos oriundos da producao rural do Distrito Federal, bem
como a apresentacao de projetos com a intencao de captacao de investimentos para sua efetiva
execucao. Paragrafo Unico. A implantacao deste Protocolo se dara por meio de instrumentos
especificos. Assinatura: 22/01/2020. Vigencia: 02 (dois) anos, contados da sua publicacao em
instrumento oficial de publicacao do Distrito Federal. Signatarios: P/EMATER-DF: Antonio Dantas
Costa Junior - Presidente em Exercicio. P/CDNBC: CHI RONGBIAO - Presidente.
SECRETARIA DE ESTADO DE SEGURANCA PUBLICA
SUBSECRETARIA DE ADMINISTRACAO GERAL
COORDENACAO DE LICITACOES CONTRATOS E CONVENIOS
AVISO DE ABERTURA DE LICITACAO - SRP
PREGAO ELETRONICO No 35/2019
Com participacao exclusiva das ME/MEI/EPP's
PROCESSO: 00050-00035077/2019-32. TIPO: Menor Preco. OBJETO: Registro de Precos para futura
aquisicao de materiais para manutencao de bens imoveis (materiais eletricos) para as unidades prisionais
da Subsecretaria do Sistema Penitenciario e unidades da Secretaria de Estado da Seguranca Publica.
VALOR ESTIMADO: Sigiloso para as empresas e sera aberto apos o encerramento da etapa de lances.
PRAZOS: De entrega: 30 (trinta) dias contados do recebimento da Nota de Empenho ou da assinatura do
contrato. VIGENCIAS: Da ata: 12 meses. Do Contrato: 120 (cento e vinte) dias a partir da data da
assinatura. DATA DA  SESSAO PUBLICA: 20/02/2020 as  9:00 horas no
www.comprasgovernamentais.gov.br. UASG 450107. Edital esta disponivel no endereco acima e no
h t t p : / / w w w. s s p . d f . g o v. b r / l i c i t a c o e s / .
Brasilia/DF, 04 de fevereiro de 2020
AMILCAR UBIRATAN URACH VIEIRA
Coordenador
AVISO DE ABERTURA DE LICITACAO
PREGAO ELETRONICO No 45/2019
Participacao exclusiva de ME/EPP
PROCESSO: 00050-00035682/2019-78. TIPO: Disputa pelo menor preco estimado (sigiloso) de um
quilograma da refeicao (almoco). OBJETO: Selecao de empresa especializada no fornecimento de servicos
de alimentacao, relativos a restaurante e lanchonete no pavimento terreo do Edificio Sede da Secretaria de
Estado de Seguranca de Publica do Distrito Federal, mediante concessao de uso onerosa de espaco publico
com area total de 76,79m2, localizada no Setor de Administracao Municipal - SAM, Bloco ""A"", Brasilia,
DF. VALOR DA CONTRATACAO: Pela concessao onerosa do espaco publico, a contratada pagara, a
Administracao, R$ 645,04 mensais, reajustaveis, e total anual de R$ 7.740,43. DOTACAO: Nao havera
desembolso pela Administracao. PRAZO DE VIGENCIA: O contrato tera vigencia de 60 meses a contar
da assinatura. DATA DA SESSAO PUBLICA: dia 17/02/2020 as 09h00min no endereco
www.comprasnet.gov.br UASG 450107.  Edital esta disponivel no endereco  acima  e  no
h t t p : / / w w w. s s p . d f . g o v. b r / l i c i t a c o e s .
Brasilia",AVISO DE ABERTURA DE LICITACAO
1,306750472-306750494,"u superior, 4 portas, capacidade minima para 5 pessoas incluindo o motorista,
ar condicionado (quente/frio) original de fabrica, motor dianteiro, a diesel, com turbo e Inter cooler,
volume 2 litros ou superior, minimo de 4 cilindros, em linha, conta giros, potencia 200 CV, torque de
44,9 Kgfm, Marca: S10 CD 2.8. Fabricante: Chevrolet. Modelo/Versao: S10 CD 2.8 e demais itens
conforme Edital de Pregao Eletronico N 17/2018 (Doe. Sei id 15205997) e Proposta (Doe. Sei id
35419681) e Item 22: Quantidade 01 (Uma) CAMINHONETE CABINE DUPLA, A DIESEL, tipo
picape, nova, ano de fabricacao/modelo 2018 ou superior, 4 portas, capacidade minima para 5 pessoas
incluindo o motorista, ar condicionado (quente/frio) original de fabrica, motor dianteiro, a diesel, com
turbo e Inter cooler, volume 2 litros ou superior, minimo de 4 cilindros, em linha, conta giros, potencia
200 CV, torque de 44,9 Kgfm, Marca: S10 CD 2.8. Fabricante: Chevrolet. Modelo/Versao: S10 CD 2.8
e demais itens conforme edital. (COTA RESERVADA 25%), que passam a integrar o presente Termo.
Valor: O valor total do Contrato e de R$974.680,00 (novecentos e setenta e quatro mil seiscentos e
oitenta reais). O empenho e de R$ 974.680,00 (novecentos e setenta e quatro mil seiscentos e oitenta
reais) conforme Nota de Empenho no 2020NE00072 emitida em 10/02/2020, sob o evento no 400091,
na modalidade  Ordinario, Unidade Orcamentaria: 14101,  Programa de Trabalho:
20.304.6201.2612.0002, Natureza da Despesa 449052, Fonte de Recurso: 132011195. Prazo de
Vigencia: O contrato tera vigencia desde a sua assinatura por ate 12 meses. Data de assinatura:
28/02/2020. Signatarios: Pela SEAGRI/DF: LUCIANO MENDES DA SILVA, na qualidade de
Secretario de Estado. Pela contratada: JUCCY ARAUJO AMORIM FILHO, na qualidade Representante
Legal.
SECRETARIA DE ESTADO DE SEGURANCA PUBLICA
SUBSECRETARIA DE ADMINISTRACAO GERAL
COORDENACAO DE LICITACOES CONTRATOS E CONVENIOS
AVISO DE ADJUDICACAO E HOMOLOGACAO
PREGAO ELETRONICO No 45/2019-SSP
Processo: 00050-00035682/2019-78. TIPO: Disputa pelo menor preco estimado (sigiloso) de um
quilograma da refeicao (almoco). OBJETO: Selecao de empresa especializada no fornecimento de
servicos de alimentacao, relativos a restaurante e lanchonete no pavimento terreo do Edificio Sede da
Secretaria de Estado de Seguranca de Publica do Distrito Federal, mediante concessao de uso onerosa
de espaco publico com area total de 76,79m2, localizada no Setor de Administracao Municipal - SAM,
Bloco ""A"", Brasilia, DF, Brasilia, DF. A SSPDF informa, com fulcro no inciso IX do artigo 17, e
inciso VI do Artigo 13 do Decreto no 10.024/2019, a ADJUDICACAO do objeto a RM Restaurante
e Lanchonete EIRELI - ME, CNPJ No: 22.414.980/0001-01, no valor unitario de R$ 21,53 por quilo
de refeicao; e a HOMOLOGACAO do certame.
Brasilia/DF, 28 de fevereiro de 2020.
AMILCAR UBIRATAN URACH VIEIRA
Coordenador
PAGINA 42
No 40, segunda-feira, 2 de marco de 2020
Diario Oficial do Distrito Federal
Este documento pode ser verificado no endereco eletronico ",AVISO DE ADJUDICACAO E HOMOLOGACAO
