,local,text,
0,65418084-65418106,"amento publico e facil acesso ao transporte publico. O aluguel
avencado devera ser reajustado anualmente, tendo por base a variacao do IPCA-A ou o que o Distrito
Federal estabelecer. A locacao reger-se-a pelas Leis no 8.245, de 18/10/91 e no 8.666/93, de 21/06/93, e
alteracoes posteriores. O Projeto Basico, com as especificacoes tecnicas exigidas do imovel e da
contratacao, podera ser retirado pelos interessados no Edificio Sede da SSP, localizado no Setor de
Administracao Municipal - SAM Conjunto ""A"" Bloco ""A"", 2o andar, sala 201 - COPLAN/SUAG/SSP, CEP
70.620-000 e as demais informacoes poderao ser adquiridas pelo telefone (61) 3441-8792 ou pelo E-mail:
dimap@ssp.df.gov.br. As propostas deverao ser entregues na Gerencia de Documentacao-GEDOC,
localizada no Terreo do Edificio sede da SSP, ate as 16 horas do dia 12/06/2014. Ao GDF reserva-se o
direito de optar pelo imovel que melhor atender as suas necessidades. As propostas que nao atenderem as
exigencias deste Aviso nao serao consideradas.
ALVARO HENRIQUE FERREIRA DOS SANTOS
Subsecretario de Administracao Geral
AVISO DE ABERTURA DE LICITACAO
PREGAO ELETRONICO No 22/2018
Com participacao exclusiva a ME e EPP
PROCESSO: SEI-GDF no 00050-00153415/2017-55. TIPO: Menor Preco. OBJETO: Aquisicao de
mangueira de incendio, redutores, esguichos e chaves de mangueira visando atender as unidades prisionais
do Distrito Federal. VALOR ESTIMADO: R$ 70.093,12. DOTACAO: UO: 24.101. PROGRAMA DE
TRABALHO: 14.421.6211.2727.0001 - FR: 100 - ND: 33.90.30. PRAZOS: Vigencia do contrato: 90
(noventa) dias a partir da data da assinatura. DATA DA SESSAO PUBLICA: 07/06/2019 as 09:30h no
www.comprasgovernamentais.gov.br. UASG 450107. O Edital esta disponivel no endereco acima e no
h t t p : / / l i c i t a c o e s . s s p . d f . g o v. b r.
Brasilia/DF, 29 de maio de 2019.
GABRIELLA ALVES DA CUNHA
Pregoeira
COORDENACAO DE LICITACOES CONTRATOS E CONVENIOS
AVISO DE ABERTURA DE LICITACAO - SRP
PREGAO ELETRONICO No 13/2019-SSPDF
PROCESSO SEI-GDF: 00050-00000904/2019-77. TIPO: Menor Preco. OBJETO: Registro de Precos de
fornecimento e instalacao de divisorias e acessorios para atender as necessidades da reforma do Edificio
Sede da Secretaria de Estado de Seguranca Publica do Distrito Federal. VALOR ESTIMADO: R$
1.594.869,76. PRAZOS: Instalacao: ate 15 dias uteis, para cada andar, contados do recebimento da Nota de
Empenho e/ou da assinatura do contrato. Vigencia: da Ata de Registro de Precos: 12 meses; do Contrato:
12 (doze) meses a partir da data da assinatura. DATA DA SESSAO PUBLICA: 12/06/2019 as 09:00 horas
no www.comprasgovernamentais.gov.br. UASG 450107. Edital esta disponivel no endereco acima e no
h t t p : / / l i c i t a c o e s . s s p . d f . g o v. b r.
Brasilia/DF, 29 de maio de 2019.
GABRIELLA ALVES DA CUNHA
Pregoeira
PAGINA 56
No 101, quinta-feira, 30 de maio de 2019
Diario Oficial do Distrito Federal
Este documento pode ser verificado no endereco eletronico h t t p : / / w w w. i n . g o v. b r / a u t e n t i c i d a d e . h t m l
pe",AVISO DE ABERTURA DE LICITACAO
1,73061531-73061553,"$ 2.000,00; Mariana de Carvalho, R$ 8.000,00;
Marilusa Pinto Coelho Lacerda, R$ 8.000,00; Matheus Couto Crisostomo, R$ 8.000,00; Matheus Leoni
Martins Nascimento, R$ 10.000,00; Matheus Machado Lopes, R$ 8.000,00; Michaella Socorro Bruce
Fialho, R$ 10.000,00; Murilo Borsio Bataglia, R$ 8.000,00; Mylene Christine Queiroz de Farias, R$
12.000,00; Naile Dame Teixeira, R$ 6.000,00; Nathalia Soares da Cruz, R$ 10.000,00; Neantro Saavedra
Rivano, R$ 10.000,00; Paolo Gessini, R$ 10.000,00; Patricia Vieira da Costa, R$ 8.000,00; Paulo Renato
de Freitas da Silva, R$ 10.000,00; Pavel Zaleski, R$ 8.000,00; Raul Dario Durand Farfan, R$ 10.000,00;
Rayane Maria Campos Lacourt, R$ 8.000,00; Rhaisa Naiade Pael Farias, R$ 10.000,00; Ricardo de
Oliveira Gaspar, R$ 2.000,00; Robert Rossi Silva de Mesquita, R$ 2.000,00; Roberto Lima de Moraes
Roberto Ramos, R$ 2.000,00; Rodrigo Arthuso Arantes Faria, R$ 10.000,00; Ronaldo Carneiro da Silva
Junior, R$ 10.000,00; Rosana Maria Tristao, R$ 10.000,00; Sebastien Roland Marie Joseph Rondineau, R$
10.000,00; Sergio Daniel Ruiz Diaz Arce, R$ 10.000,00; Shadia Husseini de Araujo, R$ 10.000,00; Sheila
Campos Chagas, R$ 8.000,00; Sidney Alcantara Pereira, R$ 8.000,00; Silvia Regina Starling Assad de
Avila, R$ 8.000,00; Stefan Fornos Klein, R$ 8.000,00; Stefannie de sa Ibraim, R$ 10.000,00; Sued Wilma
Caldas Melo, R$ 8.000,00; Susan Elizabeth Martins Cesar de Oliveira, R$ 8.000,00; Suzan Waleska
Pequeno Rodrigues, R$ 10.000,00; Tais de Sant Anna Machado, R$ 8.000,00; Theo Allan Darn Zapata, R$
8.000,00; Tiago Ribeiro Duarte, R$ 8.000,00; Valmi Hatje Faggion, R$ 12.000,00; Vivian Tais Fernandes
Cipriano, R$ 8.000,00; Yanne Marcela Soares Fernandes, R$ 8.000,00; Yuri Zeniti Sinzato, R$
10.000,00.
ALEXANDRE ANDRE DOS SANTOS
Diretor Presidente
SECRETARIA DE ESTADO DE SEGURANCA PUBLICA
SUBSECRETARIA DE ADMINISTRACAO GERAL
COORDENACAO DE LICITACOES, CONTRATOS E CONVENIOS
AVISO DE ADIAMENTO DE LICITACAO - SRP
PREGAO ELETRONICO No 13/2019
PROCESSO SEI-GDF: 00050-00000904/2019-77. TIPO: Menor Preco. OBJETO: Registro de Precos de
fornecimento e instalacao de divisorias e acessorios para atender as necessidades da reforma do Edificio
Sede da Secretaria de Estado de Seguranca Publica do Distrito Federal. VALOR ESTIMADO: R$
1.757.732,32. PRAZOS: Instalacao: ate 15 dias uteis, para cada andar, contados do recebimento da Nota
de Empenho e/ou da assinatura do contrato. Vigencia: da Ata de Registro de Precos: 12 meses; do
Contrato: 12 (doze) meses a partir da data da assinatura. NOVA DATA DA SESSAO PUBLICA:
27/06/2019 as 10:00 horas no www.comprasgovernamentais.gov.br. UASG 450107. Edital esta disponivel
no endereco acima e no http://www.ssp.df.gov.br/licitacoes.
Brasilia/DF, 11 de junho de 2019.
AMILCAR UBIRATAN URACH VIEIRA
POLICIA MILITAR DO DISTRITO FEDERAL
DEPARTAMENTO DE GESTAO PESSOAL
EDITAL No 117 - DGP/PMDF, DE 10 DE JUNHO DE 2019
CONCURSO PUBLICO DE ADMISSAO AO CURSO DE FORMACAO DE PRACAS
DA POLICIA MILITAR DO DISTRITO FEDERAL
CONVOCACAO PARA A MATRICULA NO ",AVISO DE ADIAMENTO DE LICITACAO
2,81598509-81598531," financeiro, tendo em vista que este ja ocorreu em sua totalidade. DAS RATIFICACOES:
continuam inalteradas as demais clausulas e condicoes constantes no Termo de Outorga e Aceitacao de
Apoio Financeiro originario. Data de assinatura: 07/06/2019.
ALEXANDRE ANDRE DOS SANTOS
EXTRATO DO PRIMEIRO TERMO ADITIVO AO TERMO DE OUTORGA E ACEITACAO DE
APOIO FINANCEIRO AO PROJETO DE PESQUISA No 021/2017 - CHAMADA PUBLICA
FAPDF/MS-DECIT/CNPQ/SESDF N 001/2016
Processo: 193.001.626/2016. PARTES: Fundacao de Apoio a Pesquisa do Distrito Federal-FAPDF, como
outorgante; ISIS MARIA QUEZADO SOARES MAGALHAES, como outorgada/coordenadora; Instituto
do Cancer Infantil e Pediatria Especializada - ICIPE, como Instituicao Executora. OBJETO: prorrogar o
prazo de vigencia do Termo de Outorga e Aceitacao no 021/2017 por mais 06 (seis) meses, contados a
partir de 29/06/2019, sem a possibilidade de novo repasse financeiro, tendo em vista que este ja ocorreu
em sua totalidade. DAS RATIFICACOES: continuam inalteradas as demais clausulas e condicoes
constantes no Termo de Outorga e Aceitacao de Apoio Financeiro originario. Data de assinatura:
28/05/2019.
ALEXANDRE ANDRE DOS SANTOS
RATIFICACAO DE DISPENSA DE LICITACAO
Processo: 00193-00000273/2019-16. Interessada: FUNDACAO DE APOIO A PESQUISA DO DISTRITO
FEDERAL. Objeto: aquisicao de certificados digitais. Tendo em vista Ato expresso da Superintendencia da
Unidade de Administracao Geral da Fundacao de Apoio, que pugnou pela contratacao do INSTITUTO
FENACON, CNPJ no 11.825.802/0001-57, no valor de R$ 1.008,00 (um mil oito reais), nos termos do
artigo 24, II, da Lei no 8.666/1993. RATIFICO o referido Ato, nos termos do artigo 26, da Lei no Lei no
8.666/1993. Brasilia, 27 de junho de 2019. ALEXANDRE ANDRE DOS SANTOS- Diret o r- P r e s i d e n t e .
SECRETARIA DE ESTADO DE SEGURANCA PUBLICA
SUBSECRETARIA DE ADMINISTRACAO GERAL
COORDENACAO DE LICITACOES CONTRATOS E CONVENIOS
AVISO DE AJUDICACAO E HOMOLOGACAO
PREGAO ELETRONICO No 13/2019
PROCESSO SEI-GDF: 00050-00000904/2019-77. TIPO: Menor Preco. OBJETO: Registro de Precos de
fornecimento e instalacao de divisorias e acessorios para atender as necessidades da reforma do Edificio
Sede da Secretaria de Estado de Seguranca Publica do Distrito Federal. A SSPDF informa, com fulcro no
inciso IX do artigo 11, do Decreto no 5.450/2005, a ADJUDICACAO do objeto certame a JR
COMERCIOS E VIDROS LTDA, CNPJ 12.500.834/0001-45, no valor de R$ 998.885,48; e a
HOMOLOGACAO do certame com fulcro no inciso VI, do Artigo 8o, do Decreto no 5.450/2005.
Brasilia/DF, 1o de julho de 2019.
AMILCAR UBIRATAN URACH VIEIRA
Coordenador
POLICIA MILITAR DO DISTRITO FEDERAL
DEPARTAMENTO DE GESTAO PESSOAL
EDITAL No 138, DE 01 DE JULHO DE 2019
CONCURSO PUBLICO DE ADMISSAO AO CURSO DE FORMACAO DE PRACAS DA POLICIA
MILITAR DO DISTRITO FEDERAL CFP/QPPMC
RETIFICACAO DO RESULTADO DA ETAPA DE SINDICANCIA
DA VIDA PREGRESSA E INVESTIGACAO SOCIAL DE CANDIDATOS
EM CONDICAO SUB JUDICE E RESULTADO
PRELIMINAR DOS CANDIDATOS
O CHEFE DO DEPARTAMENTO DE GESTA",AVISO DE AJUDICACAO E HOMOLOGACAO
