,local,text,
0,71569770-71569792,", contados da data de sua assinatura, porem
seus efeitos financeiros, retroativos a 1o/01/2018, para a repactuacao referente ao ano de 2018 e 1o/01/2019,
para a repactuacao referente ao ano de 2019.Da Ratificacao: Permanecem inalteradas as demais clausulas do
Contrato a que se refere o presente Apostilamento. Signatarios: ALVARO HENRIQUE FERREIRA DOS
SANTOS, Ordenador de despesas da SSP/DF e NELSON RIBEIRO NEVES, Representante Legal.
No 108, segunda-feira, 10 de junho de 2019
PAGINA 39
Diario Oficial do Distrito Federal
Este documento pode ser verificado no endereco eletronico h t t p : / / w w w. i n . g o v. b r / a u t e n t i c i d a d e . h t m l
pelo codigo 50012019061000039
Documento assinado digitalmente conforme MP no 2.200-2 de 24/08/2001, que institui a
Infraestrutura de Chaves Publicas Brasileira - ICP-Brasil.
APLICACAO DE PENALIDADE
PROCESSO: 00050-00019450/2018-27. O SUBSECRETARIO DE ADMINISTRACAO GERAL, DA
SECRETARIA DE ESTADO DE SEGURANCA PUBLICA DO DISTRITO FEDERAL, no uso das
atribuicoes conferidas pelo art. 13 do Decreto distrital no 26.851, de 30 de maio de 2006, resolve: APLICAR
A PENALIDADE de MULTA no valor de R$ 11.760,00 (onze mil setecentos e sessenta reais) e de
SUSPENSAO para participar de licitacoes e contratar com a Administracao Publica do Distrito Federal pelo
prazo de 12 (doze) meses, e suspensao, por igual periodo, do registro cadastral no Cadastro de Fornecedores
do Distrito Federal e no Sistema de Cadastramento Unificado de Fornecedores - SICAF, a empresa NT
NERIAH TECNOLOGIA EIRELI ME, inscrita no CNPJ sob no 16.596.849/0001-00, em razao da inexecucao
total dos Contratos no 013/2018-SSP e 031/2018 e nos termos do art. 4o, IV, e no art. 5o, III, do Decreto distrital
no 26.851/2006. Brasilia, 06 de junho de 2019. Alvaro Henrique Ferreira dos Santos - Subsecretario.
COORDENACAO DE LICITACOES, CONTRATOS E CONVENIOS
AVISO DE ABERTURA DE LICITACAO
PREGAO ELETRONICO No 22/2019
Com cota reservada para participacao das ME/EPP's
PROCESSO: 00050-00004195/2019-07. TIPO: Menor Preco. OBJETO: Contratacao de empresa
especializada na prestacao de servicos de limpeza e conservacao forma continua, com fornecimento de
materiais, para atender as unidades da Secretaria de Estado de Seguranca Publica do Distrito Federal. VALOR
ESTIMADO: R$ 11.047.493,63. PRAZOS: De inicio da execucao dos servicos: 5 dias uteis contados da
assinatura do contrato. De execucao: prestacao de servicos continuada, nos regimes de 36 e 44 horas
semanais. Vigencia do Contrato: 12 (doze) meses a partir da data da assinatura, podendo ser prorrogado.
DATA DA SESSAO PUBLICA: 25/06/2019 as 10:00 horas no www.comprasgovernamentais.gov.br. UASG
450107. Edital esta disponivel no endereco acima e no http://licitacoes.ssp.df.gov.br. A SSP informa que
disponibilizou no COMPRASNET todos os arquivos relativos as Planilhas de Formacao de Custos constante
dos anexos do Termo de Referencia que ficaram ""cortados"" na versao *.pdf divulgada junto ao edital.
Brasilia/DF, 07 de junho de 2019
AMILCAR",AVISO DE ABERTURA DE LICITACAO
1,90533274-90533296,"o Distrito Federal. A SSPDF informa, com
fulcro no inciso IX do artigo 11, do Decreto no 5.450/2005, a ADJUDICACAO do item 1 a empresa Ponto do
Artesao Comercio e Distribuidora Ltda, CNPJ 01.229.218/0001-51, no valor total de R$ 51.240,00; do item 2 a
empresa Almix Comercio de Suprimentos Eireli, CNPJ 11.594.621/0001-67 no valor total de R$ 5.976,00; do
item 3 a empresa J2 Comercio de Utilidades e Distribuidora Logistica Eireli; CNPJ: 13.816.522/0001-08, no
valor total de R$ 161,86; do item 4 a empresa BR Display e Placas Eireli, CNPJ: 42.941.690/0001-23, no valor
total de R$ 3.135,00. Informa ainda a HOMOLOGACAO do certame com fulcro no inciso VI do Artigo 8, do
Decreto no 5.450/2005.
Brasilia/DF, 18 de julho de 2019
AMILCAR UBIRATAN URACH VIEIRA
Coordenador de Licitacoes, Contratos e Convenios
AVISO DE ADJUDICACAO E HOMOLOGACAO
PREGAO ELETRONICO No 17/2019
PROCESSO: 00050-00050849/2018-85. TIPO: Menor Preco. OBJETO: Registro de Precos de material para
futura aquisicao de televisoes e Cartuchos/Tonners de impressao, para atender demandas da Secretaria de
Estado de Seguranca Publica do Distrito Federal. A SSPDF informa, com fulcro no inciso IX do artigo 11, do
Decreto no 5.450/2005, a ADJUDICACAO do item 1 a INFOJET Comercio e Servicos de Informatica LTDA,
CNPJ 05.888.814/0001-28, no valor total de R$ 14.398,90; do item 2 a CGF Comercio de Produtos de
Informatica, Escritorio e S, CNPJ 01.251.189/0001-58, no valor total de R$ 65.970,00; dos itens 3 e 5 a A H DA
S MORAES, CNPJ 02.437.839/0001-17, no valor total de R$ 3.250,00; dos itens 4 e 6 a R.N. BALTAZAR
Comercio de Informatica, CNPJ 26.668.902/0001-94, no valor total de R$ R$ 5.049,50; totalizando R$
88.668,40 licitados. A SSPDF informa ainda a HOMOLOGACAO do certame com fulcro no inciso VI do
Artigo 8o, do Decreto no 5.450/2005.
Brasilia/DF, 18 de julho de 2019
AMILCAR UBIRATAN URACH VIEIRA
Coordenador de Licitacoes, Contratos e Convenios
AVISO DE ADJUDICACAO E HOMOLOGACAO
PREGAO ELETRONICO No 22/2019
PROCESSO: 00050-00004195/2019-07. TIPO: Menor Preco. OBJETO: Contratacao de empresa especializada
na prestacao de servicos de limpeza e conservacao forma continua, com fornecimento de materiais, para atender
as unidades da Secretaria de Estado de Seguranca Publica do Distrito Federal. A SSPDF informa, com fulcro
nos incisos V e VI, do artigo 8o e no inciso IX do Artigo 11, do Decreto no 5.450/2005, a ADJUDICACAO dos
grupos 1 e 3 a empresa SERVEGEL Apoio Administrativo e Suporte Operacional Ltda. CNPJ
01.608.603/0001-33, no valor anual de R$ 7.562.507,28; e dos grupos 2 e 4 a empresa R&R Servicos de
Limpeza e Conservacao Ltda., CNPJ: 08.173.071/0001-06, no valor anual de R$ 1.627.922,86; e a
HOMOLOGACAO do certame.
Brasilia/DF, 18 de julho de 2019
AMILCAR UBIRATAN URACH VIEIRA
Coordenador de Licitacoes, Contratos e Convenios
TERMO DE COOPERACAO TECNICA QUE ENTRE SI CELEBRAM A
ASSOCIACAO DE CULTURA FRANCO-BRASILEIRA DE BRASILIA - ACFB
E A SECRETARIA DE ESTADO DE SEGURANCA PUBLICA
DO DISTRITO FEDERAL (SSP-DF) NA FORMA A",AVISO DE ADJUDICACAO E HOMOLOGACAO
2,95044612-95044634," especies nativas para
a restauracao florestal no ambito do Programa Produtor de Agua- Projeto Pipiripau. A EMATER-DF
informa a ADJUDICACAO e HOMOLOGACAO final do certame, com fulcro no Decreto no 5.450/2005,
DE 31/05/2005, a empresa VERDE FLORA PAISAGISMO LTDA, CNPJ no 05.122.612/0001-70, no valor
total de R$ 108.000,00 (cento e oito mil reais). Assina: Antonio Dantas Costa Junior - Presidente em
Exercicio
SECRETARIA DE ESTADO DE SEGURANCA PUBLICA
EXTRATO DO CONTRATO DE PRESTACAO DE SERVICOS No 043/2019,
NOS TERMOS DO PADRAO No 04/2002
INSTITUIDO PELO DECRETO/DF N 23.287/2002
Processo: 00050.00004195/2019-07. Partes: o Distrito Federal, por meio da SECRETARIA DE
ESTADO DE SEGURANCA PUBLICA e a empresa R&R SERVICOS DE LIMPEZA E
CONSERVACAO, inscrita no CNPJ No 08.173.071/0001-06 e inscricao estadual no 07.478.815/001-87.
Do Objeto: O presente CONTRATO, tem por objeto a contratacao de empresa especializada na
prestacao de servicos de limpeza e conservacao forma continua, com fornecimento de materiais, para
atender o Grupo 2 e 4, conforme detalhamento das condicoes, quantidades e especificacoes constantes
do Termo de Referencia, do Edital do Pregao Eletronico no 022/2019 - SSPDF e Proposta da
Contratada. Do valor: O valor total do contrato e de R$ 1.627.922,86. Evento: 400091. Modalidade:
Estimativo. Unidade Orcamentaria: 24101. Programa de Trabalho: 06.122.6008.8517.0006 e
14.421.6211.2727.0001. Natureza da Despesa: 33.90.39. Fontes de Recurso: 100. Unidade Gestora:
220101. Gestao: 00001. Nota de Empenho inicial: no 2019NE01114, 2019NE01115 e 2019NE01116.
Da vigencia: de 12 (doze) meses a contar de 01/08/2019. Da data da assinatura: 25/07/2019.
Signatarios: pelo Distrito Federal: ANDERSON GUSTAVO TORRES, Secretario de Estado de
Seguranca Publica do Distrito Federal; pela Contratada: RENATO DE LIMA MONICA, Representante
Legal.
EXTRATO DO CONTRATO DE PRESTACAO DE SERVICOS No 042/2019,
NOS TERMOS DO PADRAO No 04/2002
INSTITUIDO PELO DECRETO/DF No 23.287/2002.
Processo: 00050-00004195/2019-07. Partes: o Distrito Federal, por meio da SECRETARIA DE
ESTADO DE SEGURANCA PUBLICA DO DISTRITO FEDERAL e a empresa SERVEGEL APOIO
ADMINISTRATIVO E SUPORTE OPERACIONAL LTDA, inscrita no Cadastro Nacional de Pessoa
Juridica do Ministerio da Fazenda sob o no 01.608.603/00001-33. Do objeto: O presente CONTRATO,
tem por objeto a contratacao de empresa especializada na prestacao de servicos de limpeza e
conservacao forma continua, com fornecimento de materiais, para atender o Grupo 1 e 3, conforme
detalhamento das condicoes, quantidades e especificacoes constantes do Termo de Referencia, do
Edital do Pregao Eletronico no 022/2019- SSPDF e Proposta da Contratada.Do valor: O valor total do
contrato e de R$ 7.562.507,28. Evento: 400091. Modalidade: Estimativo; Unidade Orcamentaria:
24101. Programa de Trabalho: 06.122.6008.8517.0006 e 14.421.6211.2727.0001. Natureza da Despesa:
33.90.39. Fontes de Recurso: 100.Unidade Gestora: 220101. Gestao: 00001. Nota de Empenho inicial:
no 2019NE0111 E 2019",EXTRATO DO CONTRATO DE PRESTACAO DE SERVICOS
3,102275878-102275900,"a data de sua publicacao.
ANDERSON GUSTAVO TORRES
DESPACHO DO SECRETARIO
Em 13 de agosto de 2019
REFERENCIA: Processo no 00050-00039330/2019-27. INTERESSADOS: Bp. Jose Manoel Gonzalez e
Subsecretaria do Sistema Penitenciario - SESIPE/SSP. ASSUNTO: Recurso interposto contra sancao de
suspensao da prestacao de assistencia religiosa. ACOLHO a Nota Tecnica SEI-GDF n.o 239/2019 -
SSP/GAB/AJL (26289722), da Assessoria Juridico-Legislativa, a qual adoto como razoes de decidir e, em
observancia a legislacao de regencia, DECIDO: I - receber o recurso interposto por Jose Manoel Gonzalez;
II - INTERROMPER a suspensao imposta ao recorrente pelo Subsecretario do Sistema Penitenciario, a
contar da publicacao desta decisao; III - DETERMINAR a remessa dos autos, paralela e sucessivamente,
para: III.I - SESIPE/SSP, para ciencia e cumprimento da presente decisao, bem como para comunicacao ao
juizo da Vara de Execucoes Penais do Distrito Federal; III.II - SUAG/SSP, para adocao das providencias
necessarias a publicacao da presente decisao no Diario Oficial do Distrito Federal.
ANDERSON GUSTAVO TORRES
SUBSECRETARIA DE ADMINISTRACAO GERAL
ORDEM DE SERVICO No 229, DE 06 DE AGOSTO DE 2019
O SUBSECRETARIO DE ADMINISTRACAO GERAL, DA SECRETARIA DE ESTADO DE
SEGURANCA PUBLICA DO DISTRITO FEDERAL, no uso das atribuicoes que lhe confere a Portaria
no 141, de 30 de junho de 2015, desta Secretaria, cumulado com o artigo 102, incisos I e V, do
Regimento Interno da Secretaria de Estado da Seguranca Publica do Distrito Federal, aprovado pelo
Decreto no 28.691, de 17 de janeiro de 2008; e, em conformidade com os termos do inciso II, artigo 41
do Decreto no 32.598, de 15 de dezembro de 2010, combinado com o artigo 67 da Lei no 8.666 de 21
de junho de 1993, resolve:
Art. 1 Designar JOSE MUNDIM JUNIOR, matricula no 63.743-2, e FERNANDO CESAR NEVES,
matricula no 1.669.739-1, respectivamente, como Executor e Suplente do Contrato de Prestacao de
Servicos N 042/2019-SSP/DF, originario do Processo SEI-GDF no 00050-00004195/2019-07 -SSP/DF,
firmado com a empresa SERVEGEL APOIO ADMINISTRATIVO E SUPORTE OPERACIONAL LT D A ,
que tem por objeto a prestacao de servicos de limpeza e conservacao forma continua, com fornecimento
de materiais, para atender o Edificio Sede da SSP, Almoxarifado (Anexo I da SSP), Subsecretaria de
Operacoes Integradas - SPI, Centro de Progressao Penitenciaria - CPP, Centro de Detencao Provisorio -
CDP, Penitenciaria I do Distrito Federal - PDF I, Penitenciaria II do Distrito Federal - PDF II, Centro
de Internamento e Reeducacao - CIR, Diretoria Penitenciaria de Operacoes Especiais - DPOE,
Penitenciaria Feminina do Distrito Federal - PFDF, Centro de Detencao Provisoria I, II, III, IV, todos,
unidades da Secretaria de Estado de Seguranca Publica do Distrito Federal.
Art. 2 Designar JOSE MUNDIM JUNIOR, matricula no 63.743-2, e FERNANDO CESAR NEVES,
matricula no 1.669.739-1, respectivamente, como Executor e Suplente do Contrato de Aquisicao de Bens
N 043/2019-SSP/DF, originario do Processo SEI-G", Designar 
4,102276906-102276928,"ecisao no Diario Oficial do Distrito Federal.
ANDERSON GUSTAVO TORRES
SUBSECRETARIA DE ADMINISTRACAO GERAL
ORDEM DE SERVICO No 229, DE 06 DE AGOSTO DE 2019
O SUBSECRETARIO DE ADMINISTRACAO GERAL, DA SECRETARIA DE ESTADO DE
SEGURANCA PUBLICA DO DISTRITO FEDERAL, no uso das atribuicoes que lhe confere a Portaria
no 141, de 30 de junho de 2015, desta Secretaria, cumulado com o artigo 102, incisos I e V, do
Regimento Interno da Secretaria de Estado da Seguranca Publica do Distrito Federal, aprovado pelo
Decreto no 28.691, de 17 de janeiro de 2008; e, em conformidade com os termos do inciso II, artigo 41
do Decreto no 32.598, de 15 de dezembro de 2010, combinado com o artigo 67 da Lei no 8.666 de 21
de junho de 1993, resolve:
Art. 1 Designar JOSE MUNDIM JUNIOR, matricula no 63.743-2, e FERNANDO CESAR NEVES,
matricula no 1.669.739-1, respectivamente, como Executor e Suplente do Contrato de Prestacao de
Servicos N 042/2019-SSP/DF, originario do Processo SEI-GDF no 00050-00004195/2019-07 -SSP/DF,
firmado com a empresa SERVEGEL APOIO ADMINISTRATIVO E SUPORTE OPERACIONAL LT D A ,
que tem por objeto a prestacao de servicos de limpeza e conservacao forma continua, com fornecimento
de materiais, para atender o Edificio Sede da SSP, Almoxarifado (Anexo I da SSP), Subsecretaria de
Operacoes Integradas - SPI, Centro de Progressao Penitenciaria - CPP, Centro de Detencao Provisorio -
CDP, Penitenciaria I do Distrito Federal - PDF I, Penitenciaria II do Distrito Federal - PDF II, Centro
de Internamento e Reeducacao - CIR, Diretoria Penitenciaria de Operacoes Especiais - DPOE,
Penitenciaria Feminina do Distrito Federal - PFDF, Centro de Detencao Provisoria I, II, III, IV, todos,
unidades da Secretaria de Estado de Seguranca Publica do Distrito Federal.
Art. 2 Designar JOSE MUNDIM JUNIOR, matricula no 63.743-2, e FERNANDO CESAR NEVES,
matricula no 1.669.739-1, respectivamente, como Executor e Suplente do Contrato de Aquisicao de Bens
N 043/2019-SSP/DF, originario do Processo SEI-GDF no 00050-00004195/2019-07 -SSP/DF, firmado
com a empresa R&R SERVICOS DE LIMPEZA E CONSERVACAO LTDA, que tem por objeto a
prestacao de servicos de limpeza e conservacao forma continua, com fornecimento de materiais, para
atender a Subsecretaria do Sistema de Defesa Civil - SUDEC, a Subsecretaria do Sistema Penitenciario
- SESIPE, o Centro Integrado de Monitoracao Eletronica - CIME/SESIPE, Centro Integrado de
Operacoes Aereas e o HANGAR 33 do Aeroporto Internacional de Brasilia Juscelino Kubitscheck de
Oliveira, Gerencia de Transporte e Manutencao de Veiculos - GETRAM, todos, unidades da Secretaria
de Estado de Seguranca Publica do Distrito Federal.
Art. 3 Ao Executor e Suplente designados nos artigos acima, cabe o cumprimento das atribuicoes
expressas na Portaria no 24/2002-SSP, publicada na pag. 8, do DODF no 98, de 24/05/2002, bem como
ao estabelecido no Decreto no 32.598, de 15/12/2010, publicado nas paginas 4/14 do DODF no 238, de
16/12/2010 e, em especial, ao que dispoe o art. 66, c/c o 1o, art. 67, da Le",Designar
5,102907288-102907310,"irada do aludido EP.
Art. 3o Notifique-se o servidor deste Ato.
Art. 4o Esta Ordem de Servico entra em vigor na data de sua publicacao.
ADVAL CARDOSO DE MATOS
SUBSECRETARIA DE ADMINISTRACAO GERAL
ORDEM DE SERVICO No 191, DE 10 DE JULHO DE 2019 (*)
O SUBSECRETARIO DE ADMINISTRACAO GERAL, DA SECRETARIA DE ESTADO DE
SEGURANCA PUBLICA DO DISTRITO FEDERAL, no uso das atribuicoes decorrentes da delegacao de
competencia que lhe confere o artigo 1o da Portaria no 155 de 17 de outubro de 2018, resolve:
CONCEDER afastamento do cargo ocupado para participar de curso de formacao previsto como etapa de
concurso publico, com fundamento na combinacao dos artigos 25, 27 e 162, da Lei Complementar no
840/2011, ao servidor DIEGO DE SOUZA RODRIGUES, Agente de Atividades Penitenciarias, matricula
n 1.689.228-3, para ingresso no Curso de Formacao de Pracas da Policia Militar do Distrito Federal
(CFP/PMDF), no dia 03 de junho de 2019, conforme Processo SEI 00050-00024407/2019-64.
ALVARO HENRIQUE FERREIRA DOS SANTOS
(*) Republicada por ter sido encaminhada com incorrecoes no original, publicada no DODF no 129, de
11/07/2019, pagina 20.
ORDEM DE SERVICO No 229, DE 06 DE AGOSTO DE 2019 (*)
O SUBSECRETARIO DE ADMINISTRACAO GERAL, DA SECRETARIA DE ESTADO DE
SEGURANCA PUBLICA DO DISTRITO FEDERAL, no uso das atribuicoes que lhe confere a Portaria no
141, de 30 de junho de 2015, desta Secretaria, cumulado com o artigo 102, incisos I e V, do Regimento
Interno da Secretaria de Estado da Seguranca Publica do Distrito Federal, aprovado pelo Decreto no
28.691, de 17 de janeiro de 2008; e, em conformidade com os termos do inciso II, artigo 41 do Decreto
no 32.598, de 15 de dezembro de 2010, combinado com o artigo 67 da Lei no 8.666 de 21 de junho de
1993, resolve:
Art. 1 Designar JOSE MUNDIM JUNIOR, matricula no 63.743-2, e FERNANDO CESAR NEVES,
matricula no 1.669.739-1, respectivamente, como Executor e Suplente do Contrato de Prestacao de Servicos
N 042/2019-SSP/DF, originario do Processo SEI-GDF no 00050-00004195/2019-07 -SSP/DF, firmado
com a empresa SERVEGEL APOIO ADMINISTRATIVO E SUPORTE OPERACIONAL LTDA, que tem
por objeto a prestacao de servicos de limpeza e conservacao forma continua, com fornecimento de
materiais, para atender o Edificio Sede da SSP, Almoxarifado (Anexo I da SSP), Subsecretaria de
Operacoes Integradas - SPI, Centro de Progressao Penitenciaria - CPP, Centro de Detencao Provisorio -
CDP, Penitenciaria I do Distrito Federal - PDF I, Penitenciaria II do Distrito Federal - PDF II, Centro de
Internamento e Reeducacao - CIR, Diretoria Penitenciaria de Operacoes Especiais - DPOE, Penitenciaria
Feminina do Distrito Federal - PFDF, Centro de Detencao Provisoria I, II, III, IV, todos, unidades da
Secretaria de Estado de Seguranca Publica do Distrito Federal.
Art. 2 Designar JOSE MUNDIM JUNIOR, matricula no 63.743-2, e FERNANDO CESAR NEVES,
matricula no 1.669.739-1, respectivamente, como Executor e Suplente do Contrato de Aquisicao de Bens
N 043/2019-SSP/DF, originario do Processo SEI-GDF ", Designar
6,102908313-102908335,"por ter sido encaminhada com incorrecoes no original, publicada no DODF no 129, de
11/07/2019, pagina 20.
ORDEM DE SERVICO No 229, DE 06 DE AGOSTO DE 2019 (*)
O SUBSECRETARIO DE ADMINISTRACAO GERAL, DA SECRETARIA DE ESTADO DE
SEGURANCA PUBLICA DO DISTRITO FEDERAL, no uso das atribuicoes que lhe confere a Portaria no
141, de 30 de junho de 2015, desta Secretaria, cumulado com o artigo 102, incisos I e V, do Regimento
Interno da Secretaria de Estado da Seguranca Publica do Distrito Federal, aprovado pelo Decreto no
28.691, de 17 de janeiro de 2008; e, em conformidade com os termos do inciso II, artigo 41 do Decreto
no 32.598, de 15 de dezembro de 2010, combinado com o artigo 67 da Lei no 8.666 de 21 de junho de
1993, resolve:
Art. 1 Designar JOSE MUNDIM JUNIOR, matricula no 63.743-2, e FERNANDO CESAR NEVES,
matricula no 1.669.739-1, respectivamente, como Executor e Suplente do Contrato de Prestacao de Servicos
N 042/2019-SSP/DF, originario do Processo SEI-GDF no 00050-00004195/2019-07 -SSP/DF, firmado
com a empresa SERVEGEL APOIO ADMINISTRATIVO E SUPORTE OPERACIONAL LTDA, que tem
por objeto a prestacao de servicos de limpeza e conservacao forma continua, com fornecimento de
materiais, para atender o Edificio Sede da SSP, Almoxarifado (Anexo I da SSP), Subsecretaria de
Operacoes Integradas - SPI, Centro de Progressao Penitenciaria - CPP, Centro de Detencao Provisorio -
CDP, Penitenciaria I do Distrito Federal - PDF I, Penitenciaria II do Distrito Federal - PDF II, Centro de
Internamento e Reeducacao - CIR, Diretoria Penitenciaria de Operacoes Especiais - DPOE, Penitenciaria
Feminina do Distrito Federal - PFDF, Centro de Detencao Provisoria I, II, III, IV, todos, unidades da
Secretaria de Estado de Seguranca Publica do Distrito Federal.
Art. 2 Designar JOSE MUNDIM JUNIOR, matricula no 63.743-2, e FERNANDO CESAR NEVES,
matricula no 1.669.739-1, respectivamente, como Executor e Suplente do Contrato de Aquisicao de Bens
N 043/2019-SSP/DF, originario do Processo SEI-GDF no 00050-00004195/2019-07 -SSP/DF, firmado
com a empresa R&R SERVICOS DE LIMPEZA E CONSERVACAO LTDA, que tem por objeto a
prestacao de servicos de limpeza e conservacao forma continua, com fornecimento de materiais, para
atender a Subsecretaria do Sistema de Defesa Civil - SUDEC, a Subsecretaria do Sistema Penitenciario -
SESIPE, o Centro Integrado de Monitoracao Eletronica - CIME/SESIPE, Centro Integrado de Operacoes
Aereas e o HANGAR 33 do Aeroporto Internacional de Brasilia Juscelino Kubitscheck de Oliveira,
Gerencia de Transporte e Manutencao de Veiculos - GETRAM, todos, unidades da Secretaria de Estado de
Seguranca Publica do Distrito Federal.
Art. 3 Ao Executor e Suplente designados nos artigos acima, cabe o cumprimento das atribuicoes
expressas na Portaria no 24/2002-SSP, publicada na pag. 8, do DODF no 98, de 24/05/2002, bem como ao
estabelecido no Decreto no 32.598, de 15/12/2010, publicado nas paginas 4/14 do DODF no 238, de
16/12/2010 e, em especial, ao que dispoe o art. 66, c/c o 1o, art. 67, da Le",Designar 
7,108062884-108062906,"S DOS SANTOS, matricula 100685-1, Auxiliar de Desenvolvimento e Fiscalizacao
Agropecuaria, Classe Padrao BC-10, do Quadro de Pessoal do Distrito Federal; nos termos do art.
142, da LC no 840/2011, Processo: 00070-00004327/2019-18.
ROSSI DA SILVA ARAUJO
SECRETARIA DE ESTADO DE SEGURANCA PUBLICA
PORTARIA No 109, DE 23 DE AGOSTO DE 2019
O SECRETARIO DE ESTADO DE SEGURANCA PUBLICA DO DISTRITO FEDERAL, no uso das
atribuicoes que lhe conferem o artigo 102, inciso V, do Regimento Interno da SSP/DF, aprovado pelo
Decreto no 28.691, de 17 de janeiro de 2008, resolve:
Art. 1o Autorizar, com fundamento Decreto no 39.573/2018, o deslocamento e a correspondente concessao
de passagens, seguro viagem e diarias em beneficio do Senhor Secretario Executivo, Dr. Alessandro
Moretti, e do Senhor Assessor Especial da Secretaria Executiva, Rodrigo Cardoso, para realizarem visita
tecnica ao Centro de Controle e Comando (C5) da Cidade do Mexico, no periodo de 03 a 07 de setembro
de 2019, na Cidade do Mexico - Mexico.
Art. 2o Esta Portaria entra em vigor na data de sua publicacao.
ANDERSON GUSTAVO TORRES
SUBSECRETARI DE ADMINISTRACAO GERAL
ORDEM DE SERVICO No 243, DE 21 DE AGOSTO DE 2019
O SUBSECRETARIO DE ADMINISTRACAO GERAL, DA SECRETARIA DE ESTADO DE
SEGURANCA PUBLICA DO DISTRITO FEDERAL, no uso das atribuicoes que lhe confere a Portaria no
141, de 30 de junho de 2015, desta Secretaria, cumulado com o artigo 102, incisos I e V, do Regimento
Interno da Secretaria de Estado da Seguranca Publica do Distrito Federal, aprovado pelo Decreto no 28.691,
de 17 de janeiro de 2008, e, em conformidade com os termos do artigo 41, II, do Decreto no 32.598, de 15
de dezembro de 2010, combinado com o artigo 67 da Lei no 8.666, de 21 de junho de 1993, resolve:
Art. 1 Designar JOSE MUNDIM JUNIOR, matricula no 63.743-2, e FERNANDO CESAR NEVES,
matricula no 1.669.739-1, respectivamente, como Executor Central e Suplente do Contrato de Prestacao de
Servicos N 042/2019-SSP/DF, originario do Processo SEI-GDF no 00050-00004195/2019-07 -SSP/DF,
firmado com a empresa SERVEGEL APOIO ADMINISTRATIVO E SUPORTE OPERACIONAL LT D A ,
que tem por objeto a prestacao de servicos de limpeza e conservacao forma continua, com fornecimento de
materiais, para atender o Edificio Sede da SSP, Almoxarifado (Anexo I da SSP), Subsecretaria de Operacoes
Integradas - SOPI, Centro de Progressao Penitenciaria - CPP, Centro de Detencao Provisoria - CDP,
Penitenciaria I do Distrito Federal - PDF I, Penitenciaria II do Distrito Federal - PDF II, Centro de
Internamento e Reeducacao - CIR, Diretoria Penitenciaria de Operacoes Especiais - DPOE, Penitenciaria
Feminina do Distrito Federal - PFDF, Centro de Detencao Provisoria I, II, III, IV, todos unidades da
Secretaria de Estado de Seguranca Publica do Distrito Federal.
Art. 2o Designar os servidores ELIANE MARTINS DA SILVA, matricula no 78.356-9, e THIAGO MATEUS
GONCALVES CARNEIRO, matricula no 1.692.856-3, como Executor Local e Suplente, respectivamente, do
Contrato de Prestacao de Servico no 04",Designar
8,108064512-108064534," Decreto no 32.598, de 15
de dezembro de 2010, combinado com o artigo 67 da Lei no 8.666, de 21 de junho de 1993, resolve:
Art. 1 Designar JOSE MUNDIM JUNIOR, matricula no 63.743-2, e FERNANDO CESAR NEVES,
matricula no 1.669.739-1, respectivamente, como Executor Central e Suplente do Contrato de Prestacao de
Servicos N 042/2019-SSP/DF, originario do Processo SEI-GDF no 00050-00004195/2019-07 -SSP/DF,
firmado com a empresa SERVEGEL APOIO ADMINISTRATIVO E SUPORTE OPERACIONAL LT D A ,
que tem por objeto a prestacao de servicos de limpeza e conservacao forma continua, com fornecimento de
materiais, para atender o Edificio Sede da SSP, Almoxarifado (Anexo I da SSP), Subsecretaria de Operacoes
Integradas - SOPI, Centro de Progressao Penitenciaria - CPP, Centro de Detencao Provisoria - CDP,
Penitenciaria I do Distrito Federal - PDF I, Penitenciaria II do Distrito Federal - PDF II, Centro de
Internamento e Reeducacao - CIR, Diretoria Penitenciaria de Operacoes Especiais - DPOE, Penitenciaria
Feminina do Distrito Federal - PFDF, Centro de Detencao Provisoria I, II, III, IV, todos unidades da
Secretaria de Estado de Seguranca Publica do Distrito Federal.
Art. 2o Designar os servidores ELIANE MARTINS DA SILVA, matricula no 78.356-9, e THIAGO MATEUS
GONCALVES CARNEIRO, matricula no 1.692.856-3, como Executor Local e Suplente, respectivamente, do
Contrato de Prestacao de Servico no 042/2019-SSP/DF, originario do Processo SEI-GDF no 00050-
00004195/2019-07, firmado  com a  SERVEGEL APOIO ADMINISTRATIVO  E SUPORTE
OPERACIONAL LTDA, tendo por objeto a prestacao de servicos de limpeza e conservacao forma continua,
com fornecimento de materiais, para atender a Penitenciaria I do Distrito Federal - PDF I.
Art. 3o Designar os servidores DEIDSON BRIAN ROCHA DOS REIS OLIVEIRA, matricula no 177.730-0,
e SOLANGE JOSE DA ROCHA, matricula no 1.692.982-9, como Executor Local e Suplente,
respectivamente, do Contrato de Prestacao de Servico no 042/2019-SSP/DF, originario do Processo SEI-GDF
no 00050-00004195/2019-07, firmado com a SERVEGEL APOIO ADMINISTRATIVO E S U P O RT E
OPERACIONAL LTDA, tendo por objeto a prestacao de servicos de limpeza e conservacao forma continua,
com fornecimento de materiais, para atender a Penitenciaria II do Distrito Federal - PDF II.
Art. 4o Designar os servidores MAYK STEVE RICHTER NOBRE, matricula no 181.501-6, e VALTER
LUNA DA SILVA, matricula no 178.419-6, como Executor Local e Suplente, respectivamente, do Contrato
de Prestacao de Servico no 042/2019-SSP/DF, originario do Processo SEI-GDF no 00050-00004195/2019-07,
firmado com a SERVEGEL APOIO ADMINISTRATIVO E SUPORTE OPERACIONAL LTDA, tendo por
objeto a prestacao de servicos de limpeza e conservacao forma continua, com fornecimento de materiais, para
atender ao Centro de Internamento e Reeducacao - CIR.
Art. 5o Designar os servidores DOUGLAS CAMPOS DOS SANTOS, matricula no 181.557-1, e ELLEN
PIRANGI CALDAS, matricula no 178.575-2, como Executor Local e Suplente, respectivamente, do Contrato
de Prestacao de Ser", Designar
9,108065056-108065078,"onservacao forma continua, com fornecimento de
materiais, para atender o Edificio Sede da SSP, Almoxarifado (Anexo I da SSP), Subsecretaria de Operacoes
Integradas - SOPI, Centro de Progressao Penitenciaria - CPP, Centro de Detencao Provisoria - CDP,
Penitenciaria I do Distrito Federal - PDF I, Penitenciaria II do Distrito Federal - PDF II, Centro de
Internamento e Reeducacao - CIR, Diretoria Penitenciaria de Operacoes Especiais - DPOE, Penitenciaria
Feminina do Distrito Federal - PFDF, Centro de Detencao Provisoria I, II, III, IV, todos unidades da
Secretaria de Estado de Seguranca Publica do Distrito Federal.
Art. 2o Designar os servidores ELIANE MARTINS DA SILVA, matricula no 78.356-9, e THIAGO MATEUS
GONCALVES CARNEIRO, matricula no 1.692.856-3, como Executor Local e Suplente, respectivamente, do
Contrato de Prestacao de Servico no 042/2019-SSP/DF, originario do Processo SEI-GDF no 00050-
00004195/2019-07, firmado  com a  SERVEGEL APOIO ADMINISTRATIVO  E SUPORTE
OPERACIONAL LTDA, tendo por objeto a prestacao de servicos de limpeza e conservacao forma continua,
com fornecimento de materiais, para atender a Penitenciaria I do Distrito Federal - PDF I.
Art. 3o Designar os servidores DEIDSON BRIAN ROCHA DOS REIS OLIVEIRA, matricula no 177.730-0,
e SOLANGE JOSE DA ROCHA, matricula no 1.692.982-9, como Executor Local e Suplente,
respectivamente, do Contrato de Prestacao de Servico no 042/2019-SSP/DF, originario do Processo SEI-GDF
no 00050-00004195/2019-07, firmado com a SERVEGEL APOIO ADMINISTRATIVO E S U P O RT E
OPERACIONAL LTDA, tendo por objeto a prestacao de servicos de limpeza e conservacao forma continua,
com fornecimento de materiais, para atender a Penitenciaria II do Distrito Federal - PDF II.
Art. 4o Designar os servidores MAYK STEVE RICHTER NOBRE, matricula no 181.501-6, e VALTER
LUNA DA SILVA, matricula no 178.419-6, como Executor Local e Suplente, respectivamente, do Contrato
de Prestacao de Servico no 042/2019-SSP/DF, originario do Processo SEI-GDF no 00050-00004195/2019-07,
firmado com a SERVEGEL APOIO ADMINISTRATIVO E SUPORTE OPERACIONAL LTDA, tendo por
objeto a prestacao de servicos de limpeza e conservacao forma continua, com fornecimento de materiais, para
atender ao Centro de Internamento e Reeducacao - CIR.
Art. 5o Designar os servidores DOUGLAS CAMPOS DOS SANTOS, matricula no 181.557-1, e ELLEN
PIRANGI CALDAS, matricula no 178.575-2, como Executor Local e Suplente, respectivamente, do Contrato
de Prestacao de Servico no 042/2019-SSP/DF, originario do Processo SEI-GDF no 00050-00004195/2019-07,
firmado com a SERVEGEL APOIO ADMINISTRATIVO E SUPORTE OPERACIONAL LTDA, tendo por
objeto a prestacao de servicos de limpeza e conservacao forma continua, com fornecimento de materiais, para
atender ao Centro de Detencao Provisorio - CDP.
Art. 6o Designar os servidores RAILSON SILVA GUILHON, matricula no 76.209-1, e ALBINO BATISTA
RIBEIRO, matricula no 107.146-7, como Executor Local e Suplente, respectivamente, do Contrato de
Prestacao de Servico no 042/2019",Designar
10,108065593-108065615," todos unidades da
Secretaria de Estado de Seguranca Publica do Distrito Federal.
Art. 2o Designar os servidores ELIANE MARTINS DA SILVA, matricula no 78.356-9, e THIAGO MATEUS
GONCALVES CARNEIRO, matricula no 1.692.856-3, como Executor Local e Suplente, respectivamente, do
Contrato de Prestacao de Servico no 042/2019-SSP/DF, originario do Processo SEI-GDF no 00050-
00004195/2019-07, firmado  com a  SERVEGEL APOIO ADMINISTRATIVO  E SUPORTE
OPERACIONAL LTDA, tendo por objeto a prestacao de servicos de limpeza e conservacao forma continua,
com fornecimento de materiais, para atender a Penitenciaria I do Distrito Federal - PDF I.
Art. 3o Designar os servidores DEIDSON BRIAN ROCHA DOS REIS OLIVEIRA, matricula no 177.730-0,
e SOLANGE JOSE DA ROCHA, matricula no 1.692.982-9, como Executor Local e Suplente,
respectivamente, do Contrato de Prestacao de Servico no 042/2019-SSP/DF, originario do Processo SEI-GDF
no 00050-00004195/2019-07, firmado com a SERVEGEL APOIO ADMINISTRATIVO E S U P O RT E
OPERACIONAL LTDA, tendo por objeto a prestacao de servicos de limpeza e conservacao forma continua,
com fornecimento de materiais, para atender a Penitenciaria II do Distrito Federal - PDF II.
Art. 4o Designar os servidores MAYK STEVE RICHTER NOBRE, matricula no 181.501-6, e VALTER
LUNA DA SILVA, matricula no 178.419-6, como Executor Local e Suplente, respectivamente, do Contrato
de Prestacao de Servico no 042/2019-SSP/DF, originario do Processo SEI-GDF no 00050-00004195/2019-07,
firmado com a SERVEGEL APOIO ADMINISTRATIVO E SUPORTE OPERACIONAL LTDA, tendo por
objeto a prestacao de servicos de limpeza e conservacao forma continua, com fornecimento de materiais, para
atender ao Centro de Internamento e Reeducacao - CIR.
Art. 5o Designar os servidores DOUGLAS CAMPOS DOS SANTOS, matricula no 181.557-1, e ELLEN
PIRANGI CALDAS, matricula no 178.575-2, como Executor Local e Suplente, respectivamente, do Contrato
de Prestacao de Servico no 042/2019-SSP/DF, originario do Processo SEI-GDF no 00050-00004195/2019-07,
firmado com a SERVEGEL APOIO ADMINISTRATIVO E SUPORTE OPERACIONAL LTDA, tendo por
objeto a prestacao de servicos de limpeza e conservacao forma continua, com fornecimento de materiais, para
atender ao Centro de Detencao Provisorio - CDP.
Art. 6o Designar os servidores RAILSON SILVA GUILHON, matricula no 76.209-1, e ALBINO BATISTA
RIBEIRO, matricula no 107.146-7, como Executor Local e Suplente, respectivamente, do Contrato de
Prestacao de Servico no 042/2019-SSP/DF, originario do Processo SEI-GDF no 00050-00004195/2019-07,
firmado com a SERVEGEL APOIO ADMINISTRATIVO E SUPORTE OPERACIONAL LTDA, tendo por
objeto a prestacao de servicos de limpeza e conservacao forma continua, com fornecimento de materiais, para
atender a Penitenciaria Feminina do Distrito Federal - PFDF.
Art. 7o Designar os servidores DANILO FREIRE DE SOUSA, matricula no 1.676.202-9, e LETICIA
AMARAL NETO, matricula no 176.569-8, como Executor Local e Suplente, respectivamente, do Contrato de
Prestacao de Servico no 042",Designar
11,108066121-108066143,"forma continua,
com fornecimento de materiais, para atender a Penitenciaria I do Distrito Federal - PDF I.
Art. 3o Designar os servidores DEIDSON BRIAN ROCHA DOS REIS OLIVEIRA, matricula no 177.730-0,
e SOLANGE JOSE DA ROCHA, matricula no 1.692.982-9, como Executor Local e Suplente,
respectivamente, do Contrato de Prestacao de Servico no 042/2019-SSP/DF, originario do Processo SEI-GDF
no 00050-00004195/2019-07, firmado com a SERVEGEL APOIO ADMINISTRATIVO E S U P O RT E
OPERACIONAL LTDA, tendo por objeto a prestacao de servicos de limpeza e conservacao forma continua,
com fornecimento de materiais, para atender a Penitenciaria II do Distrito Federal - PDF II.
Art. 4o Designar os servidores MAYK STEVE RICHTER NOBRE, matricula no 181.501-6, e VALTER
LUNA DA SILVA, matricula no 178.419-6, como Executor Local e Suplente, respectivamente, do Contrato
de Prestacao de Servico no 042/2019-SSP/DF, originario do Processo SEI-GDF no 00050-00004195/2019-07,
firmado com a SERVEGEL APOIO ADMINISTRATIVO E SUPORTE OPERACIONAL LTDA, tendo por
objeto a prestacao de servicos de limpeza e conservacao forma continua, com fornecimento de materiais, para
atender ao Centro de Internamento e Reeducacao - CIR.
Art. 5o Designar os servidores DOUGLAS CAMPOS DOS SANTOS, matricula no 181.557-1, e ELLEN
PIRANGI CALDAS, matricula no 178.575-2, como Executor Local e Suplente, respectivamente, do Contrato
de Prestacao de Servico no 042/2019-SSP/DF, originario do Processo SEI-GDF no 00050-00004195/2019-07,
firmado com a SERVEGEL APOIO ADMINISTRATIVO E SUPORTE OPERACIONAL LTDA, tendo por
objeto a prestacao de servicos de limpeza e conservacao forma continua, com fornecimento de materiais, para
atender ao Centro de Detencao Provisorio - CDP.
Art. 6o Designar os servidores RAILSON SILVA GUILHON, matricula no 76.209-1, e ALBINO BATISTA
RIBEIRO, matricula no 107.146-7, como Executor Local e Suplente, respectivamente, do Contrato de
Prestacao de Servico no 042/2019-SSP/DF, originario do Processo SEI-GDF no 00050-00004195/2019-07,
firmado com a SERVEGEL APOIO ADMINISTRATIVO E SUPORTE OPERACIONAL LTDA, tendo por
objeto a prestacao de servicos de limpeza e conservacao forma continua, com fornecimento de materiais, para
atender a Penitenciaria Feminina do Distrito Federal - PFDF.
Art. 7o Designar os servidores DANILO FREIRE DE SOUSA, matricula no 1.676.202-9, e LETICIA
AMARAL NETO, matricula no 176.569-8, como Executor Local e Suplente, respectivamente, do Contrato de
Prestacao de Servico no 042/2019-SSP/DF, originario do Processo SEI-GDF no 00050-00004195/2019-07,
firmado com a SERVEGEL APOIO ADMINISTRATIVO E SUPORTE OPERACIONAL LTDA, tendo por
objeto a prestacao de servicos de limpeza e conservacao forma continua, com fornecimento de materiais, para
atender ao Centro de Progressao Penitenciaria - CPP.
Art. 8o Designar os servidores JORGE LUIZ AVILA COUTINHO, matricula no 181.568-7, e LEANDRO
FLORES SAMPAIO, matricula no 1.686.222-8, como Executor Local e Suplente, respectivamente, do
Contrato de Prestacao de Se",Designar
12,108066663-108066685,"a e conservacao forma continua,
com fornecimento de materiais, para atender a Penitenciaria II do Distrito Federal - PDF II.
Art. 4o Designar os servidores MAYK STEVE RICHTER NOBRE, matricula no 181.501-6, e VALTER
LUNA DA SILVA, matricula no 178.419-6, como Executor Local e Suplente, respectivamente, do Contrato
de Prestacao de Servico no 042/2019-SSP/DF, originario do Processo SEI-GDF no 00050-00004195/2019-07,
firmado com a SERVEGEL APOIO ADMINISTRATIVO E SUPORTE OPERACIONAL LTDA, tendo por
objeto a prestacao de servicos de limpeza e conservacao forma continua, com fornecimento de materiais, para
atender ao Centro de Internamento e Reeducacao - CIR.
Art. 5o Designar os servidores DOUGLAS CAMPOS DOS SANTOS, matricula no 181.557-1, e ELLEN
PIRANGI CALDAS, matricula no 178.575-2, como Executor Local e Suplente, respectivamente, do Contrato
de Prestacao de Servico no 042/2019-SSP/DF, originario do Processo SEI-GDF no 00050-00004195/2019-07,
firmado com a SERVEGEL APOIO ADMINISTRATIVO E SUPORTE OPERACIONAL LTDA, tendo por
objeto a prestacao de servicos de limpeza e conservacao forma continua, com fornecimento de materiais, para
atender ao Centro de Detencao Provisorio - CDP.
Art. 6o Designar os servidores RAILSON SILVA GUILHON, matricula no 76.209-1, e ALBINO BATISTA
RIBEIRO, matricula no 107.146-7, como Executor Local e Suplente, respectivamente, do Contrato de
Prestacao de Servico no 042/2019-SSP/DF, originario do Processo SEI-GDF no 00050-00004195/2019-07,
firmado com a SERVEGEL APOIO ADMINISTRATIVO E SUPORTE OPERACIONAL LTDA, tendo por
objeto a prestacao de servicos de limpeza e conservacao forma continua, com fornecimento de materiais, para
atender a Penitenciaria Feminina do Distrito Federal - PFDF.
Art. 7o Designar os servidores DANILO FREIRE DE SOUSA, matricula no 1.676.202-9, e LETICIA
AMARAL NETO, matricula no 176.569-8, como Executor Local e Suplente, respectivamente, do Contrato de
Prestacao de Servico no 042/2019-SSP/DF, originario do Processo SEI-GDF no 00050-00004195/2019-07,
firmado com a SERVEGEL APOIO ADMINISTRATIVO E SUPORTE OPERACIONAL LTDA, tendo por
objeto a prestacao de servicos de limpeza e conservacao forma continua, com fornecimento de materiais, para
atender ao Centro de Progressao Penitenciaria - CPP.
Art. 8o Designar os servidores JORGE LUIZ AVILA COUTINHO, matricula no 181.568-7, e LEANDRO
FLORES SAMPAIO, matricula no 1.686.222-8, como Executor Local e Suplente, respectivamente, do
Contrato de Prestacao de Servico no 042/2019-SSP/DF, originario do Processo SEI-GDF no 00050-
00004195/2019-07, firmado  com a  SERVEGEL APOIO ADMINISTRATIVO  E SUPORTE
OPERACIONAL LTDA, tendo por objeto a prestacao de servicos de limpeza e conservacao forma continua,
com fornecimento de materiais, para atender a Diretoria Penitenciaria de Operacoes Especiais - DPOE.
Art. 9o Designar os servidores VITOR BOAVENTURA PROENCA ROCHA, matricula no 190.612-7, e
KELY DE SOUZA ALMEIDA DUTRA, matricula no 187.609-0, como Executor Local e Suplente,
respectivamente, do Contr",Designar 
13,108067784-108067806,"nto de materiais, para
atender ao Centro de Detencao Provisorio - CDP.
Art. 6o Designar os servidores RAILSON SILVA GUILHON, matricula no 76.209-1, e ALBINO BATISTA
RIBEIRO, matricula no 107.146-7, como Executor Local e Suplente, respectivamente, do Contrato de
Prestacao de Servico no 042/2019-SSP/DF, originario do Processo SEI-GDF no 00050-00004195/2019-07,
firmado com a SERVEGEL APOIO ADMINISTRATIVO E SUPORTE OPERACIONAL LTDA, tendo por
objeto a prestacao de servicos de limpeza e conservacao forma continua, com fornecimento de materiais, para
atender a Penitenciaria Feminina do Distrito Federal - PFDF.
Art. 7o Designar os servidores DANILO FREIRE DE SOUSA, matricula no 1.676.202-9, e LETICIA
AMARAL NETO, matricula no 176.569-8, como Executor Local e Suplente, respectivamente, do Contrato de
Prestacao de Servico no 042/2019-SSP/DF, originario do Processo SEI-GDF no 00050-00004195/2019-07,
firmado com a SERVEGEL APOIO ADMINISTRATIVO E SUPORTE OPERACIONAL LTDA, tendo por
objeto a prestacao de servicos de limpeza e conservacao forma continua, com fornecimento de materiais, para
atender ao Centro de Progressao Penitenciaria - CPP.
Art. 8o Designar os servidores JORGE LUIZ AVILA COUTINHO, matricula no 181.568-7, e LEANDRO
FLORES SAMPAIO, matricula no 1.686.222-8, como Executor Local e Suplente, respectivamente, do
Contrato de Prestacao de Servico no 042/2019-SSP/DF, originario do Processo SEI-GDF no 00050-
00004195/2019-07, firmado  com a  SERVEGEL APOIO ADMINISTRATIVO  E SUPORTE
OPERACIONAL LTDA, tendo por objeto a prestacao de servicos de limpeza e conservacao forma continua,
com fornecimento de materiais, para atender a Diretoria Penitenciaria de Operacoes Especiais - DPOE.
Art. 9o Designar os servidores VITOR BOAVENTURA PROENCA ROCHA, matricula no 190.612-7, e
KELY DE SOUZA ALMEIDA DUTRA, matricula no 187.609-0, como Executor Local e Suplente,
respectivamente, do Contrato de Prestacao de Servico no 043/2019-SSP/DF, originario do Processo de
Prestacao de Servicos no 00050-00004195/2019-07, firmado com a R&R SERVICOS DE LIMPEZA E
CONSERVACAO LTDA, tendo por objeto a prestacao de servicos de limpeza e conservacao forma continua,
com fornecimento de materiais, para atender a Subsecretaria do Sistema Penitenciario - SESIPE.
Art. 10. Aos Executores e Suplentes designados nesta Ordem de Servico, cabe o cumprimento das atribuicoes
expressas na Portaria no 24/2002-SSP, publicada no DODF no 98, de 24/05/2002, p. 8, bem como ao
estabelecido no Decreto no 32.598, de 15/12/2010, publicado no DODF no 238, de 16/12/2010, pp. 4/14, e,
SUPERINTENDENCIA DE OBRAS
ORDEM DE SERVICO No 39, DE 27 DE AGOSTO DE 2019
O SUPERINTENDENTE DE OBRAS, DO DEPARTAMENTO DE ESTRADAS DE RODAGEM DO
DISTRITO FEDERAL, usando das atribuicoes regimentais que lhe sao conferidas pelo Artigo 52 do Decreto
no 37.949 de 12 de janeiro de 2017, combinado com a Instrucao no 26 de 09 de marco de 2017 - DG, e de acordo
com as disposicoes contidas no Decreto no 32.598, de 15 de dezembro de 2010 e suas alteracoes, resolve", Designar
14,285616982-285617004,"; ii) para o item II - universidade
distrital: 1o Centro Brasileiro de Pesquisa em Avaliacao e Selecao e de Promocao de Eventos -
CEBRASPE, CNPJ no 18.284.407/0001-53. Inabilitados os seguintes proponente: Fundacao Telefonica
Vivo, CNPJ no 02.985.136/0001-23; Instituto Educacao, Esporte, Cultura e Artes Populares - IECAP, CNPJ
no 04.319.160/0001-59; Uniao Planetaria, CNPJ no 02.755.157/0001-52; Casa de Educacao Anisio Teixeira
- CEAT, CNPJ no 24.028.616/0001-39; e Associacao de Startups e Empreendedores Digitais, CNPJ no
17.236.339/0001-94. Nos termos do item 9.3 do edital, as organizacoes da sociedade civil poderao interpor
recurso deste resultado provisorio, no prazo de 5 dias, a contar da publicacao no Diario Oficial do Distrito
Federal.
ELISABETE RIBEIRO ALCANTARA LOPES
Diretora-Presidente
SECRETARIA DE ESTADO DE SEGURANCA PUBLICA
EXTRATO DO 2 TERMO ADITIVO AO CONTRATO PARA PRESTACAO DE SERVICOS
No 001/2019, NOS TERMOS DO PADRAO No 14/2002
INSTITUIDO PELO DECRETO/DF N 23.287/2002
Processo: 00050-00006406/2018-57. n.o SIGGO 038514. Partes: o Distrito Federal, por meio da
SECRETARIA DE ESTADO DE SEGURANCA PUBLICA DO DISTRITO FEDERAL e a empresa
GLS ENGENHARIA E CONSULTORIA LTDA, inscrita no CNPJ No 68.558.972/0001-30. Do Objeto:
prorrogacao do prazo de vigencia do contrato por mais 12 (doze) meses, a contar de 30/01/2020 a
29/01/2021. Do valor: 1.023.402,88 (Um milhao, vinte e tres mil, quatrocentos e dois reais, e oitenta
e oito centavos). Unidade Orcamentaria: 24101. Programa de Trabalho: 06122600285170006. Natureza
da Despesa: 33.90.39. Fontes de Recurso: 100. Da data da assinatura: 15/01/2020. Signatarios: pelo
Distrito Federal: ANDERSON GUSTAVO TORRES, Secretario de Estado de Seguranca Publica do
Distrito Federal; pela Contratada: RONALDO ALVES KARAM e SOLANGE SUSINI DO CARMO,
Representantes Legais.
EXTRATO DO 1 TERMO ADITIVO AO CONTRATO PARA PRESTACAO DE SERVICOS
No 042/2019, NOS TERMOS DO PADRAO No 13/2002
INSTITUIDO PELO DECRETO/DF N 23.287/2002
Processo: 00050-00004195/2019-07. n.o SIGGO 039434. Partes: o Distrito Federal, por meio da
SECRETARIA DE ESTADO DE SEGURANCA PUBLICA DO DISTRITO FEDERAL e a empresa
SERVEGEL APOIO ADMINISTRATIVO E SUPORTE OPERACIONAL LTDA, inscrita no CNPJ No
01.608.603/0001-33. Do Objeto: adequacao da jornada de trabalho e supressao de 34,09 % (trinta e
quatro inteiros e nove centesimos por cento) do valor inicialmente pactuado. Unidade Orcamentaria:
24101. Programa de Trabalho: 06.122.6008.8517.0006 e 14.421.6211.2727.0001. Natureza da Despesa:
33.90.39. Fontes de Recurso: 100. Da data da assinatura: 15/01/2020. Signatarios: pelo Distrito
Federal: ANDERSON GUSTAVO TORRES, Secretario de Estado de Seguranca Publica do Distrito
Federal; pela Contratada: MARCELO HENRY SOARES MONTEIRO, Representante Legal.
EXTRATO DO 2 TERMO ADITIVO AO CONTRATO PARA PRESTACAO DE SERVICOS No
041/2019-SSDF, NOS TERMOS DO PADRAO No 13/2002 INSTITUIDO PELO DECRETO/DF N
23.287/2002 Processo: 00050-00157370/2017-98. n.o SIGGO 039433. Partes: o Distrito Feder",EXTRATO DO 1 TERMO ADITIVO AO CONTRATO PARA PRESTACAO DE SERVICOS
15,317283399-317283421,"21h05 as 22h45, as quintas de 19h15 as 22h45, 
as sextas de 21h05 as 22h45 e aos sabados das 8h30 as 12h, no periodo de 01 de agosto de 
2019 a 18 de dezembro de 2019, nos termos do inciso III do artigo 61 da Lei 
Complementar no 840, de 23 de dezembro de 2011, e conforme Processo SEI n 00050-
00037482/2018-12.
ANDERSON GUSTAVO TORRES
PORTARIA No 44, DE 23 DE MARCO DE 2020
O SECRETARIO DE ESTADO DE SEGURANCA PUBLICA DO DISTRITO 
FEDERAL, no uso das atribuicoes que lhe confere o Art. 227, inciso II e XV, do Decreto 
n 40.079, de 04 de setembro de 2019, resolve: CONCEDER, em carater de homologacao, 
horario especial por motivo de estudo, com compensacao de horario, ao servidor FABIO 
MARCIO COSTA BASTOS, matricula 177.763-7, lotado na Gerencia de Vigilancia do 
Centro de Progressao Penitenciaria da Subsecretaria do Sistema Penitenciario, para cursar 
as materias do curso de Lingua Inglesa e Respectiva Literatura, de segunda a quinta-feira, 
das 08h as 12h, e as sextas-feiras, das 10h as 12h, no periodo de 05 de agosto de 2019 a 17 
de dezembro de 2019, nos termos do inciso III do artigo 61 da Lei Complementar no 840, 
de 23 de dezembro de 2011, e conforme Processo SEI n 00050-00014389/2019-11.
ANDERSON GUSTAVO TORRES
SUBSECRETARIA DE ADMINISTRACAO GERAL
 
ORDEM DE SERVICO No 60, DE 24 DE MARCO DE 2020
O SUBSECRETARIO DE ADMINISTRACAO GERAL, DA SECRETARIA DE 
ESTADO DE SEGURANCA PUBLICA DO DISTRITO FEDERAL, no uso das 
atribuicoes que lhe confere a Portaria no 141, de 30 de junho de 2015, desta Secretaria, 
cumulado com o inciso XI, artigo 28, do Regimento Interno da Secretaria de Estado da 
Seguranca Publica do Distrito Federal, aprovado pelo Decreto no 40.079, de 04 de 
setembro de 2019; combinado com o artigo 67 da Lei no 8.666 de 21 de junho de 1993, 
resolve:
Art. 1 Dispensar KELY DE SOUZA ALMEIDA DUTRA, matricula no 187.609-0, da 
funcao de Suplente Local do Contrato de Prestacao de Servicos no 043/2019-SSP/DF, 
originario do Processo de Prestacao de Servicos no 00050-00004195/2019-07, firmado 
com a R&R SERVICOS DE LIMPEZA E CONSERVACAO LTDA, tendo por objeto a 
prestacao de servicos de limpeza e conservacao forma continua, com fornecimento de 
materiais, para atender a Subsecretaria do Sistema Penitenciario - SESIPE.
Art. 2 Designar RUAN GONCALVES DA SILVA, matricula 187.597-3, como Suplente 
Local do Contrato de Prestacao de Servicos no 043/2019-SSP/DF, originario do Processo 
de Prestacao de Servicos no 00050-00004195/2019-07, firmado com a R&R SERVICOS 
DE LIMPEZA E CONSERVACAO LTDA, tendo por objeto a prestacao de servicos de 
limpeza e conservacao forma continua, com fornecimento de materiais, para atender a 
Subsecretaria do Sistema Penitenciario - SESIPE.
Art. 3 Ao Suplente designado nesta Ordem de Servico, cabe o cumprimento das 
atribuicoes expressas na Portaria no 119, de 04 de setembro de 2019, desta Pasta, na 
Circular n.o 2/2020 - SSP/SUAG/SAS, bem como ao estabelecido no Decreto no 32.598, 
de 15/12/2010, na IN-SEGES/MPDG n.o 05/2017 e, em especial,",Designar
16,317283853-317283875,"tribuicoes que lhe confere o Art. 227, inciso II e XV, do Decreto 
n 40.079, de 04 de setembro de 2019, resolve: CONCEDER, em carater de homologacao, 
horario especial por motivo de estudo, com compensacao de horario, ao servidor FABIO 
MARCIO COSTA BASTOS, matricula 177.763-7, lotado na Gerencia de Vigilancia do 
Centro de Progressao Penitenciaria da Subsecretaria do Sistema Penitenciario, para cursar 
as materias do curso de Lingua Inglesa e Respectiva Literatura, de segunda a quinta-feira, 
das 08h as 12h, e as sextas-feiras, das 10h as 12h, no periodo de 05 de agosto de 2019 a 17 
de dezembro de 2019, nos termos do inciso III do artigo 61 da Lei Complementar no 840, 
de 23 de dezembro de 2011, e conforme Processo SEI n 00050-00014389/2019-11.
ANDERSON GUSTAVO TORRES
SUBSECRETARIA DE ADMINISTRACAO GERAL
 
ORDEM DE SERVICO No 60, DE 24 DE MARCO DE 2020
O SUBSECRETARIO DE ADMINISTRACAO GERAL, DA SECRETARIA DE 
ESTADO DE SEGURANCA PUBLICA DO DISTRITO FEDERAL, no uso das 
atribuicoes que lhe confere a Portaria no 141, de 30 de junho de 2015, desta Secretaria, 
cumulado com o inciso XI, artigo 28, do Regimento Interno da Secretaria de Estado da 
Seguranca Publica do Distrito Federal, aprovado pelo Decreto no 40.079, de 04 de 
setembro de 2019; combinado com o artigo 67 da Lei no 8.666 de 21 de junho de 1993, 
resolve:
Art. 1 Dispensar KELY DE SOUZA ALMEIDA DUTRA, matricula no 187.609-0, da 
funcao de Suplente Local do Contrato de Prestacao de Servicos no 043/2019-SSP/DF, 
originario do Processo de Prestacao de Servicos no 00050-00004195/2019-07, firmado 
com a R&R SERVICOS DE LIMPEZA E CONSERVACAO LTDA, tendo por objeto a 
prestacao de servicos de limpeza e conservacao forma continua, com fornecimento de 
materiais, para atender a Subsecretaria do Sistema Penitenciario - SESIPE.
Art. 2 Designar RUAN GONCALVES DA SILVA, matricula 187.597-3, como Suplente 
Local do Contrato de Prestacao de Servicos no 043/2019-SSP/DF, originario do Processo 
de Prestacao de Servicos no 00050-00004195/2019-07, firmado com a R&R SERVICOS 
DE LIMPEZA E CONSERVACAO LTDA, tendo por objeto a prestacao de servicos de 
limpeza e conservacao forma continua, com fornecimento de materiais, para atender a 
Subsecretaria do Sistema Penitenciario - SESIPE.
Art. 3 Ao Suplente designado nesta Ordem de Servico, cabe o cumprimento das 
atribuicoes expressas na Portaria no 119, de 04 de setembro de 2019, desta Pasta, na 
Circular n.o 2/2020 - SSP/SUAG/SAS, bem como ao estabelecido no Decreto no 32.598, 
de 15/12/2010, na IN-SEGES/MPDG n.o 05/2017 e, em especial, ao que dispoe o art. 66, 
c/c o art. 67, 1o, ambos da Lei no 8.666/93.
Art. 4 Convalidar os atos praticados a partir da assinatura dos respectivos termos.
Art. 5 Esta Ordem de Servico entra em vigor na data de sua publicacao.
ALVARO HENRIQUE FERREIRA DOS SANTOS
PAGINA 19
Diario Oficial do Distrito Federal       
No 58, QUINTA-FEIRA, 26 DE MARCO DE 2020
Documento assinado digitalmente, original em https://www.dodf.df.gov.br
SUBSECRETARIA DO SISTEMA P",Designar
17,335669749-335669771,"Gestora: 220908. Gestao: 22908. Nota de Empenho: no 2020NE00006. Da vigencia: 120 
(cento e vinte) dias a partir da data de sua assinatura. Data da assinatura: 07/05/2020. 
Signatarios: pelo Distrito Federal: ANDERSON GUSTAVO TORRES, Secretario de 
Estado de Seguranca Publica do Distrito Federal; pela Contratada: VANESSA PEREIRA 
DE FREITAS, Representante Legal.
EXTRATO DO CONTRATO DE AQUISICAO DE BENS No 029/220-SSPDF, NOS 
TERMOS DO PADRAO No 07/2002 INSTITUIDO PELO DECRETO/DF N 
23.287/2002. 
Processo: 00050-00002517/2020-17, no SIGGO no 040875. Partes: o Distrito Federal, por 
meio da SECRETARIA DE ESTADO DE SEGURANCA PUBLICA DO DISTRITO 
FEDERAL e a empresa R&A COMERCIO DE EQUIPAMENTOS TELEFONICOS 
LTDA, inscrita no CNPJ no 54.561.071/0001-92. Do Objeto: aquisicao 220 Telefones
Voip de mesa, marca: Intelbras / modelo: Tip 235g, procedencia: nacional, visando o 
atendimento as necessidades de equipamentos de Tecnologia da Informacao e 
Comunicacao (TIC) para o Sistema Penitenciario da Secretaria de Estado de Seguranca 
Publica Distrito Federal, em conformidade com Edital de Licitacao do Pregao Eletronico 
no 44/2019-SSP; Ata de Registro de Precos no 03/2019, Proposta da Contratada. Do valor: 
R$ 98.967,00 (noventa e oito mil novecentos e sessenta e sete reais).Evento: 400091. 
Modalidade: Ordinario. Unidade Orcamentaria: 22908. Programa de Trabalho: 
06.421.6217.4220.0023. Natureza da Despesa: 44.90.52. Fonte de Recurso: 382.Unidade 
Gestora: 220908. Gestao: 22908. Nota de Empenho: no 2020NE00006. Da vigencia:120 
(cento e vinte) dias a partir da data de sua assinatura. Data da assinatura: 07/05/2020. 
Signatarios: pelo Distrito Federal: ANDERSON GUSTAVO TORRES, Secretario de 
Estado de Seguranca Publica do Distrito Federal; pela Contratada: VANESSA PEREIRA 
DE FREITAS, Representante Legal.
EXTRATO DO SEGUNDO TERMO ADITIVO AO CONTRATO DE PRESTACAO 
SERVICOS No 042/2019-SSPDF, NOS TERMOS DO PADRAO No 13/2002, 
INSTITUIDO PELO DECRETO/DF No 23.287/2002.
Processo: 00050-00004195/2019-07, no SIGGO 039434. Partes: o Distrito Federal, por meio da 
SECRETARIA DE ESTADO DE SEGURANCA PUBLICA DO DISTRITO FEDERAL e a 
empresa SERVEGEL APOIO ADMINISTRATIVO E SUPORTE OPERACIONAL LTDA. 
Do Objeto: acrescimo de 14,40% (quatorze virgula, quarenta por cento) do valor atualmente 
contratado, visando o aumento dos servicos de limpeza nas mesmas areas ja limpas, em carater 
excepcional e temporario, em funcao da pandemia causada pelo novo Coronavirus - COVID-19, 
nos termos da alinea ""a"", inciso I, caput do art. 65, da Lei no 8.666/93, e em conformidade com o 
Memorando no 12/2020 - SSP/SUAG/CLIC/GCONT/NAGCC, Despacho - SSP/SUAG e 
Informacao  Tecnica  do  Executor  n.o  2/2020,  complementada  pela  Justificativa 
SSP/SUAG/CLIC/GCONT/NAGCC, documentos acostados e anuencia da empresa por do 
Oficio no 2020/099. Do valor: O valor original pactuado R$ 7.562.507,28 (sete milhoes, 
quinhentos e sessenta e dois mil, quinhentos e sete reais e vinte e oito centavos), acrescido de 
14,40% co","EXTRATO DO SEGUNDO TERMO ADITIVO AO CONTRATO DE PRESTACAO 
SERVICOS "
