,local,text,
0,134709690-134709712," e julgar a Concorrencia em epigrafe, que visa a
contratacao de agencia de propaganda para prestacao de servicos de publicidade a TERRACAP e suas
subsidiarias, conforme Termo de Cooperacao no 02/2018, celebrado em 28 de fevereiro de 2018, publicado
no DODF no 43, de 05 de marco de 2018, pag. 56, TORNA PUBLICO que a licitante COMPANHIA DE
COMUNICACAO E PUBLICIDADE LTDA.-CCP interpos recurso contra a documentacao de habilitacao
da licitante AGENCIA NACIONAL DE PROPAGANDA LTDA. Nos termos do item 22.3 do Edital, fica
intimada a licitante interessada para, querendo, impugnar o recurso interposto, no prazo de 5 (cinco) dias
uteis.
Brasilia/DF, 21 de outubro de 2019.
PAULO PEREIRA DOS SANTOS
Presidente da Comissao
SECRETARIA DE ESTADO DE AGRICULTURA,
ABASTECIMENTO E DESENVOLVIMENTO RURAL
SUBSECRETARIA DE POLITICAS SOCIAIS RURAIS,
ABASTECIMENTO E COMERCIALIZACAO
PROGRAMA DE AQUISICAO DA PRODUCAO
DA AGRICULTURA - PAPA/DF
COMISSAO PERMANENTE DE JULGAMENTO
RESULTADO FINAL DA CHAMADA PUBLICA No 002/2019-PAPA/DF
MODALIDADE: DISPENSA DE LICITACAO, conforme define a Lei Distrital no 4.752/2012, Art. 1o,
paragrafo 2o. PROCESSO: 00072-00002345/2019-17. OBJETO: Generos alimenticios diversos (pao de
queijo, biscoito de queijo, polpas de frutas e bolos) para fornecimento em eventos promovidos pela
EMATER-DF. ORGAO DEMANDANTE: Empresa de Assistencia Tecnica e Extensao Rural do Distrito
Federal - EMATER-DF.
A Comissao Permanente de Julgamento - CPJ, instituida pela Portaria SEAGRI/DF no 39, de 03 de maio
de 2019, torna publico que a Chamada Publica no 002/2019 - PAPA/DF foi declarada deserta, tendo em
vista nao ter havido apresentacao de propostas, restando fracassadas as aquisicoes dos produtos.
EDSON JUNHO PEREIRA TEIXEIRA
Presidente da Comissao
SECRETARIA DE ESTADO DE SEGURANCA PUBLICA
SUBSECRETARIA DE ADMINISTRACAO GERAL
COORDENACAO DE LICITACOES, CONTRATOS E CONVENIOS
AVISO DE ABERTURA DE LICITACAO
PREGAO ELETRONICO No 28/2019
PARA PARTICIPACAO EXCLUSIVA DAS ME/EPP'S/MEI
PROCESSO: 00050-00021032/2019-81. TIPO: Menor Preco. OBJETO: Registro de precos para futura
aquisicao de Equipamentos de Protecao Individual - (EPI), para atender a demanda dos internos do
Sistema Penitenciario, da Subsecretaria do Sistema Penitenciario, da Secretaria de Estado de
Seguranca Publica do Distrito Federal, a fim de minimizar a exposicao a riscos ocupacionais
especificos e prevenir acidentes e incidencia de doencas ocupacionais. VALOR ESTIMADO: R$
253.441,64. PRAZOS: De entrega: ate 30(trinta) dias corridos a contar da data de recebimento da
Nota de Empenho ou da assinatura do contrato. Vigencia do Contrato: 90 (noventa) dias a partir da
data  da  assinatura.  DATA  DA  SESSAO PUBLICA:  04/11/2019  as  14:00  horas  no
www.comprasgovernamentais.gov.br. UASG 450107. Edital esta disponivel no endereco acima e no
h t t p : / / w w w. s s p . d f . g o v. b r / l i c i t a c o e s /
Brasilia/DF, 21 de outubro de 2019
GABRIELLA ALVES DA CUNHA
Pregoeira
PAGINA 34
No 202, terca-feira, 22 de outubro de 2019
Diari",AVISO DE ABERTURA DE LICITACAO
1,142603170-142603192," LEAL DOS SANTOS PEREIRA, na qualidade Gerente.
EXTRATO DO TERMO DE RESCISAO CONTRATUAL -
CONTRATO DE AQUISICAO DE BENS No 10/2019
Processo:00070-00016414/2018-37; Partes: SEAGRI/DF e ROTA OESTE MAQUINAS LTDA; Objeto: O
presente Termo objetiva a Rescisao do Contrato para Aquisicao de Bens pelo Distrito Federal no 10/2019,
com base no art. 57, caput, e no art. 79, inciso II, da Lei no 8.666/93, rescindindo-se nesta data de pleno
direito. Prazo de Vigencia: tera vigencia desde a sua assinatura. Data de assinatura: 06/11/2019.
Signatarios: Pela SEAGRI/DF: DILSON RESENDE DE ALMEIDA, na qualidade de Secretario de Estado.
Pela Contratada: RICARDO GONCALVES DE OLIVEIRA, na qualidade Representante Legal.
CENTRAL DE ABASTECIMENTO DE BRASILIA
EXTRATO DE ASSINATURAS DE ATAS DE REGISTRO DE PRECOS
Especie: Ata de Registro de Precos no 013/2019-CEASA/DF. Partes CEASA/DF e GRAFICA EDITORA
FORMULARIOS CONTINUOS E ETIQUETAS F & F LTDA (CNPJ n 11.114.463/0001-09). Processo:
00071-00000817/2019-17. Data de Assinatura: 04/11/2019. Objeto: A presente Ata de Registro de Precos
tem por objeto registrar os precos para eventual Contratacao de empresa especializada em servicos graficos
de producao de materiais em meio impresso e eletronico, abrangendo editoracao eletronica e programacao
visual, producao de material pelo sistema digital e/ou off-set e impressao de banners em policromia sobre
lona vinilica (gloss-film) e impressao em lona vinilica adesiva, em atendimento as necessidades da
CEASA-DF. Vigencia: 12 (doze) meses: O valor total estimado para todos os lotes, durante a vigencia
desta Ata, e de R$ 476.895,00 (quatrocentos e setenta e seis mil oitocentos e noventa cinco reais).
Assinaturas: pela CEASA/DF: Wilder da Silva Santos (Presidente); pela contratada: (Representante
Legal).
SECRETARIA DE ESTADO DE SEGURANCA PUBLICA
SUBSECRETARIA DE ADMINISTRACAO GERAL
COORDENACAO DE LICITACOES CONTRATOS E CONVENIOS
AVISOS DE ADJUDICACAO E HOMOLOGACAO - SRP
PREGAO ELETRONICO No 28/2019
Processo: 00050-00021032/2019-81. TIPO: Menor Preco. OBJETO: Registro de precos para futura
aquisicao de Equipamentos de Protecao Individual - (EPI), para atender a demanda dos internos do Sistema
Penitenciario, da Subsecretaria do Sistema Penitenciario, da Secretaria de Estado de Seguranca Publica do
Distrito Federal. A SSPDF informa, com fulcro no inciso IX , do artigo 17, do Decreto no 10.024/2019,
a ADJUDICACAO dos itens 1, 2, 3, 4, 5, 6 e 7 a empresa Extincom do Brasil Comercio e Manutencao
de Extintores e Equipamentos de Seguranca Eireli, CNPJ 19.320.823/0001-22, no valor unitario de R$
27,29, R$ 29,00, R$ 27,29, R$ 27,40, R$ 27,29, R$ 27,40 e R$ 12,96; dos itens 8, 10, 11 e 12 a empresa
FR2 Comercio de Materiais Eletricos Eireli, CNPJ 26.455.918/0001-19, no valor unitario de R$ 17,91, R$
17,49, R$ 18,14 e R$ 18,10; do item 9 a empresa MGS Brasil Distribuidora Eireli, CNPJ 25.329.901/0001-
52, no valor unitario de R$ 19,25; do item 13 a empresa Proteggere Industria e Comercio de EPI S Eireli,
CNPJ 12.670.981/00",AVISOS DE ADJUDICACAO E HOMOLOGACAO
