,local,text,
0,278451810-278451832,"mil
reais). Assina: DENISE ANDRADE DA FONSECA - Presidente.
SECRETARIA DE ESTADO DE SEGURANCA PUBLICA
RATIFICACAO DE DISPENSA DE LICITACAO
Assunto: Ratificacao de Despesa por Dispensa de Licitacao, Memorando SEI-GDF No 430/2019 -
SSP/SUAG/SAS (33340765). Referencia: Processo n 00050-00062925/2019-86; Interessado: Secretaria de
Estado de Seguranca Publica
RATIFICO, nos termos do inciso IV, do artigo 24, c/c artigo 26, da Lei no 8.666/93, no Parecer Juridico
no 701/2019 - PGDF/PGCONS (documento SEI-GDF no 32781214) e Despacho SEI-GDF SSP/GAB/AJL
(no 33050067) da Assessoria Juridico-Legislativa desta Pasta, conforme justificativa de Dispensa de
Licitacao constante do documento SEI 32137360, Proposta da empresa O UNIVERSITARIO
RESTAURANTE, INDUSTRIA, COMERCIO E AGROPECUARIA LTDA (32494291) e Projeto Basico
SEI-GDF - SSP/SUAG/COPLAN/SAS no 32130698, a realizacao da despesa em favor da empresa O
UNIVERSITARIO RESTAURANTE, INDUSTRIA, COMERCIO E AGROPECUARIA LTDA, CNPJ
01.646.611/0001-74, para a contratacao de empresa especializada para a prestacao de servico continuo e
comum de preparacao e fornecimento de 04 (quatro) alimentacoes diarias para cada custodiado alocado no
Centro de Internamento e Reeducacao - CIR e na Penitenciaria I do Distrito Federal - PDF I, ambas
unidades prisionais subordinadas ao Sistema Penitenciario do Distrito Federal, e localizadas no Complexo
Penitenciario do Distrito Federal, no valor estimado de R$ 18.221.632,20 (dezoito milhoes duzentos e vinte
um mil seiscentos e trinta e dois reais e vinte centavos centavos), por um periodo de ate 180 (cento e
oitenta) dias. Autorizo o empenho da despesa e o respectivo pagamento. Determino a sua publicacao no
Diario Oficial do DF, para que adquira a necessaria eficacia. Em 27 de dezembro de 2019. Anderson
Gustavo Torres - Secretario de Estado.
SUBSECRETARIA DE ADMINISTRACAO GERAL
COORDENACAO DE LICITACOES CONTRATOS E CONVENIOS
AVISO DE ABERTURA DE LICITACAO - SRP
PREGAO ELETRONICO No 39/2019-SSPDF
Processo: 00050-00035059/2019-51. Tipo: Menor Preco. Objeto: Registro de Precos para futura aquisicao
de materiais para manutencao e conservacao de bens imoveis (materiais hidraulicos), para atender
demandas da Secretaria de Estado de Seguranca Publica do Distrito Federal. VALOR ESTIMADO:
Sigiloso para as empresas e sera aberto apos o encerramento da etapa de lances. PRAZOS: De entrega: 30
(trinta) dias contados do recebimento da Nota de Empenho ou da assinatura do contrato. Vigencia da ata:
12 meses. Do Contrato: 120 (cento e vinte) dias a partir da data da assinatura. DATA DA SESSAO
PUBLICA: 16/01/2020 as 9:30 horas no www.comprasgovernamentais.gov.br. UASG 450107. Edital esta
disponivel no endereco acima e no http://www.ssp.df.gov.br/licitacoes/.
Brasilia/DF, 31 de dezembro de 2019.
GABRIELLA ALVES DA CUNHA
Pregoeira
POLICIA MILITAR DO DISTRITO FEDERAL
DEPARTAMENTO DE GESTAO DE PESSOAL
EDITAL No 273, DE 30 DE DEZEMBRO DE 2019
CONCURSO PUBLICO DE ADMISSAO AO CURSO DE FORMACAO DE
OFICIAIS POLICIAIS MILITARES DA POLI",AVISO DE ABERTURA DE LICITACAO
1,292711578-292711600," anexada ao processo
SEI no 00111-00006533/2019-10 item 840 , Q 02 CJ 07 LT 17 , ao interessado MARIA DA PENHA
MACEDO SANTIAGO , conforme proposta de compra anexada ao processo SEI no 00111 -
00003620/2019-15 item 879 , Q 01 CJ 03 LT 28 , ao interessado LARA CRISTINA FUJINAMI TANO
NOMURA , conforme proposta de compra anexada ao processo SEI no 00111-00005437/2019-46 item 212
, Q 06 CJ 29 LT 34 , ao interessado MARIA DA CONCEICAO LIMA DA SILVA , conforme proposta
de compra anexada ao processo SEI no 00111-00007724/2018-18 item 2893 , SHVP TRECHO 03 QD 10
CONJ 17 LT 40 , ao interessado IVONETE DOS SANTOS ABRANTES , conforme proposta de compra
anexada ao processo SEI no 00111-00016771/2017-63 item 44 , Q 01 CJ 13 LT 01 , ao interessado
ALBERTO ANDERSON DA SILVA LEAO , conforme proposta de compra anexada ao processo SEI no
00111-00008186/2018-71 item 37 , Q 01 CJ 06 LT 04 , ao interessado WALAS LOPO PEREIRA ,
conforme proposta de compra anexada ao processo SEI no 00111-00008024/2018-32. Item 589, Q 03 CJ
03 LT 09, ao interessado MARIA CANDIDA DE PAULA DA ROCHA, conforme proposta de compra
anexada ao processo SEI no 00111-00005887/2019-39. Para informacoes e esclarecimentos quanto a
prazos e demais obrigacoes obedeca-se aos termos estabelecidos nos Editais de Convocacao para Venda
Direta 2017, 2018 e 2019.
Brasilia/DF, 29 de janeiro de 2020
ERASMO CIRQUEIRA LINO
Presidente da Comissao
PAGINA 38
No 22, sexta-feira, 31 de janeiro de 2020
Diario Oficial do Distrito Federal
Este documento pode ser verificado no endereco eletronico h t t p : / / w w w. i n . g o v. b r / a u t e n t i c i d a d e . h t m l
pelo codigo 50012020013100038
Documento assinado digitalmente conforme MP no 2.200-2 de 24/08/2001, que institui a
Infraestrutura de Chaves Publicas Brasileira - ICP-Brasil.
SECRETARIA DE ESTADO DE SEGURANCA PUBLICA
SUBSECRETARIA DE ADMINISTRACAO GERAL
COORDENACAO DE LICITACOES, CONTRATOS E CONVENIOS
AVISO DE ADJUDICACAO E HOMOLOGACAO
PREGAO ELETRONICO No 39/2019
Processo: 00050-00035059/2019-51. Tipo: Menor Preco. OBJETO: Registro de Precos para futura
aquisicao de materiais para manutencao e conservacao de bens imoveis (materiais hidraulicos), para
atender demandas da Secretaria de Estado de Seguranca Publica do Distrito Federal. A SSPDF informa,
com fulcro no inciso IX do artigo 17 e inciso VI do artigo 13 do Decreto no 10.024/2019, a
ADJUDICACAO do item 111 a Digiserv Trading Eireli, CNPJ 02.602.747/0001-45, no valor unitario de
R$ 686,54; dos itens 115 e 133 a J.J.Vitalli, CNPJ 08.658.622/0001-13, nos valores unitarios de R$ 20,23
e R$ 44,98; dos itens 7, 8, 19, 30, 54, 71, 72, 84, 85, 93, 106 a Comercial Vanguardeira Eirelli, nos valores
unitarios de R$ 6,68, R$ 18,98, R$ 0,78, R$ 0,98, R$ 2,18, R$ 39,98, R$ 8,06, R$ 3,70, R$ 2,48, R$ 2,98,
R$ 2,63; do item 21 a JP Equipamentos Eireli, CNPJ 17.473.920/0001-20, no valor unitario de R$ 18,03;
do item 24 a Licitare Produtos, Materiais e Servicos Ltda, CNPJ 18.641.075/0001-17 no valor unitario de
R$ 26,18; do item 29 a Anto",AVISO DE ADJUDICACAO E HOMOLOGACAO
