,local,text,
0,35110438-35110460,"a ocorreu em sua totalidade. DAS RATIFICACOES: continuam
inalteradas as demais clausulas e condicoes constantes no Termo de Outorga e Aceitacao de Apoio Financeiro
originario. Data de assinatura: 16/02/2019. ALEXANDRE ANDRE DOS SANTOS, Diretor Presidente.
SECRETARIA DE ESTADO DE SEGURANCA PUBLICA
EXTRATO DE ATA DE REGISTRO DE PRECOS
Ata de Registro de Precos no 12/2019-SSPDF. PROCESSO: 00050-00010740/2019-96-SEI/GDF. OBJETO:
Registro de Precos para futura aquisicao de materiais para manutencao e conservacao de bens imoveis
(materiais hidraulicos), visando atender o Sistema Penitenciario do Distrito Federal e os bens imoveis da
Secretaria de Estado de Seguranca Publica; conforme especificacoes e condicoes estabelecidas no Termo de
Referencia constante do Anexo I do Edital do PE no 07/2019-SSPDF. Vigencia: 12 (doze) meses, contados a
partir da data de assinatura da Ata de Registro de Precos: 22/03/2019. Conforme empresa vencedora; CNPJ,
item (ns) e valor (es) unitario (s), respectivamente: COMERCIO DE MATERIAIS DE CONSTRUCOES
CAVALHEIROS LTDA, 21.875.005/0001-38, 2, R$7,00 e 6, R$36,14; ELITE COMERCIO E SERVICOS
LT D A , 15.329.152/0001-00, 3, R$13,98; FENIX MATERIAIS DE CONSTRUCAO, 28.128.604/0001-37, 1,
R$7,69 e 7, R$242,73; NOVA ATACADISTA PARA CONSTRUCAO LTDA, 26.392.294/0001-38, 5,
R$131,80 e 8, R$168,98; SUL.COM ATACADO VAREJO LTDA-EPP, 4, R$2,25 e 9, R$1,73.
SIGNATARIOS: Pela Secretaria de Estado de Seguranca Publica: ALVARO HENRIQUE FERREIRA DOS
SANTOS, e pelas Empresas: COMERCIO DE MATERIAIS DE CONSTRUCOES CAVALHEIROS LTDA:
MARCIO ROBERTO ROCHA CAVALHEIRO; ELITE COMERCIO E SERVICOS LTDA: JOSE
LAURISTON PONTES SEGUNDO; FENIX MATERIAIS DE CONSTRUCAO: ELISABETE CARLOS DA
SILVA MONTEIRO; NOVA ATACADISTA PARA CONSTRUCAO LTDA: ALAN MARQUES ALMEIDA;
SUL.COM ATACADO VAREJO LTDA-EPP: ANDREIA BARCAROL.
SUBSECRETARIA DE ADMINISTRACAO GERAL
COORDENACAO DE LICITACOES CONTRATOS E CONVENIOS
AVISO DE ABERTURA DE LICITACAO
PREGAO ELETRONICO No 14/2018-SSPDF
PROCESSO SEI-GDF: 00050-00005593/2018-51. TIPO: Menor Preco. OBJETO: Contratacao de empresa
para prestacao de servicos tecnicos especializados continuados na area de Tecnologia da Informacao e
Comunicacao (TIC) para manutencao do ambiente tecnologico da SSP/DF, mediante Unidade de Servico
Tecnico (UST). VALOR ESTIMADO: R$ 4.693.316,68. PRAZOS: O inicio da execucao contratual se dara em
ate 30 dias, de acordo com o item 20 do Termo de Referencia. Vigencia: do Contrato: 12 (doze) meses a partir
da data da assinatura, podendo ser prorrogado. DATA DA SESSAO PUBLICA: 15/04/2019 as 09:00 horas no
www.comprasgovernamentais.gov.br. UASG 450107. Edital esta disponivel no endereco acima e no
h t t p : / / l i c i t a c o e s . s s p . d f . g o v. b r.
Brasilia/DF, 29 de marco de 2019
AMILCAR UBIRATAN URACH VIEIRA
PAGINA 58
No 61, segunda-feira, 1 de abril de 2019
Diario Oficial do Distrito Federal
Este documento pode ser verificado no endereco eletronico h t t p : / / w w w. i n . g o v. b r / a u t e n t i c i d a d e . h t m l
pelo",AVISO DE ABERTURA DE LICITACAO
1,43723946-43723968,"io SEAD n 821.896/2015 - Meta 1.15.3, no valor total de R$ 1.280,00 (Um mil, duzentos e oitenta
reais). Brasilia/DF, 12 de abril de 2019. Denise Andrade da Fonseca, Presidente.
SECRETARIA DE ESTADO DE SEGURANCA PUBLICA
AVISO DE ADJUDICACAO E HOMOLOGACAO
PREGAO ELETRONICO No 33/2018
PROCESSO: 00050-00048214/2018-18. TIPO: Menor Preco. OBJETO: Registro de precos para futura
aquisicao de cartuchos de toner para impressora multifuncional marca Brother, modelo MFC-8952DW,
a fim de atender demanda da Secretaria de Estado de Seguranca Publica. A SSPDF informa, com
fulcro no inciso IX do artigo 11, do Decreto no 5.450/2005, a ADJUDICACAO do objeto do certame
a CGF Comercio de Produtos de Informatica, Escritorio e Servicos Ltda., CNPJ 01.251.189/0001-58,
no preco unitario de R$ 255,00; e a HOMOLOGACAO do certame com fulcro no inciso VI, do
Artigo 8o, do Decreto no 5.450/2005.
Brasilia/DF, 10 de abril de 2019
AMILCAR UBIRATAN URACH VIEIRA
Coordenador
PREGAO ELETRONICO No 10/2019
PROCESSO: 00050-00027382/2018-70. TIPO: Menor Preco. OBJETO: Registro de Precos para futura
aquisicao de equipamentos para implementacao de Oficinas de Corte e Costura nas Unidades
Prisionais do DF, visando atender demanda proveniente dos Convenios no 774.198/2012 e
822.743/2015, firmados entre a Uniao por meio do Ministerio da Justica e o Distrito Federal por meio
da Secretaria de Estado da Seguranca Publica do Distrito Federal. A SSPDF informa, com fulcro no
inciso IX do artigo 11, do Decreto no 5.450/2005, a ADJUDICACAO do objeto do item 2 do objeto
do certame a Licitop Comercio e Servicos EIRELI, CNPJ 21.822.463/0001-09, no preco unitario de
R$ 4.287,00; e a HOMOLOGACAO do certame com fulcro no inciso VI, do Artigo 8o, do Decreto
no 5.450/2005. O item 1 fracassou.
Brasilia/DF, 10 de abril de 2019
AMILCAR UBIRATAN URACH VIEIRA
Coordenador
SUBSECRETARIA DE ADMINISTRACAO GERAL
COORDENACAO DE LICITACOES CONTRATOS E CONVENIOS
AVISO DE SUSPENSAO DE LICITACAO
PREGAO ELETRONICO No 14/2018-SSPDF
PROCESSO: 00050-00005593/2018-51. TIPO: Menor Preco. OBJETO: Contratacao de empresa para
prestacao de servicos tecnicos especializados continuados na area de Tecnologia da Informacao e
Comunicacao (TIC) para manutencao do ambiente tecnologico da SSP/DF, mediante Unidade de
Servico Tecnico (UST). A SSP comunica a suspensao sine die do certame para ajustes no Termo de
Referencia.
Brasilia/DF, 12 de abril de 2019
AMILCAR UBIRATAN URACH VIEIRA
Coordenador
POLICIA MILITAR DO DISTRITO FEDERAL
EXTRATO DO SETIMO TERMO ADITIVO AO CONTRATO No 17/2013
Processo: 054.000.140/2013 - Partes: DF/PMDF x GAMA CONSULTORIA FINANCEIRA E
PARTICIPACOES S.A. Objeto: Prorrogacao do prazo de vigencia do contrato por mais 12 (doze) meses,
de 1a/04/2019 ate 31/03/2020, bem como a concessao de reajuste no percentual de 3,8903100%, conforme
Indice de Precos ao Consumidor Amplo (IPCA) do mes de fevereiro de 2019, tudo com base no Parecer
no 014/2019/ATJ/GAB/DLF e no Despacho do Chefe do DLF, de 21/03/2019. Na vigencia do contrato,
apos assinatura ",AVISO DE SUSPENSAO DE LICITACAO
2,73835118-73835140,"sso: 00193.00000537/2019-31. Especie: Termo de Outorga e Aceitacao de Apoio Financeiro no 002/2019
- Selecao Publica de Propostas de Apoio a Participacao em Eventos, Cursos de Curta Duracao ou Visitas
Tecnicas de Natureza Cientifica, Tecnologica e de Inovacao - Edital no 01/2019 - FAPDF; PARTES: Fundacao
de Apoio a Pesquisa do Distrito Federal (FAPDF) como OUTORGANTE; e do outro lado, LUANE TOME DE
PAULA CAMPOS como OUTORGADA. OBJETO: Conceder apoio financeiro a visita tecnica a WP@ELAB
MADEIRA MEETING. NOTA DE EMPENHO 2018NE000114, Data: 12/06/2019, e 2018NE000116, Data:
12/06/2019, Valor:  R$ 8.000,00 e  R$ 2.000,00, respectivamente; Programa  de  Trabalho:
19.573.6207.2786.0005; Fonte: 100; Natureza de Despesa: 33.90.20; VIGENCIA: termino do evento. DATA
DA ASSINATURA: 11/06/2019; SIGNATARIOS: pela OUTORGANTE: ALEXANDRE ANDRE DOS
SANTOS, Diretor-Presidente; como ORTORGADA: LUANE TOME DE PAULA CAMPOS.
Processo: 00193.00000537/2019-31. Especie: Termo de Outorga e Aceitacao de Apoio Financeiro no 003/2019
- Selecao Publica de Propostas de Apoio a Participacao em Eventos, Cursos de Curta Duracao ou Visitas
Tecnicas de Natureza Cientifica, Tecnologica e de Inovacao - Edital no 01/2019 - FAPDF; PARTES: Fundacao
de Apoio a Pesquisa do Distrito Federal (FAPDF) como OUTORGANTE; e do outro lado, ALEX FABIANE
TEIXEIRA como OUTORGADO. OBJETO: Conceder apoio financeiro a participacao no Congresso Public
Management Research Conference (PMRC). NOTA DE EMPENHO 2018NE000113, Data: 11/06/2019, Valor:
R$ 8.000,00; Programa de Trabalho: 19.573.6207.2786.0005; Fonte: 100; Natureza de Despesa: 33.90.20;
VIGENCIA: termino do evento. DATA DA ASSINATURA: 11/06/2019; SIGNATARIOS: pela
OUTORGANTE: ALEXANDRE ANDRE DOS SANTOS, Diretor-Presidente; como ORTORGADO: ALEX
FABIANE TEIXEIRA.
SECRETARIA DE ESTADO DE SEGURANCA PUBLICA
SUBSECRETARIA DE ADMINISTRACAO GERAL
COORDENACAO DE LICITACOES CONTRATOS E CONVENIOS
AVISO DE NOVA DATA DE ABERTURA DE LICITACAO
PREGAO ELETRONICO No 14/2018
PROCESSO: 00050-00005593/2018-51. TIPO: Menor Preco. OBJETO: Contratacao de empresa para
prestacao de servicos tecnicos especializados continuados na area de Tecnologia da Informacao e
Comunicacao (TIC) para manutencao do ambiente tecnologico da SSP/DF, mediante Unidade de Servico
Tecnico (UST). VALOR ESTIMADO: R$ 2.961.251,00. PRAZOS: O inicio da execucao contratual se dara
em ate 30 dias, de acordo com o item 23 do Termo de Referencia. Vigencia: do Contrato: 12 (doze) meses
a partir da data da assinatura, podendo ser prorrogado. NOVA DATA DA SESSAO PUBLICA: 28/06/2019
as 09:00 horas no www.comprasgovernamentais.gov.br. UASG 450107. Autorizado prosseguimento do
certame por meio da Decisao TCDF no 1.990/2019. Edital esta disponivel no endereco acima e no
h t t p : / / w w w. s s p . d f . g o v. b r / l i c i t a c o e s /
Brasilia/DF, 12 de junho de 2019
AMILCAR UBIRATAN URACH VIEIRA
Coordenador de Licitacoes, Contratos e Convenios
AVISO DE ADJUDICACAO E HOMOLOGACAO
PREGAO ELETRONICO No 15/2019
PROCESSO: 00050-00053",AVISO DE NOVA DATA DE ABERTURA DE LICITACAO
3,94110622-94110644,"Processo: 0 0 111 - 0 0 0 0 2 4 6 7 / 2 0 1 8 - 1 0
. Modalidade/numero: Licitacao Presencial no 06/2019
. Ti p o : Menor Preco
. Objeto: Contratacao de empresa especializada para a execucao do
Projeto de Educacao e Engenharia Ambiental - PEA para o
Setor Habitacional Jardim Botanico Etapas III e IV, na
Regiao Administrativa do Jardim Botanico - RA XXVII.
. Valor estimado (R$): O valor estimado e sigiloso nos termos do Art. 34 da Lei
no 13.303/2016.
. Data/hora de abertura: 20/08/2019, as 10:00 horas
. Retirada  do Edital  e
anexos:
Gratuitamente no sitio da Terracap www.terracap.df.gov.br,
na secao licitacoes compras/servicos.
Brasilia/DF, 25 de julho de 2019
GLAUBER TEODORO FARIA
Presidente da CPLIC
PAGINA 46
No 140, sexta-feira, 26 de julho de 2019
Diario Oficial do Distrito Federal
Este documento pode ser verificado no endereco eletronico h t t p : / / w w w. i n . g o v. b r / a u t e n t i c i d a d e . h t m l
pelo codigo 50012019072600046
Documento assinado digitalmente conforme MP no 2.200-2 de 24/08/2001, que institui a
Infraestrutura de Chaves Publicas Brasileira - ICP-Brasil.
SECRETARIA DE ESTADO DE AGRICULTURA,
ABASTECIMENTO E DESENVOLVIMENTO RURAL
EXTRATO DO PRIMEIRO TERMO ADITIVO AO CONTRATO
DE PRESTACAO DE SERVICOS No 05/2018
PROCESSO: 00070-00014426/2018-27. Partes: SEAGRI/DF e a ENTIDADE CARITAS BRASILEIRA.
Objeto: O presente Termo Aditivo objetiva a prorrogacao do prazo de vigencia do contrato por mais 03
(tres) meses, nos termos do inciso I, do art. 57 da Lei 8.666/93. Prazo de Vigencia: O presente Termo
Aditivo entra em vigencia a partir de 24 de julho de 2019. Data de assinatura: 24/07/2019. Signatarios:
Pela SEAGRI/DF: LUCIANO MENDES DA SILVA, na qualidade de Secretario de Estado. Pela
Contratada: FERNANDO ZAMBAN, na qualidade Diretor Executivo
SECRETARIA DE ESTADO DE SEGURANCA PUBLICA
SUBSECRETARIA DE ADMINISTRACAO GERAL
COORDENACAO DE LICITACOES, CONTRATOS E CONVENIOS
AVISO DE ADJUDICACAO E HOMOLOGACAO
PREGAO ELETRONICO No 14/2018
PROCESSO: 00050-00005593/2018-51. TIPO: Menor Preco. OBJETO: Contratacao de empresa para
prestacao de servicos tecnicos especializados continuados na area de Tecnologia da Informacao e
Comunicacao (TIC) para manutencao do ambiente tecnologico da SSP/DF, mediante Unidade de Servico
Tecnico (UST). A SSPDF informa, com fulcro nos incisos V e VI, artigo 8o, do Decreto no 5.450/2005, a
ADJUDICACAO dos grupos 1 e 2 a empresa IOS Informatica, Organizacao e Sistemas Ltda., CNPJ
38.056.404/0001-70, no valor total anual de R$ 2.615.913,98; e a HOMOLOGACAO do certame.
Brasilia/DF, 25 de julho de 2019.
AMILCAR UBIRATAN URACH VIEIRA
Coordenador
POLICIA MILITAR DO DISTRITO FEDERAL
DEPARTAMENTO DE GESTAO DE PESSOAL
EDITAL No 169/DGP - PMDF, DE 25 DE JULHO DE 2019
CONCURSO PUBLICO DE ADMISSAO AO CURSO DE FORMACAO
DE OFICIAIS POLICIAIS MILITARES DA POLICIA MILITAR
DO DISTRITO FEDERAL - CFOPM
RESULTADO DA ETAPA DE AVALIACAO PSICOLOGICA
PARA CANDIDATOS EM CONDICAO SUB JUDICE
O CHEFE DE GESTAO DE PESSOAL, DA POLICIA MILITAR DO DISTRITO ",AVISO DE ADJUDICACAO E HOMOLOGACAO
4,110605077-110605099,"so no: Sindicancia no 044/2015; Interessado: ROGERIO PERES TORRES; Assunto: Recurso
Hierarquico; Acolho a Nota Tecnica no 206/2019-AJL/GAB/SSP, da Assessoria Juridico-Legislativa desta
Pasta, por seus proprios e juridicos fundamentos, a qual, com fulcro no art. 50,  1o, da Lei federal n.
9.784/1999, recepcionada pela Lei distrital no 2.834/2001, adoto como razao de decidir para conhecer o
Recurso Hierarquico interposto por ROGERIO PERES TORRES, e, no merito dar parcial provimento,
reduzindo a penalidade aplicada de 5 (cinco) dias para 3 (tres) dias de SUSPENSAO, por infringir o
disposto no inciso VIII do art. 43 da Lei 4.878/65.
Encaminhem-se os autos a Subsecretaria de Administracao Geral para publicacao desta Decisao no Diario
Oficial do Distrito Federal e, apos, remetam-se os autos a Policia Civil do Distrito Federal, para notificacao
do recorrente acerca do inteiro teor desta Decisao e adocao das medidas pertinentes.
ANDERSON GUSTAVO TORRES
SUBSECRETARIA DE ADMINISTRACAO GERAL
ORDEM DE SERVICO No 249, DE 29 DE AGOSTO DE 2019
O SUBSECRETARIO DE ADMINISTRACAO GERAL, DA SECRETARIA DE ESTADO DE
SEGURANCA PUBLICA DO DISTRITO FEDERAL, no uso das atribuicoes que lhe confere a Portaria no
141, de 30 de junho de 2015, desta Secretaria, cumulado com o artigo 102, incisos I e V, do Regimento
Interno da Secretaria de Estado da Seguranca Publica do Distrito Federal, aprovado pelo Decreto no
28.691, de 17 de janeiro de 2008; e, em conformidade com os termos do inciso II, artigo 41 do Decreto
no 32.598, de 15 de dezembro de 2010, combinado com o artigo 67 da Lei no 8.666 de 21 de junho de
1993, resolve:
Art. 1 Designar GLAUCIO SILVEIRA E SILVA, matricula no 1.691.710-3, como Executor, BRUNO
MURILO DO CARMO SILVA, matricula no 1.681.593-9, como Fiscal Tecnico, FERNANDO CESAR
NEVES, matricula no 1.669.739-1, como Fiscal Administrativo e VALDEVINO PEIXOTO DA COSTA,
como Fiscal Requisitante, do Contrato de Prestacao de Servicos N 050/2019-SSP/DF, originario do
Processo SEI-GDF no 00050-00005593/2018-51 -SSP/DF, firmado com a empresa IOS INFORMATICA,
ORGANIZACAO E SISTEMAS LTDA, que tem por objeto a prestacao de servicos tecnicos
especializados continuados na area de tecnologia da informacao e comunicacao (TIC) para manutencao do
ambiente tecnologico da SSP/DF.
Art. 2 Ao Executor e Fiscais designados no artigo acima, cabe o cumprimento das atribuicoes expressas
na Portaria no 24/2002-SSP, publicada na pag. 8, do DODF no 98, de 24/05/2002, bem como ao
estabelecido no Decreto no 32.598, de 15/12/2010, publicado nas paginas 4/14 do DODF no 238, de
16/12/2010 e, em especial, ao que dispoe o art. 66, c/c o 1o, art. 67, da Lei no 8.666/93, bem como, na
IN no 05, de 25/05/2017, do Ministerio de Planejamento, Desenvolvimento e Gestao.
Art. 3o Convalidar os atos praticados a partir de 16 de agosto de 2019.
Art. 4 Esta Ordem de Servico entra em vigor na data de sua publicacao.
ALVARO HENRIQUE FERREIRA DOS SANTOS
CASA MILITAR
DESPACHOS DO CHEFE
Em 28 de agosto de 2019
Processo: 00428-00002475/2",Designar
