,local,text,
0,4771019-4771041," melhor valor total de R$ 27.700,00, (vinte e sete mil e setecentos
reais), ALFAIATARIA DE UNIFORMES LTDA, CNPJ: 23.603.476/0001-12, para o item 06, com o
melhor valor total de R$ 2.446,00, (dois mil quatrocentos e quarenta e seis reais) e CHEIA DE GRACA
BRANCO EIRELI CNPJ: 27.466.726/0001-70 para os itens 09 e 10, com o melhor valor total de R$
11.285,00 (onze mil, duzentos e oitenta e cinco reais), perfazendo o valor GLOBAL do certame em R$
67.885,00, (sessenta e sete mil, oitocentos e oitenta e cinco reais). A ata e os termos de adjudicacao do
pregao podem ser visualizados nos sites www.comprasgovernamentais.gov.br e no portal SEAGRI/DF,
""Edital"".
Brasilia/DF, 08 de janeiro de 2019
EDILENE DIAS CERQUEIRA
Pregoeira
SECRETARIA DE ESTADO DE SEGURANCA PUBLICA
SUBSECRETARIA DE ADMINISTRACAO GERAL
COORDENACAO DE LICITACOES CONTRATOS E CONVENIOS
AVISO DE ABERTURA DE LICITACAO
PREGAO ELETRONICO No 09/2018-SSPDF
COM TRATAMENTO FAVORECIDO E DIFERENCIADO A ME E EPP
PROCESSO SEI-GDF: 00050-00157602/2017-06. TIPO: Menor Preco. OBJETO: Registro de Precos para
prestacao de servico de renovacao de carteira nacional de habilitacao (CNH) categorias ""D"" e ""E""; e
habilitacao (CNH) categorias ""D"" e ""E""; e mudanca de CNH para categoria ""D"" e ""E"" para servidores do
Sistema Penitenciario do Distrito Federal. VALOR ESTIMADO: R$ 305.859,50. PRAZOS: Inicio da
execucao: ate 15 dias corridos contados da assinatura do contrato. Vigencia: da Ata de Registro de Precos:
12 meses; do Contrato: 150 (cento e cinquenta) dias a partir da data da assinatura. DATA DA SESSAO
PUBLICA: 29/01/2019 as 09:30 horas no www.comprasgovernamentais.gov.br. UASG 450107. Edital esta
disponivel no endereco acima e no http://licitacoes.ssp.df.gov.br.
Brasilia/DF, 15 de janeiro de 2018.
GABRIELLA ALVES DA CUNHA
Coordenadora - Substituta
AVISO DE ABERTURA DE LICITACAO
PREGAO ELETRONICO No 02/2019
REPETICAO DOS ITENS FRACASSADOS DO PE No 16/2018-SSPDF
COM TRATAMENTO FAVORECIDO E DIFERENCIADO A ME E EPP
PROCESSO SEI-GDF: 00050-00152443/2017-55. TIPO: Menor Preco. OBJETO: Registro de Precos para
futura aquisicao de materiais para manutencao e conservacao de bens imoveis (materiais eletricos, escadas,
gesso, massa de acabamento, parafusos e ferramentas de construcao), visando atender o Sistema
Penitenciario do Distrito Federal e os bens imoveis da Secretaria de Estado da Seguranca Publica e da Paz
Social. VALOR ESTIMADO: R$ 137.117,34. PRAZOS: Entrega: ate 30 dias corridos contados do
recebimento da Nota de Empenho e/ou da assinatura do contrato. Vigencia: da Ata de Registro de Precos:
12 meses; do Contrato: 90 (noventa) dias a partir da data da assinatura. DATA DA SESSAO PUBLICA:
28/01/2019 as 09:30 horas no www.comprasgovernamentais.gov.br. UASG 450107. Edital esta disponivel
no endereco acima e no http://licitacoes.ssp.df.gov.br.
Brasilia/DF, 15 de janeiro de 2018.
GABRIELLA ALVES DA CUNHA
Coordenadora - Substituta
POLICIA MILITAR DO DISTRITO FEDERAL
DEPARTAMENTO DE GESTAO DE PESSOAL
EDITAL No 08/DGP - PMDF, DE 15 DE JANEI",AVISO DE ABERTURA DE LICITACAO
1,9334360-9334382," e um reais e trinta e seis centavos), para a vigencia de 12 meses .Do prazo: O presente
Apostilamento entra em vigencia a partir de sua assinatura. Porem seus efeitos financeiros, retroagem a
05/01/2019.Da Ratificacao: Permanecem inalteradas as demais clausulas do Contrato a que se refere o presente
Apostilamento. Signatarios: Alvaro Henrique Ferreira dos Santos, Ordenador de despesas da SSP/DF e ANDRE
LUIZ SANTOS BARROS, Representante Legal.Data da assinatura: 28/01/2019.
No 21, quarta-feira, 30 de janeiro de 2019
PAGINA 121
Diario Oficial do Distrito Federal
Este documento pode ser verificado no endereco eletronico h t t p : / / w w w. i n . g o v. b r / a u t e n t i c i d a d e . h t m l
pelo codigo 50012019013000121
Documento assinado digitalmente conforme MP no 2.200-2 de 24/08/2001, que institui a
Infraestrutura de Chaves Publicas Brasileira - ICP-Brasil.
SUBSECRETARIA DE ADMINISTRACAO GERAL
COORDENACAO DE LICITACOES CONTRATOS E CONVENIOS
AVISO DE ADJUDICACAO E HOMOLOGACAO
PREGAO ELETRONICO No 09/2018
PROCESSO: 00050-00157602/2017-06. TIPO: Menor Preco. OBJETO: Registro de Precos para
prestacao de servico de renovacao de carteira nacional de habilitacao (CNH) categorias ""D"" e ""E""; e
habilitacao (CNH) categorias ""D"" e ""E""; e mudanca de CNH para categoria ""D"" e ""E"" para servidores
do Sistema Penitenciario do Distrito Federal. A SSPDF informa, com fulcro no inciso IX do artigo
11, do Decreto no 5.450/2005, a ADJUDICACAO dos itens 2 e 3 ao Centro de Formacao de
Condutores AB Express Ltda., CNPJ 19.023.184/0001-33, no valor unitario respectivo de R$ 1.815,00
e R$ 1.815,00. O item 1 foi deserto. A empresa adjudicataria esta convocada para assinar a Ata de
Registro de Precos conforme item 2.6.1 do Edital. A SSPDF informa ainda a HOMOLOGACAO do
certame com fulcro no inciso VI, do Artigo 8o, do Decreto no 5.450/2005.
Brasilia/DF, 29 de janeiro de 2019
FRANKNEI DE OLIVEIRA RODRIGUES
Coordenador
AVISO DE ADJUDICACAO E HOMOLOGACAO
PREGAO ELETRONICO No 02/2019
PROCESSO: 00050-00152443/2017-55. TIPO: Menor Preco. OBJETO: Registro de Precos para futura
aquisicao de materiais para manutencao e conservacao de bens imoveis (materiais eletricos, escadas,
gesso, massa de acabamento, parafusos e ferramentas de construcao), visando atender o Sistema
Penitenciario do Distrito Federal e os bens imoveis da Secretaria de Estado da Seguranca Publica e
da Paz Social. A SSPDF informa, com fulcro no inciso IX do artigo 11, do Decreto no 5.450/2005,
a ADJUDICACAO do item 9 a Ferragens Lider Comercio e Servicos Eireli, CNPJ 01.649.554/0001-
87, no valor unitario de R$ 234,93; dos itens10, 11 e 12 a N3 Comercio e Servicos Eireli., CNPJ
13.464.349/0001-26, R$ 6,37, R$ 8,00 e R$ 150,00; dos itens 5, 18, 21 e 23 a Licitop Comercio e
Servico Eireli, CNPJ 21.822.463/0001-09, R$ 231,89, R$ 60,75, R$ 55,83 e R$ 51,48; dos itens 15,
16, 19, 20 e 22 a Comercio de Materiais de Construcoes Cavalheiros Ltda., CNPJ 21.875.005/0001-
38, R$ 34,57, R$ 72,24, R$ 47,04, R$ 48,25 e R$ 17,84; dos itens 3, 6 e 7 ",AVISO DE ADJUDICACAO E HOMOLOGACAO
