,local,text,
0,330111215-330111237,"1, de 23 de fevereiro de 2010 SSP/SES, 
visando atender demanda da Subsecretaria do Sistema Penitenciario da Secretaria de 
Estado de Seguranca Publica do Distrito Federal. A SSPDF informa, com fulcro no inciso 
IX do artigo 17, e inciso VI do Artigo 13 do Decreto no 10.024/2019, a ADJUDICACAO 
dos itens 3, 9, 17, 26, 31, 35, 56, 63, 65, 75, 79, 84, 87 e 95 a Distribuidora De 
Medicamentos Backes Eireli, CNPJ 25.279.552/0001-01, no valor unitario de R$ 2,94, R$ 
0,06, R$ 0,18, R$ 5,96, R$ 0,28, R$2,00, R$ 0,03, R$ 2,78, R$ 0,22, R$ 0,11, R$ 0,48, R$ 
7,24, R$ 2,90 e R$ 2,45; do item 5, 83 e 94 a Semear Distribuidora Eireli, CNPJ 
10.269.296/0001-02, no valor unitario de R$ 0,05, R$ 2,57 e R$ 0,09; dos itens 7, 18, 28, 
67, 68 e 114 a Unique Distribuidora De Medicamentos Eireli, CNPJ 23.864.942/0001-13, 
no valor unitario de R$ 1,00, R$ 13,00, R$ 9,78, R$ 25,50, R$ 25,90 e R$ 0,48; dos itens 
117 e 118 a M Med Comercial De Medicamentos E Produtos Hospitalares Eirelli, CNPJ 
28.387.424/0001-70, no valor unitario de R$ 0,76 e R$ 0,30; dos itens 12, 20, 53, 58, 59 e 
60 a Med Vitta Comercio De Produtos Hospitalares Ltda, CNPJ 28.418.133/0001-00, no 
valor unitario de R$ 0,26, R$ 0,26, R$ 0,13, R$ 9,50, R$ 0,26, R$ 1,34; do item 14 a 
Costa Camargo Comercio De Produtos Hospitalares Ltda, CNPJ 36.325.157/0001-34, no 
valor unitario de R$ 24,50; e a HOMOLOGACAO do certame. O total licitado foi de R$ 
364.712,40. Os itens 2, 4, 6, 8, 10, 11, 13, 15, 16, 19, 21, 22, 23, 24, 25, 27, 29, 30, 32, 33, 
34, 36, 37, 38, 39, 40, 41, 42, 43, 44, 45, 46, 47, 48, 49, 50, 51, 52, 54, 55, 57, 61, 62, 66, 
69, 70, 71, 73, 74, 76, 78, 80, 81, 82, 85, 86, 88, 89, 90, 91, 92, 93, 96, 99, 100, 101, 102, 
103, 105, 106, 107, 108, 109, 110, 111, 112, 113, 116 e 119 fracassaram. Os itens 01, 64, 
72, 77, 97, 98, 104, 115 e 120 restaram desertos.
Brasilia/DF, 29 de abril de 2020
AMILCAR UBIRATAN URACH VIEIRA
Coordenador
AVISO DE ABERTURA DE LICITACAO - SRP
PREGAO ELETRONICO No 06/2020
Processo: 00050-00039213/2019-63. TIPO: Menor Preco. Modo de disputa: Aberto. 
OBJETO: Registro de precos para futura aquisicao de mobiliario, para atender demandas 
da Secretaria de Estado de Seguranca Publica do Distrito Federal no aparelhamento dos 
novos Centros de Detencao Provisoria: CDP1, CDP2, CDP3, e CDP4 e reposicao de 
equipamentos do Centro Integrado de Observacao de Brasilia-CIOB,conforme 
especificacoes, quantitativos e condicoes estabelecidas neste Termo de Referencia. 
VALOR ESTIMADO: R$ SIGILOSO. N.D. 4.4.90.52. PRAZOS: De Entrega: ate 45 
(quarenta e cinco) dias corridos apos a assinatura do contrato. Vigencia do contrato: 120 
(cento e vinte) dias a contar da assinatura. DATA DA SESSAO PUBLICA: dia 
13/05/2020, as 09h30min no www.comprasgovernamentais.gov.br. UASG 450107. O 
Edital esta disponivel no endereco acima e no http://ssp.df.gov.br/licitacoes
Brasilia/DF, 29 de abril de 2020
GABRIELLA ALVES DA CUNHA ROCHA
Pregoeira
POLICIA MILITAR DO DISTRITO FEDERAL
DEPARTAMENTO DE LOGISTICA E FINANCAS
 
",AVISO DE ABERTURA DE LICITACAO
1,334868326-334868348,"AZOL XAMPU 2% FRASCO 100 
ML e outros, em sistema de registro de precos, para atender a demanda da Secretaria de 
Saude  DF, conforme especificacoes e quantitativos constantes no Anexo I do Edital. 
Processo SEI no 00060.00382149/2019-0. Total de 21 itens (Ampla concorrencia, cotas 
reservadas e itens exclusivos as ME/EPPs). Valor estimado R$ 2.651.977,5865. Cadastro 
das Propostas: a partir de 08/05/2020. Abertura das Propostas: 20/05/2020 as 9 horas, 
horario de Brasilia, no site www.comprasnet.gov.br. O Edital encontra-se disponibilizado 
sem onus, no site ou com onus no endereco: SAIN  Setor de Areas Isoladas Norte  
Parque Rural s/no - Asa Norte  Bloco A, 1 andar, sala 83, Central de Compras da 
SUAG/SES, CEP 70770-200, Brasilia/DF.
JULIANA ARAUJO E SOUZA
Pregoeira
SECRETARIA DE ESTADO DE EDUCACAO
SUBSECRETARIA DE PLANEJAMENTO, 
ACOMPANHAMENTO E AVALIACAO
 
EXTRATO DO 7o TERMO ADITIVO AO CONTRATO DE LOCACAO DE IMOVEL 
No 06/2014
Processo : 0427-000072/2014 - Partes: SEEDF X POSTO SOBRADINHO LTDA. 
Objeto: a prorrogacao do prazo de vigencia do Contrato de Locacao no 06/2014 por mais 
12 (doze) meses, com base no art. 58 c/c art. 24, inciso X, da Lei no 8.666/93. Unidade 
Orcamentaria: 18101. Programa de Trabalho: 11.333.6207.2667.0013. Natureza da 
Despesa: 3.3.90.39. Fonte de Recursos: 100. Nota de Empenho: no 2020NE02358, no 
valor de R$ 143.933,33 (cento e quarenta e tres mil, novecentos e trinta e tres reais e trinta 
e tres centavos), emitida em 04/05/2020. Evento: 400091. Modalidade: Global. Valor total 
do termo aditivo: R$ 609.600,00 (seiscentos e nove mil e seiscentos reais). Vigencia: de 
06/05/2020 ate 05/05/2021. Assinatura: 05/05/2020. Assinantes: Pela SEEDF: CLAUDIO 
AMORIM DOS SANTOS. Pelo POSTO SOBRADINHO: MARCO ANTONIO 
MODESTO FILHO.
SECRETARIA DE ESTADO 
DE SEGURANCA PUBLICA
SUBSECRETARIA DE ADMINISTRACAO GERAL
COORDENACAO DE LICITACOES, CONTRATOS E CONVENIOS
 
AVISO DE NOVA DATA DE ABERTURA DE LICITACAO
PREGAO ELETRONICO No 06/2020
PROCESSO: 00050-00039213/2019-63. TIPO: Menor Preco. Modo de disputa: Aberto. 
OBJETO: Registro de precos para futura aquisicao de mobiliario, para atender demandas 
da Secretaria de Estado de Seguranca Publica do Distrito Federal no aparelhamento dos 
novos Centros de Detencao Provisoria: CDP1, CDP2, CDP3, e CDP4 e reposicao de 
equipamentos do Centro Integrado de Observacao de Brasilia-CIOB. VALOR TOTAL 
ESTIMADO: R$ Sigiloso. N.D. 44.90.52. PRAZOS: De Entrega: ate 45 (quarenta e 
cinco) dias corridos apos a assinatura do contrato. Vigencia do contrato: 120 (cento e 
vinte) dias a contar da assinatura. A SSP informa que foram realizadas alteracoes no termo 
de referencia, sendo designada NOVA DATA DA SESSAO PUBLICA: dia 20/05/2020, 
as 09h30min no www.comprasgovernamentais.gov.br. UASG 450107. O Edital esta 
disponivel no endereco acima e no http://ssp.df.gov.br/licitacoes.
Brasilia/DF, 07 de marco de 2020.
GABRIELLA ALVES DA CUNHA ROCHA
Pregoeira
POLICIA MILITAR DO DISTRITO FEDERAL
DEPARTAMENTO DE LOGISTICA E FINA",AVISO DE NOVA DATA DE ABERTURA DE LICITACAO
