,local,text,
0,123272903-123272925,"00; RICARDO JOSE MACEDO DE BRITTO PEREIRA, R$ 47.800,00; ROBERTO FONTES
VIEIRA, R$ 20.000,00; SABINE GOROVITZ, R$ 29.631,00; SANDRA OLIVEIRA TEIXEIRA, R$
50.000,00; SEBASTIEN OLIVIER CHARNEAU, R$ 9.500,00; SIMONE BRAZ FERREIRA GONTIJO,
R$ 31.115,00; SIMONE RODRIGUES PINTO, R$ 13.540,00; VANDOR ROBERTO VILARDI RISSOLI,
R$ 30.000,00; VINICIUS FACO VENTURA VIEIRA, R$ 25.000,00.
ALEXANDRE ANDRE DOS SANTOS
SECRETARIA DE ESTADO DE SEGURANCA PUBLICA
SUBSECRETARIA DE ADMINISTRACAO GERAL
COORDENACAO DE LICITACOES CONTRATOS E CONVENIOS
AVISO DE NOVA DATA DE ABERTURA DE LICITACAO (*)
PREGAO ELETRONICO No 23/2019
Processo: 00050-00003463/2019-65. TIPO: Menor Preco. OBJETO: Contratacao de empresas
especializadas para a prestacao de servico continuo, comum de preparacao e fornecimento de alimentacoes
diarias para pessoas privadas de liberdade, recolhidas no Centro de Progressao Penitenciaria - CPP e na
Penitenciaria Feminina do Distrito Federal - PFDF , unidades que compoem o Sistema Penitenciario do
Distrito Federal, conforme especificacoes, condicoes e exigencias do Termo de Referencia que segue como
Anexo I do Edital VALOR TOTAL ESTIMADO: R$ 55.978.668,00 DOTACAO: UO 24.101 - SSP/DF.
PROG. TRAB: 06.421.6211.2540.0006. N.D. 33.90.39. F.R.: 100. PRAZOS: De Execucao: Diariamente,
de acordo com o Anexo I do Edital. Vigencia do contrato: 30 meses. A SSP informa que alterou os itens
11.5.17 e 11.5.25.1 do Edital; 6.1.18 e 6.1.25.1 do Termo de Referencia; e, 11.8.17 e 11.8.24.1 da Minuta
do Contrato, bem como designou NOVA DATA DA SESSAO PUBLICA para o dia 15/10/2019, as
10h00min no www.comprasgovernamentais.gov.br. UASG 450107. O edital alterado esta disponivel no
endereco acima e no http://ssp.df.gov.br/licitacoes.
Brasilia/DF, 25 de setembro de 2019
AMILCAR UBIRATAN URACH VIEIRA
Coordenador
(*) Republicado por ter sido encaminhado com incorrecao no original, no DODF no 184, de 26 de
setembro de 2019, pagina 69.
AVISO DE ABERTURA DE LICITACAO
PREGAO ELETRONICO No 27/2019
Processo: 00050-00028014/2019-20. TIPO: Menor Preco. OBJETO: Registro de precos para futura
aquisicao de materiais de higiene pessoal, limpeza e conservacao, cama, copa, leite materno infantil,
material escolar e material de atividade esportiva para atender demanda dos internos do Sistema
Penitenciario e para atender demanda da Subsecretaria do Sistema Penitenciario da Secretaria de Estado de
Seguranca Publica do Distrito Federal. VALOR ESTIMADO: R$ 12.376.035,34. PRAZOS: Entrega: ate 30
dias corridos contados do recebimento da Nota de Empenho e/ou da assinatura do contrato. Vigencia: da
Ata de Registro de Precos: 12 meses; do Contrato: 90 (noventa) dias a partir da data da assinatura. DATA
DA SESSAO PUBLICA: 10/10/2019 as 09:30 horas no www.comprasgovernamentais.gov.br. UASG
450107. Edital esta disponivel no endereco acima e no http://licitacoes.ss p . d f . g o v. b r.
Brasilia/DF, 26 de setembro de 2019
AMILCAR UBIRATAN URACH VIEIRA
Coordenador
CORPO DE BOMBEIROS MILITAR DO DISTRITO FEDERAL
DIRETORIA DE SAUDE
COMI",AVISO DE ABERTURA DE LICITACAO
1,127307217-127307239,"
. Saldo Orcamento Publicidade Institucional Bloqueado/Contingenciado 4.983.220,38
. Saldo Orcamento Publicidade de Utilidade Publica Bloqueado/Contingenciado 4.323.446,39
. Total Orcamento Bloqueado/Contingenciado 9.306.666,77
4. Para mais informacoes acessar www.transparencia.df.gov.br/#/prestando-contas/gastos-publicidade e www.comunicacao.df.gov.br.
ADEVAGNER BEZERRA
SECRETARIA DE ESTADO DE SEGURANCA PUBLICA
SUBSECRETARIA DE ADMINISTRACAO GERAL
COORDENACAO DE LICITACOES, CONTRATOS E CONVENIOS
AVISO DE ABERTURA DE LICITACAO
PREGAO ELETRONICO No 09/2019
PARA PARTICIPACAO EXCLUSIVA DE ME/EPP
Processo: 00050-00018691/2018-59. TIPO: Menor Preco. OBJETO: Registro de precos para futura
aquisicao de equipamentos (escada telescopica, esclerometro, detector de metais, fissurometro, chave teste,
termometro, alicate wattimetro, alicate terrometro, anemometro, luximetro, decibelimetro, escalimetro,
nivelador a laser, lona de PVC, bota de PVC, colete de sinalizacao, gerador portatil, fita de isolamento de
area, mascara facial inteira, par de luva de vaqueta, cone para sinalizacao, lanterna ante explosao, detector
de gases, estacao de calibracao detector de gases, oculos de protecao), para atender demanda da
Coordenacao de Engenharia e Arquitetura/COENG e da Subsecretaria do Sistema de Defesa Civil da
Secretaria de Estado de Seguranca Publica do Distrito Federal. VALOR ESTIMADO: R$ 169.385,21.
PRAZOS: Entrega: ate 30 dias corridos contados da data de recebimento da Nota de Empenho ou da
assinatura do contrato, quando houver contrato. Vigencia: da Ata de Registro de Precos: 12 meses; do
Contrato: 120 (cento e vinte) dias a partir da data da assinatura. DATA DA SESSAO PUBLICA:
18/10/2019 as 09:00 horas no www.comprasgovernamentais.gov.br. UASG 450107. Edital esta disponivel
no endereco acima e no http://www.ssp.df.gov.br/licitacoes/.
Brasilia/DF, 04 de outubro de 2019
AMILCAR UBIRATAN URACH VIEIRA
Coordenador
AVISO DE ABERTURA DE LICITACAO
PREGAO ELETRONICO No 27/2019
Processo: 00050-00028014/2019-20. TIPO: Menor Preco. OBJETO: Registro de precos para futura
aquisicao de materiais de higiene pessoal, limpeza e conservacao, cama, copa, leite materno infantil,
material escolar e material de atividade esportiva para atender demanda dos internos do Sistema
Penitenciario e para atender demanda da Subsecretaria do Sistema Penitenciario da Secretaria de Estado de
Seguranca Publica do Distrito Federal. VALOR ESTIMADO: R$ 24.782.476,92. PRAZOS: Entrega: ate 30
dias corridos contados do recebimento da Nota de Empenho e/ou da assinatura do contrato. Vigencia: da
Ata de Registro de Precos: 12 meses; do Contrato: 90 (noventa) dias a partir da data da assinatura. A SSP
informa que alterou os quantitativos constantes no item 4 do Termo de Referencia. NOVA DATA DA
SESSAO PUBLICA: 21/10/2019 as 10:00 horas no www.comprasgovernamentais.gov.br. UASG 450107.
O edital alterado esta disponivel no endereco acima e no http://licitacoes. s s p . d f . g o v. b r.
Brasilia/DF, 04 de outubro de 2019
AMILCAR",AVISO DE ABERTURA DE LICITACAO
2,138459827-138459849,"ROSSI DA SILVA ARAUJO
FUNDO DE DESENVOLVIMENTO RURAL DO DISTRITO FEDERAL
CONSELHO ADMINISTRATIVO E GESTOR
SECRETARIA EXECUTIVA
EDITAL DE ACOLHIMENTO DE PROJETO No 006/2019, DE 30 DE OUTUBRO DE 2019
A SECRETARIA EXECUTIVA DO FUNDO DE DESENVOLVIMENTO RURAL DO DISTRITO
FEDERAL - FDR, com fundamento no que dispoe o Inciso III, do art. 4o do Decreto no 34.285, de 16 de
abril de 2013, combinado com o art. 19 da Resolucao no 02/2014/FDR, de 12 de novembro de 2014, torna
publico o acolhimento dos projetos de atividade rural, modalidade FDR-Social, apresentado por: 01)-
Agricultores Associados Liberdade do Assentamento Quinze de Agosto - AFAL, CNPJ: 27.228.333/0001-
29, processo SEI no 00070-00007716/2019-03, disponibilizacao mediante Acordo de Cooperacao de: 01
microtrator agricola acoplado com kit encanteirador, sulcador, rocadeira e carreta. 02)- Associacao dos
Produtores Rurais de Sobradinho - ASPRAF, CNPJ: 11.707.073/0001-34, processo SEI no 00070-
00004154/2019-38, disponibilizacao de: A)- 01 microtrator agricola acoplado com kit encanteirador,
sulcador, rocadeira e carreta agricola; B)- 01 conjunto de implementos para trator agricola de 75 CV,
composto por: plantadeira adubadeira de cinco linhas, afofador de mandioca, pulverizador com capacidade
para 800 litros, rocadeira hidraulica deslocavel e carreta agricola com capacidade para quatro toneladas.
Modalidade FDR Credito, apresentado por 03) - Jose Alberto de Meireles, CPF: 116.096.301-96, processo
SEI no 00070-00007831/2019-70; R$ 61.035,00 (sessenta e um mil e trinta e cinco reais), financiamento
para aquisicao de 01 conjunto de implementos para trator agricola de 75 CV, composto por: grade
niveladora com 36 discos de 20 polegadas, arado subsolador de 5 hastes e colhedora de forragens.
EDSON ROHDEN
Secretario Executivo
SECRETARIA DE ESTADO DE SEGURANCA PUBLICA
SUBSECRETARIA DE ADMINISTRACAO GERAL
COORDENACAO DE LICITACOES CONTRATOS E CONVENIOS
AVISO DE REABERTURA DE LICITACAO
PREGAO ELETRONICO No 27/2019
Processo: 00050-00028014/2019-20. TIPO: Menor Preco. OBJETO: Registro de precos para futura
aquisicao de materiais de higiene pessoal, limpeza e conservacao, cama, copa, leite materno infantil,
material escolar e material de atividade esportiva para atender demanda dos internos do Sistema
Penitenciario e para atender demanda da Subsecretaria do Sistema Penitenciario da Secretaria de Estado de
Seguranca Publica do Distrito Federal. A SSP informa que reabrira a Sessao Publica do Pregao em
epigrafe no dia 01/11/2019 as 10:00h.
Brasilia/DF, 30 de outubro de 2019
GABRIELLA ALVES DA CUNHA
Pregoeira
POLICIA MILITAR DO DISTRITO FEDERAL
DEPARTAMENTO DE LOGISTICA E FINANCAS
EXTRATO DO PRIMEIRO TERMO ADITIVO AO CONTRATO No 45/2017
PROCESSO: 00054.00043952/2019-47 - PARTES: DF/PMDF X ELTO INDUSTRIAL CONFECCAO
LTDA. OBJETO: A alteracao contratual com vistas ao acrescimo de 24,666666% (vinte e quatro virgula
seis seis seis seis seis seis por cento) no objeto do contrato, correspondente a aquisicao de mais 37
(trinta e sete) Jaquet",AVISO DE REABERTURA DE LICITACAO
3,148431481-148431503,"em conformidade com o contido no topico
75.2 do aludido Edital. O nao atendimento as citadas exigencias, dentro dos prazos ja estipulados importara
no desfazimento do negocio com a consequente aplicacao da penalidade prevista no topico 78.6 do Edital.
Esclarece-se ainda, a interessada, que, de acordo com o contido no topico 67 do Edital, nao cabera recurso
quanto a presente homologacao.
Brasilia/DF, 21 de novembro de 2019.
BRUNO CESAR SANTANA DE MENESES
Presidente da Comissao
AVISO DE CLASSIFICACAO PRELIMINAR E ABERTURA DE PRAZO
PARA INTERPOSICAO DE RECURSO E ENTREGA DA DOCUMENTACAO
REFERENTE AO EDITAL N.o 12/2019-IMOVEIS
O Presidente da Comissao Permanente de Licitacao de Venda de Imoveis - COPLI, da Companhia
Imobiliaria de Brasilia - TERRACAP, usando da competencia que lhe foi delegada por intermedio da
Portaria n.o 001/2019-DICOM, de 27/09/2019, torna publico o resultado de classificacao preliminar da
licitacao, conforme relacao a seguir: ITEM 1 - RNGD CONSULTORIA DE NEGOCIOS LTDA e LRB
CONSTRUTORA E ADMINISTRADORA LTDA R$ 113.700,00. Na oportunidade, informa que esta
classificacao estara disponivel no site http://www.terracap.df.gov.br, conforme processo n.o 00111-
00006957/2019-76. O prazo para interposicao de recurso sera de 05 (cinco) dias uteis, contados apos a
publicacao do presente Aviso, conforme topico no 47, Capitulo VIII. O licitante classificado
preliminarmente devera, impreterivelmente no prazo de 10 (dez) dias uteis, protocolar copia autenticada
dos documentos listados no topico no 30, Capitulo V, do Edital no 12/2019-CONCESSAO DE IMOVEIS,
sob pena de desclassificacao, com aplicacao da penalidade de retencao da caucao, nos termos do topico no
62.6, Capitulo X.
Brasilia/DF, 22 de novembro de 2019.
BRUNO CESAR SANTANA DE MENESES
Presidente da Comissao
SECRETARIA DE ESTADO DE SEGURANCA PUBLICA
SUBSECRETARIA DE ADMINISTRACAO GERAL
COORDENACAO DE LICITACOES, CONTRATOS E CONVENIOS
AVISO DE ADJUDICACAO E HOMOLOGACAO
PREGAO ELETRONICO No 27/2019
Processo: 00050-00028014/2019-20. Tipo: Menor Preco. OBJETO: Registro de precos para futura aquisicao de
materiais de higiene pessoal, limpeza e conservacao, cama, copa, leite materno infantil, material escolar e
material de atividade esportiva para atender demanda dos internos do Sistema Penitenciario da Secretaria de
Estado de Seguranca Publica do Distrito Federal. A SSPDF informa, com fulcro no inciso VI do artigo 8o, e
inciso IX do Artigo 11 do Decreto no 5.450/2005, a ADJUDICACAO dos itens 01, 02, 03 e 04 a empresa R.
Dantas Filho Confeccoes ME, CNPJ 15.520.126/0001-64, no valor unitario de R$ 3,64, R$ 3,44, R$ 3,38 e R$
3,52; dos itens 5 e 29 a empresa Saraiva Distribuidora Eireli, CNPJ: 03.818.333/0001-10, no valor unitario de
R$ 1,10 e R$ 1,23; do item 06 a empresa Cristal Comercio e Representacoes Ltda ME, CNPJ: 07.435.441/0001-
65, no valor unitario de R$ 0,90; dos itens 07, 08, 09, 20, 22, 23, 24 e 30 a empresa AAZ Comercial Eireli,
CNPJ: 15.449.518/0001-84, no valor unitario de R$ 1,42, R$ 3,29, R$ 2,59, ",AVISO DE ADJUDICACAO E HOMOLOGACAO
