,local,text,
0,7199250-7199272,"6 (oitenta e seis mil, duzentos e trinta e um reais e
dezesseis centavos), conforme proposta de compra anexada ao processo SEI no 00111-00008198/2018-03;
item 84, Q 04 CJ 01 LT 02 , ao interessado(a) LUCIANA DE OLIVEIRA LOPES, pelo valor de R$
78.956, 60 (setenta e oito mil, novecentos e cinquenta e seis reais e sessenta centavos), conforme
proposta de compra anexada ao processo SEI no 00111-00007710/2018-96; item 191, Q 06 CJ 28 LT 29
, ao interessado(a) VALSILENE MARIA JOSE DA SILVA, pelo valor de R$ 103.873, 40 (cento e tres
mil, oitocentos e setenta e tres reais e quarenta centavos), conforme proposta de compra anexada ao
processo SEI no 00111-00007317/2018-01; item 209, Q 06 CJ 29 LT 25 , ao interessado(a) MARIA DO
CARMOS GONCALVES DE ANDRADE CARDOSO, pelo valor de R$ 97.629, 88 (noventa e sete mil,
seiscentos e vinte e nove reais e oitenta e oito centavos), conforme proposta de compra anexada ao
processo SEI no 00111-00008137/2018-38; item 219, Q 06 CJ 33 LT 02 , ao interessado(a) CAIO JUNIO
SILVA DE OLIVEIRA, pelo valor de R$ 87.204, 92 (oitenta e sete mil, duzentos e quatro reais e
noventa e dois centavos), conforme proposta de compra anexada ao processo SEI no 00111-
00007755/2018-61; item 363, Q 10 CJ 18 LT 07 , ao interessado(a) SILVALDO MADUREIRA E
SILVA, pelo valor de R$ 176.447, 16 (cento e setenta e seis mil, quatrocentos e quarenta e sete reais
e dezesseis centavos), conforme proposta de compra anexada ao processo SEI no 00111-00007993/2018-
76 . Para informacoes e esclarecimentos quanto a prazos e demais obrigacoes obedeca-se aos termos
estabelecidos no Edital de Convocacao para Venda Direta no 002/2018.
Em 23 de janeiro de 2019
RENATO CORREIA LEAL
Presidente da Comissao
SECRETARIA DE ESTADO DE SEGURANCA PUBLICA
SUBSECRETARIA DE ADMINISTRACAO GERAL
COORDENACAO DE LICITACOES, CONTRATOS E CONVENIOS
AVISO DE ABERTURA DE LICITACAO
PREGAO ELETRONICO No 04/2019-SSPDF
REPETICAO DOS ITENS FRACASSADOS NO PE 46/2018
PARTICIPACAO EXCLUSIVA DE ME/EPP
PROCESSO: 00050-00027382/2018-70. TIPO: Menor Preco. OBJETO: Registro de Precos para futura
aquisicao de equipamentos para implementacao de Oficinas de Corte e Costura nas Unidades
Prisionais do DF, visando atender demanda proveniente dos Convenios no 774.198/2012 e
822.743/2015, firmados entre a Uniao por meio do Ministerio da Justica e o Distrito Federal por meio
da Secretaria de Estado de Seguranca Publica. VALOR ESTIMADO: R$ 49.950,66. PRAZOS:
Entrega: ate 30 dias corridos contados da assinatura do contrato. Vigencia: da Ata de Registro de
Precos: 12 meses; do Contrato: 120 (cento e vinte) dias a partir da data da assinatura. DATA DA
SESSAO PUBLICA: 05/02/2019 as 09:30 horas no www.comprasgovernamentais.gov.br. UASG
450107. Edital esta disponivel no endereco acima e no http://licitacoes.ss p . d f . g o v. b r.
Brasilia/DF, 23 de janeiro de 2019
GABRIELLA ALVES DA CUNHA
Coordenadora - Substituta
AVISO DE ABERTURA DE LICITACAO
PREGAO ELETRONICO No 06/2019-SSPDF
REPETICAO DOS ITENS FRACASSADOS NO PE 43/2018
PARA PA",AVISO DE ABERTURA DE LICITACAO
1,15359034-15359056," Empresa C & P COMERCIO E
SERVICOS LTDA, CNPJ:37.988.227/0001-05, itens 30, 50, 79 e 122 nos valores unitarios de R$ 4,76; R$
99,65; R$ 6,33 e R$ 41,06; 23) Empresa JLX INDUSTRIA E COMERCIO DE MAQUINAS LTDA,
CNPJ: 95.370.730/0001-90, item 59 no valor unitario de R$ 7,00; SIGNATARIOS: Pela SSP/DF:
ALVARO HENRIQUE FERREIRA DOS SANTOS, e pelas Empresas, respectivamente: ESTRUTURA
CENTER COMERCIO DE MATERIAL DE CONSTRUCAO LTDA - Vicente Dias de Lima Junior; ABV
CONSTRUCOES LTDA - PEDRO FELIPE CAMARA DE OLIVEIRA; GFK COMERCIO E
CONSTRUCAO LTDA-ME - GIRLEI RODRIGUES DA SILVA; PRIME COMERCIO DE MATERIAIS
DE CONSTRUCOES EIRELI-ME- SIMON BOLIVAR LAMBRANHO; N3 COMERCIO E SERVICOS
EIRELI-EPP - NEYDSON BRENO OLIVEIRA SANTOS; LUZCOLOR INDUSTRIA E COMERCIO
LTDA - VALDIR LUZIA DE SOUZA JUNIOR; WALLACE LUIZ DE SOUZA RESINAS EIRELI -
WALLACE LUIZ DE SOUZA; QUALITE DISTRIBUIDORA EIRELI - VALDINEY DE SOUZA
SILVA; PORTELA LOGISTICA E CONSTRUCOES EIRELI - ME - JOAO ARNALDO PORTELA;
LICITARE PRODUTOS, MATERIAIS E SERVICOS LTDA - MARCIO GAMBIN; EXTINCOM DO
BRASIL - COMERCIO E MANUTENCAO DE EXTINTORES E EQUIPAMENTOS DE SEGURANCA
EIRELI - RAFAEL MATUDA; FERRAGENS LIDER GAMA COMERCIO E SERVICOS LTDA -
CELIO GERALDO PAIVA; N. B. DISTRIBUIDORA E IMPORTADORA DE PRODUTOS E
EQUIPAMENTOS EIRELI - ELIANDRO RODRIGUES DE MORAIS; BRASIDAS EIRELI -
EMERSON LUIS KOCH; LARISSA AQUINO DE MEDEIROS - ME - EDSON FERREIRA DE
SOUSA; LICITOP COMERCIO E SERVICO EIRELI - MATEUS FERNANDES SILVA MENDONCA;
VALENTE TINTAS - EIRELI - ME - MARIA ELISANGELA ALVES FALEIRO; COMERCIAL JSM
PRODUTOS AGROPECUARIOS EIRELI - JOAO DA SILVA MENDONCA; CEMACO COMERCIO
DE MATERIAIS DE CONSTRUCAO LTDA-ME - JOSE SEVERIANO BASTOS; COSTA &
NASCIMENTO COMERCIO E SERVICOS LTDA - JANAINA COSTA DA SILVA; MAQCENTER
MAQUINAS PARA CONSTRUCOES LTDA - ARNALDO PAIVA FAGUNDES; C & P COMERCIO E
SERVICOS LTDA - PAULO CESIO DE OLIVEIRA; JLX INDUSTRIA E COMERCIO DE MAQUINAS
LTDA - LEANDRO DESTEFENI.
Ata de Registro de Precos no 05/2018-SSP. PROCESSO: 00050-00027382/2018-70-SEI/GDF. OBJETO:
Registro de Precos para futura aquisicao de equipamentos que serao utilizados na implementacao de
Oficinas de Corte e Costura para atender demanda proveniente dos Convenios no. 774.192/2012 e
822.743/2015, visando atender demanda proveniente dos Convenios no 774.198/2012 e 822.743/2015,
firmados entre a Uniao por meio do Ministerio da Justica e o Distrito Federal por meio da Secretaria de
Estado de Seguranca Publica do Distrito Federal, conforme especificacoes, condicoes e quantidades
definidas no Termo de Referencia que segue como Anexo I do Edital do Pregao Eletronico no 46/2018-
SSPDF. Vigencia: 12 (doze) meses, contados a partir da data de assinatura da Ata de Registro de Precos:
17/01/2019. Empresas Adjudicatarias: BRTOP INDUSTRIA E COMERCIO DE MOVEIS LTDA, CNPJ:
03.869.166/0001-37, itens 01 no valor unitario de R$ 2.369,90; EMPRESA: FACIL TENDTUDO, CNPJ:
10.907.486/0001-08, item 02 no valor unitario de R$ 1.590,00, EMPRESA: LICITOP COMERCIO E
SERVICO EIRELI, CNP",Indefinido
2,17740239-17740261,"orme especificacoes
e condicoes estabelecidas no Termo de Referencia constante do Anexo I do Edital do Pregao Eletronico no
09/2018-SSPDF. Vigencia: 12 (doze) meses, contados a partir da data de assinatura da Ata de Registro de
Precos: 18/02/2019. Empresa Adjudicataria: CENTRO DE FORMACAO DE CONDUTORES AB
EXPRESS LTDA, CNPJ: 19.023.184/0001-33; item 2, 133 unidades, valor unitario: R$1.815,05 e item 3,
37 unidades, valor unitario R$1.815,05. SIGNATARIOS: Pela SECRETARIA DE ESTADO DE
SEGURANCA PUBLICA DO DISTRITO FEDERAL: ALVARO HENRIQUE FERREIRA DOS
SANTOS, e pela empresa CENTRO DE FORMACAO DE CONDUTORES AB EXPRESS LTDA:
RICARDO LOIOLA OLIVEIRA.
AVISO DE SUSPENSAO DE EDITAL DE CHAMAMENTO PUBLICO No 01/2018
O SECRETARIO DE ESTADO DE SEGURANCA PUBLICA DO DISTRITO FEDERAL, no uso de suas
atribuicoes legais e regimentais, considerando o que consta no processo SEI no 0050-001331/2017, que
trata do Edital de Chamamento Publico no 01, que visa o chamamento publico de ORGANIZACOES DA
SOCIEDADE CIVIL (OSC) para apresentar plano de trabalho e, em parceria com a SECRETARIA DE
ESTADO DA SEGURANCA PUBLICA, prover o atendimento, o acompanhamento multiprofissional, o
posterior encaminhamento dos cumpridores de alternativas penais as instituicoes parceiras para
cumprimento da determinacao judicial, o monitoramento do cumprimento da medida, a formacao de redes
com parceiros e entidades estrategicas, bem como o referenciamento para os equipamentos de apoio e
protecao social, no Distrito Federal, no periodo de 36 (trinta e seis) meses, DETERMINA: a
SUSPENSAO, por 30 dias, prorrogaveis por igual periodo caso seja necessario, do Edital de Chamamento
Publico no 001/2018, publicado nas paginas 61/72 da Diario Oficial do Distrito Federal no 228, de 03 de
dezembro de 2018.
ANDERSON GUSTAVO TORRES
SUBSECRETARIA DE ADMINISTRACAO GERAL
COORDENACAO DE LICITACOES, CONTRATOS E CONVENIOS
AVISO DE RESULTADO
PREGAO ELETRONICO No 04/2019
Repeticao dos itens fracassados no PE 46/2018
PROCESSO SEI-DF: 00050-00027382/2018-70. TIPO: Menor Preco. OBJETO: Registro de Precos para
futura aquisicao de equipamentos para implementacao de Oficinas de Corte e Costura nas Unidades
Prisionais do DF, visando atender demanda proveniente dos Convenios no 774.198/2012 e 822.743/2015,
firmados entre a Uniao por meio do Ministerio da Justica e o Distrito Federal por meio da Secretaria de
Estado da Seguranca Publica e da Paz Social do Distrito Federal. A SSPDF informa que o item 1 do
certame foi deserto e o item 2 restou fracassado.
Brasilia/DF, 18 de fevereiro de 2019.
GABRIELLA ALVES DA CUNHA
Pregoeira
POLICIA MILITAR DO DISTRITO FEDERAL
DEPARTAMENTO DE LOGISTICA E FINANCAS
EXTRATO DO CONTRATO No 01/2019
PROCESSO No SEI no 00054.00082523/2018-12. PARTES: DF/PMDF XP&P TURISMO EIRELI. OBJETO:
Prestacao servico de agenciamento de viagens, compreendendo a reserva, emissao, marcacao, remarcacao e
cancelamento de bilhetes de passagens aereas (nacionais e internacionais) e terrestres (nacionais). VALOR:
679.000,07 (seiscentos e ",AVISO DE RESULTADO
3,32289485-32289507," constantes no Termo de referencia que segue como Anexo I do Edital. VALOR ESTIMADO:
R$ 41.250,00. PRAZOS: Entrega: ate 30 dias corridos contados do recebimento da Nota de Empenho e/ou
da assinatura do contrato. Vigencia: da Ata de Registro de Precos: 12 meses; do Contrato: 90 (noventa)
dias a partir da data da assinatura. DATA DA SESSAO PUBLICA: 08/04/2019 as 15:00 horas no
www.comprasgovernamentais.gov.br. UASG 450107. Edital esta disponivel no endereco acima e no
h t t p : / / l i c i t a c o e s . s s p . d f . g o v. b r.
Brasilia/DF, 25 de marco de 2019.
AMILCAR UBIRATAN URACH VIEIRA
Coordenador de Licitacoes, Contratos e Convenios
AVISO DE ABERTURA DE LICITACAO
PREGAO ELETRONICO No 36/2018
PROCESSO: 00050-00049042/2018-08. TIPO: Menor Preco. OBJETO: Contratacao de empresa
especializada para realizacao de servico de locacao de 10 (dez) equipamentos de Raio X (body scan e seus
perifericos), compreendendo servico de locacao dos equipamentos, manutencoes preventivas e corretivas
dos equipamentos e cursos de treinamento para os operadores das maquinas, pelo periodo de 48 meses,
para inspecao corporal para os internos da Subsecretaria do Sistema Penitenciario da Secretaria de Estado
da Seguranca Publica. VALOR ESTIMADO: R$ 7.642.800,00. PRAZOS: De instalacao dos equipamentos
e seus perifericos devidamente configurado e pronto para funcionamento, sera de ate 90 (noventa) dias
apos recebimento da Ordem de Servico. De Vigencia: do Contrato: 48 (quarenta e oito) meses a partir da
data da assinatura. DATA DA SESSAO  PUBLICA: 10/04/2019 as 09:00 horas no
www.comprasgovernamentais.gov.br. UASG 450107. Edital esta disponivel no endereco acima e no
h t t p : / / l i c i t a c o e s . s s p . d f . g o v. b r.
Brasilia/DF, 25 de marco de 2019.
AMILCAR UBIRATAN URACH VIEIRA
Coordenador de Licitacoes, Contratos e Convenios
AVISO DE ABERTURA DE LICITACAO
PREGAO ELETRONICO No 10/2019
REPETICAO DOS ITENS FRACASSADOS NO PE 04/2019
PARTICIPACAO EXCLUSIVA DE ME/EPP
PROCESSO SEI-DF: 00050-00027382/2018-70. TIPO: Menor Preco. OBJETO: Registro de Precos para
futura aquisicao de equipamentos para implementacao de Oficinas de Corte e Costura nas Unidades
Prisionais do DF, visando atender demanda proveniente dos Convenios no 774.198/2012 e 822.743/2015,
firmados entre a Uniao por meio do Ministerio da Justica e o Distrito Federal por meio da Secretaria de
Estado da Seguranca Publica e da Paz Social do Distrito Federal. VALOR ESTIMADO: R$ 31.217,97.
PRAZOS: Entrega: ate 30 dias corridos contados da assinatura do contrato. Vigencia: da Ata de Registro
de Precos: 12 meses; do Contrato: 120 (cento e vinte) dias a partir da data da assinatura. DATA DA
SESSAO PUBLICA: 08/04/2019 as 09:00 horas no www.comprasgovernamentais.gov.br. UASG 450107.
Edital esta disponivel no endereco acima e no http://licitacoes.ssp.df.go v. b r.
Brasilia/DF, 25 de marco de 2019.
AMILCAR UBIRATAN URACH VIEIRA
Coordenador de Licitacoes, Contratos e Convenios
POLICIA MILITAR DO DISTRITO FEDERAL
DEPARTAMENTO DE LOGISTICA E",AVISO DE ABERTURA DE LICITACAO
4,43722940-43722962," Termo Aditivo entra em vigencia a partir da data de sua assinatura. Data de assinatura: 02 de
abril de 2019. Da Ratificacao: Ficam ratificadas e inalteradas as demais clausulas e condicoes previstas
no referido contrato. Signatarios: Pela SEAGRI/DF: DILSON RESENDE DE ALMEIDA, na qualidade
de Secretario de Estado, pela Contratada: DAVI DE OLIVEIRA BERTUCCI e IVANILDE ROSA
BEZERRA, na qualidade de Procuradores.
EMPRESA DE ASSISTENCIA TECNICA E EXTENSAO
RURAL DO DISTRITO FEDERAL
RATIFICACAO DE INEXIGIBILIDADE DE LICITACAO
Processo: 00072-0000157/2019-46. Com fulcro no art. 7o, II, ""f"" e  1o, do RLC da EMATER-DF,
AUTORIZO a contratacao direta, por inexigibilidade de licitacao da Empresa: O2 COMUNICACAO
AGROPECUARIA LTDA, CNPJ: 17.810.998/0001-92. Objeto: Inscricoes de oito (08) tecnicos da Emater-
DF no IX Simposio Internacional Leite Integral, visando o cumprimento das metas do convenio firmado
entre a EMATER/DF e a Secretaria Especial da Agricultura Familiar e Desenvolvimento Agrario -
Convenio SEAD n 821.896/2015 - Meta 1.15.3, no valor total de R$ 1.280,00 (Um mil, duzentos e oitenta
reais). Brasilia/DF, 12 de abril de 2019. Denise Andrade da Fonseca, Presidente.
SECRETARIA DE ESTADO DE SEGURANCA PUBLICA
AVISO DE ADJUDICACAO E HOMOLOGACAO
PREGAO ELETRONICO No 33/2018
PROCESSO: 00050-00048214/2018-18. TIPO: Menor Preco. OBJETO: Registro de precos para futura
aquisicao de cartuchos de toner para impressora multifuncional marca Brother, modelo MFC-8952DW,
a fim de atender demanda da Secretaria de Estado de Seguranca Publica. A SSPDF informa, com
fulcro no inciso IX do artigo 11, do Decreto no 5.450/2005, a ADJUDICACAO do objeto do certame
a CGF Comercio de Produtos de Informatica, Escritorio e Servicos Ltda., CNPJ 01.251.189/0001-58,
no preco unitario de R$ 255,00; e a HOMOLOGACAO do certame com fulcro no inciso VI, do
Artigo 8o, do Decreto no 5.450/2005.
Brasilia/DF, 10 de abril de 2019
AMILCAR UBIRATAN URACH VIEIRA
Coordenador
PREGAO ELETRONICO No 10/2019
PROCESSO: 00050-00027382/2018-70. TIPO: Menor Preco. OBJETO: Registro de Precos para futura
aquisicao de equipamentos para implementacao de Oficinas de Corte e Costura nas Unidades
Prisionais do DF, visando atender demanda proveniente dos Convenios no 774.198/2012 e
822.743/2015, firmados entre a Uniao por meio do Ministerio da Justica e o Distrito Federal por meio
da Secretaria de Estado da Seguranca Publica do Distrito Federal. A SSPDF informa, com fulcro no
inciso IX do artigo 11, do Decreto no 5.450/2005, a ADJUDICACAO do objeto do item 2 do objeto
do certame a Licitop Comercio e Servicos EIRELI, CNPJ 21.822.463/0001-09, no preco unitario de
R$ 4.287,00; e a HOMOLOGACAO do certame com fulcro no inciso VI, do Artigo 8o, do Decreto
no 5.450/2005. O item 1 fracassou.
Brasilia/DF, 10 de abril de 2019
AMILCAR UBIRATAN URACH VIEIRA
Coordenador
SUBSECRETARIA DE ADMINISTRACAO GERAL
COORDENACAO DE LICITACOES CONTRATOS E CONVENIOS
AVISO DE SUSPENSAO DE LICITACAO
PREGAO ELETRONICO No 14/2018-SSPDF
PROCESSO: 00050-00005593/2",PREGAO ELETRONICO
