,local,text,
0,108746253-108746275,": DILSON RESENDE
DE ALMEIDA, na qualidade de Secretario de Estado. Pela Contratada: KELLY FRAGOSO SOUZA, na
qualidade de Representante Legal.
SUBSECRETARIA DE ADMINISTRACAO GERAL
AVISO DE DISPENSA DE LICITACAO No 1/2019 (*)
O Subsecretario de Administracao Geral - Substituto, comunica a abertura da Dispensa de Licitacao,
EMERGENCIAL, para a Contratacao de empresa especializada na prestacao de servicos continuados de
terceirizacao de mao-de-obra de apoio as atividades operacionais e administrativas, de carater subsidiario
(operador de maquinas agricolas e de terraplanagem, motorista - CNH categoria ""D"", carregador/estiva),
para atender a Secretaria de Estado da Agricultura, Abastecimento e Desenvolvimento Rural do DF,
conforme condicoes, quantidades e exigencias estabelecidas em Edital e seus anexos disponivel no
endereco www.agricultura.df.gov.br, menu 'Editais', documento 'Edital Contratacao Emergencial Mao-de-
Obra'. Processo SEI no 00070-00006338/2019-32, no valor previo estimado de R$ 1.347.211,80 (um
milhao, trezentos e quarenta e sete mil duzentos e onze reais e oitenta centavos), para o periodo de ate 180
(cento e oitenta) dias, conforme termos do edital. O Termo de Referencia contendo todas as informacoes
necessarias podera ser obtido por meio eletronico no endereco acima informado ou no endereco: Parque
Estacao Biologica, Edificio Sede, CEP 70.770-914 - Secretaria de Estado da Agricultura, Abastecimento e
Desenvolvimento Rural, telefone: (61) 3051.6357/3051.6306. As propostas, juntamente com a
documentacao, deverao ser entregues em um unico envelope lacrado ate as 11hs do dia 30/08/2019 no
endereco fisico supracitado.
MARCONDES DOURADO SARAIVA
(*) Republicado por ter sido encaminhado com incorrecao no original, publicado no DODF no 164, de
29/08/2019, pagina 31.
SECRETARIA DE ESTADO DE SEGURANCA PUBLICA
SUBSECRETARIA DE ADMINISTRACAO GERAL
COORDENACAO DE LICITACOES, CONTRATOS E CONVENIOS
AVISO DE ABERTURA DE LICITACAO
PREGAO ELETRONICO No 24/2018
PROCESSO: 00050-00152780/2017-42. TIPO: Menor Preco. OBJETO: Contratacao de empresa
especializada para ministrar curso de corte e costura nas dependencias da Penitenciaria do Distrito
Federal-PDF I, DF 465, Km 02 - Sao Sebastiao - Brasilia - DF, com duracao de no minimo 160 h,
sendo 02 (duas) turmas de 20 (vinte) alunos, com entrega de certificados apos a sua conclusao,
visando atender demanda do Convenio no 774.198/2012 - DEPEN/MJ. VALOR TOTAL ESTIMADO:
R$ 54.670,00 DOTACAO: UO 24.101 - SSP/DF. PROG. TRAB.: 06.181.6217.1569.0001 N.D.
3.3.90.39. F.R.: 390, 332 e 321. PRAZOS: De Execucao: 70 (setenta) dias. Vigencia do contrato: 150
(cento e cinquenta) dias. DATA DA SESSAO PUBLICA: 11/09/2019, as 09h30min no
www.comprasgovernamentais.gov.br. UASG 450107. O Edital esta disponivel no endereco acima e no
w w w. s s p . d f . g o v. b r / l i c i t a c o e s .
Brasilia/DF, 29 de agosto de 2019
AMILCAR UBIRATAN URACH VIEIRA
Coordenador de Licitacoes, Contratos e Convenios
AVISO DE ADJUDICACAO E HOMOLOGACAO
PREGAO ELETRONIC",AVISO DE ABERTURA DE LICITACAO
1,117025057-117025079,"/ a u t e n t i c i d a d e . h t m l
pelo codigo 50012019091300041
Documento assinado digitalmente conforme MP no 2.200-2 de 24/08/2001, que institui a
Infraestrutura de Chaves Publicas Brasileira - ICP-Brasil.
SECRETARIA DE ESTADO DE SEGURANCA PUBLICA
EXTRATO DE ATA DE REGISTRO DE PRECOS (*)
Ata de Registro de Precos no 24/2019-SSPDF. Processo SEI-GDF no 00050-00047591/2019-11. Objeto:
Registro de Precos para futura aquisicao de cadeados, luvas de procedimento, mascaras, lavadoras de alta
pressao e botons de identificacao pessoal, para atender demandas da Secretaria de Estado de Seguranca
Publica do Distrito Federal; conforme especificacoes, quantitativos e condicoes estabelecidas no Termo de
Referencia constante do Anexo I do Edital do PE no 24/2019-SSPDF. Vigencia: 12 (doze) meses contados
a partir da assinatura: 10/09/2019. Empresas adjudicatarias: RICHELE FARIAS DOS SANTOS, CNPJ:
22.842.364/0001-51; item 1 no valor unitario de R$ 54,20; LICITARE PRODUTOS, MATERIAIS E
SERVICOS LTDA, CNPJ: 18.641.075/0001-17, item 2 no valor unitario de R$ 14,98, item 3 no valor
unitario de R$ 16,50, item 5 no valor unitario de R$ 5,87; PRO MAIS ENGENHARIA LTDA, CNPJ:
27.737.397/0001-5 item 4 no valor unitario de R$ 14,75; MARCIO SANDRO MALLET PEZARIM,
CNPJ: 04.743.532/0001-70, item 7 no valor unitario de R$ 7,50; ARZUL COMERCIO DE MAQUINAS
EIRELI, CNPJ: 26.544.764/0001-31, item 6 no valor unitario de R$ 3.208,00. Signatarios: Pela Secretaria
de Estado de Seguranca Publica do Distrito Federal: Alvaro Henrique Ferreira dos Santos e pelas empresas
respectivamente: Richele Farias dos Santos, Marcio Gambin, Aires Jose Vieira Filho, Marcio Sandro
Mallet Pezarim, Valdeci Mariano Gonzaga.
(*) Republicado por ter sido encaminhado com incorrecao na original, publicado no DODF No 174, de 12
de setembro de 2019, pagina 46/47.
SUBSECRETARIA DE ADMINISTRACAO GERAL
COORDENACAO DE LICITACOES, CONTRATOS E CONVENIOS
AVISO DE ADJUDICACAO E HOMOLOGACAO
PREGAO ELETRONICO No 24/2018-SSPDF
Processo: 00050-00152780/2017-42. Tipo: Menor Preco. Objeto: Contratacao de empresa especializada
para ministrar curso de corte e costura nas dependencias da Penitenciaria do Distrito Federal-PDF I,
com duracao de no minimo 160h, sendo 02 (duas) turmas de 20 (vinte) alunos, com entrega de
certificados apos a sua conclusao, visando atender demanda do Convenio no 774.198/2012 -
DEPEN/MJ; conforme especificacoes e condicoes estabelecidas no Termo de Referencia constante do
Anexo I do Edital. A SSPDF informa, com fulcro no inciso IX do artigo 11, do Decreto no
5.450/2005, a ADJUDICACAO do objeto do certame a empresa ABC Trainning Qualificacao
Profissional Ltda, CNPJ: 33.605.436/0001-63, no valor total de R$ 48.250,00. Informa ainda a
HOMOLOGACAO do certame com fulcro no inciso VI do Artigo 8o, do Decreto no 5.450/2005.
Brasilia/DF, 12 de setembro de 2018.
GABRIELLA ALVES DA CUNHA
Pregoeira
POLICIA MILITAR DO DISTRITO FEDERAL
EXTRATO DO CONTRATO No 45/2019
Processo:00054-00068915/2018-61. Partes: DF/PMDF X DECORINTER INDU",AVISO DE ADJUDICACAO E HOMOLOGACAO
2,128788930-128788952,"IO DE ADMINISTRACAO GERAL, DA SECRETARIA DE ESTADO DE
SEGURANCA PUBLICA DO DISTRITO FEDERAL, no uso das atribuicoes que lhe conferem o artigo
230, inciso XV, do Regimento Interno da SSP/DF, aprovado pelo Decreto n.o 40.079, de 04 de setembro
de 2019, e artigo 1o, inciso V, alinea ""c"", da Portaria n.o 155, de 17 de outubro de 2018, considerando a
instrucao do Processo: 00050-00041574/2019-70, resolve:
Art. 1o Autorizar, com fundamento no Decreto n.o 29.290/2008, o pedido de afastamento, com onus
limitado ao Distrito Federal, em beneficio dos servidores ANTONIO ARINO ARAUJO VIDAL, matricula
179.448-5, THIAGO SOARES FERNANDES, matricula 179.470-1, EDUARDO TAVARES DA SILVA
QUIXABEIRA, matricula 175.820-9, e ALERSON DA SILVA PIRES, matricula 175.811-X, Agentes de
Execucao Penal, para participarem da capacitacao de Agentes Penitenciarios do Sistema Prisional do
Estado de Tocantins, no Curso de Intervencao Rapida em Recinto Carcerario, no periodo de 06 a 25 de
outubro de 2019, na cidade de Palmas/TO.
Art. 2o Esta Ordem de Servico entra em vigor na data de sua publicacao.
ALVARO HENRIQUE FERREIRA DOS SANTOS
ORDEM DE SERVICO No 282, DE 07 DE OUTUBRO DE 2019
O SUBSECRETARIO DE ADMINISTRACAO GERAL, DA SECRETARIA DE ESTADO DE
SEGURANCA PUBLICA DO DISTRITO FEDERAL, no uso das atribuicoes que lhe confere a Portaria no
141, de 30 de junho de 2015, desta Secretaria, cumulado com o artigo 230, inciso XV, do Regimento
Interno da Secretaria de Estado da Seguranca Publica do Distrito Federal, aprovado pelo Decreto no
40.079, de 04 de setembro de 2019; e, em conformidade com os termos do inciso II do artigo 41 do
Decreto no 32.598, de 15 de dezembro de 2010, combinado com o artigo 67 da Lei no 8.666 de 21 de junho
de 1993, resolve:
Art. 1 Designar CLAUDEMIRO PINTO DA SILVA, matricula 178313-0, e DIEGO JANIRO OLIVEIRA
BARROS, matricula 1682460-1, como Executor e Suplente, respectivamente, do Contrato para prestacao
de servico pelo Distrito Federal no 063/2019-SSPDF, oriundo do Processo: 00050-00152780/2017-42-
SSPDF, a ser firmado com a empresa ABC TRAINNING QUALIFICACAO PROFISSIONAL LT D A ,
tendo por objeto a contratacao de empresa especializada para ministrar curso de corte e costura nas
dependencias da Penitenciaria do Distrito Federal-PDF I, conforme previsto no artigo 21, inciso I, alinea
""d"" c/c  1o e 2o do art. 22 da IN n.o 05/2017 de 05/05/2017.
Art. 2 Ao Executor e Suplente designado no artigo supra, cabe o cumprimento das atribuicoes expressas
na Portaria no 24, de 21 de marco de 2002, desta Pasta, bem como ao estabelecido no Decreto no 32.598/10
e, em especial, ao que dispoe o art. 66, c/c o 1o, art. 67, da Lei 8.666/93.
Art. 3 Esta Ordem de Servico entra em vigor na data de sua publicacao
ALVARO HENRIQUE FERREIRA DOS SANTOS
CASA MILITAR
PORTARIA No 135, DE 8 DE OUTUBRO DE 2019
O CHEFE DA CASA MILITAR DO DISTRITO FEDERAL, Em Exercicio, no uso das atribuicoes que lhe
conferem o art. 105, paragrafo unico, incisos III e V, da Lei Organica do Distrito Federal, e o art. 55, inciso
I",Designar
