,local,text,
0,6287687-6287709," itens 3, 4, 5, 6, 7, 8, 9, 11, 12, 13, 14, 15, 19,
26, 33, 56, 57, 58, 61, 75 e 78 nos valores unitarios de R$ 12,00, R$ 12,00 R$ 8,50, R$ 8,50, R$ 5,50,
R$ 5,80, R$ 7,99, R$ 15,90, R$ 8,50, R$ 3,95, R$ 3,45, R$ 3,45, R$ 3,80, R$ 34,90, R$ 15,10, R$
44,10, R$ 367,90, R$ 367,90, R$ 7,99, R$ 75,00 e R$ 12,80; Kairos Comercio e Servicos Eletronicos
Ltda., CNPJ 29.759.526/0001-31, item 25 no valor unitario de R$ 39,44; Peniel Comercio e Suprimento
Eireli, CNPJ 30.354.118/0001-89, itens 111 e 112 no valor unitario de R$ 13,49 e R$ 13,45; Multiluz
Comercial Eireli, CNPJ 31.128.170/0001-80, itens 104, 107, 115 e 116 nos valores unitarios de R$ 24,20,
R$ 24,00, R$ 11,80 e R$ 10,23; SermatServicos e Materiais de Construcao Ltda., CNPJ
37.085.537/0001-01, itens 50, 51 e 54 nos valores unitarios de R$ 1,45 R$ 2,55, R$ 9,95; Delvalle
Materiais Eletricos Ltda., CNPJ 37.227.550/0001-58, itens 36, 46, 48, 67, 88, 90, 99, 101, 103, 108, 124
e 125 nos valores unitarios de R$ 1,90, R$ 1,14, R$ 14,49, R$ 80,00, R$ 37,08, R$ 6,57, R$ 4,10, R$
5,73, R$ 8,00, R$ 11,27, R$ 702,00 e R$ 1.500,00. SIGNATARIOS: Pela Secretaria de Estado da
Seguranca Publica e da Paz Social: ALVARO HENRIQUE FERREIRA DOS SANTOS e pelas Empresas,
respectivamente: CEZAR ANTONIO COTA, EZIR ALVES DOURADO, MARCELO LUIZ CLEMENTE
BRANDAO, WESLEY LAURENCO DE BARROS, DEISE RIETTER DERETTI, RICARDO
PALHANO XAVIER, WESLEY CARDOSO FRANCISCO, PAULO SERGIO LIMAO, WILSON ASSIS
OLIVEIRA HORA, NEYDSON BRENO OLIVEIRA SANTOS, ROGERIO RAMOS ALVES,
VALDINEY DE SOUZA SILVA, JOAO ARNALDO PORTELA, BRUNA GORETTI ALVES LOPES,
RICARDO DE CASTRO LIMA, EMERSON LUIS KOCH, KENDERSON MARQUES, MATEUS
FERNANDES SILVA MENDONCA, SANDRO ROBERTO CRISPIM, JOAO DA SILVA MENDONCA,
GUILHERME LIVRAMENTO WEHMUTH, MURILO FREIRE PASTORELLI, FABIO CRUZ DE
ARAUJO, ANDRE LUIZ DA SILVA PARELLI, DANIELA ARAUJO CIPRIANO, RICARDO
ALEXANDRE DE OLIVEIRA NESKE, OTACILIO PAULINO CANDIDO, ALESSANDRO MARTINS
MIGUEL.
Ata de Registro de Precos no 04/2019-SSP. PROCESSO: 00050-00020438/2018-65-SEI/GDF. OBJETO:
Registro de precos para futura aquisicao de material para manutencao de bens imoveis para as unidades
prisionais do Sistema Penitenciario do Distrito Federal, conforme especificacoes e condicoes
estabelecidas no Termo de Referencia constante do Anexo I do Edital do Pregao Eletronico no 26/2018-
SSPDF. Vigencia: 12 (doze) meses, contados a partir da data de assinatura da Ata de Registro de Precos:
17/01/2019. Empresas Adjudicatarias: 1) Empresa ESTRUTURA CENTER COMERCIO DE
MATERIAL DE CONSTRUCAO LTDA, CNPJ: 01.739.265/0001-79, itens 14, 16, 22, 45, 54, 92, 107,
111 e 181, nos valores unitarios respectivos de R$ 17,66; R$ 6,60; R$ 15,26; R$ 23,99; R$ 21,69; R$
488,07; R$ 7,55; R$ 40,81 e R$ 174,71; 2) Empresa ABV CONSTRUCOES LTDA, CNPJ:
01.911.452/0001-98, itens 12, 13, 124 e 190, nos valores unitarios respectivos de R$ 70,00; R$ 70,000;
R$ 69,00 e R$ 69,00; 3) Empresa GFK COMERCIO E CONSTRUCAO LTDA, CNPJ: 10.943.754/0001-
39, itens 77, 146, 156 e 165, nos valores unita",AVISO DE ABERTURA
1,6298899-6298921,"rio respectivo de R$ 485,78; EMPRESA:
ARZUL COMERCIO DE MAQUINAS EIRELI, CNPJ: 26.544.764/0001-31, item 07 no valor unitario
respectivo de R$ 1.559,00; EMPRESA: SIGNATARIOS: Pela Secretaria de Estado da Seguranca Publica
e da Paz Social: ALVARO HENRIQUE FERREIRA DOS SANTOS, e pelas Empresas: BRTOP
INDUSTRIA E COMERCIO DE MOVEIS LTDA - Wilhanes Barbosa dos Santos; FACIL TENDTUDO
LTDA - JEFFERSON BENITES CARDOSO; LICITOP COMERCIO E SERVICO EIRELI - MATHEUS
FERNANDES SILVA MENDONCA; M&C COMERCIO DE MOVEIS LTDA - ADAILTON
MONTEIRO DE CARVALHO; LUIZ FERNANDO BORGES - MARCELO MAHALLEM; ARZUL
COMERCIO DE MAQUINAS EIRELI - FLAVIO FRATUS GONZAGA.
Ata de Registro de Precos no 06/2019-SSP. PROCESSO: 0050-001259/2017 SEI/GDF. OBJETO: Registro
de precos de solucao de videomonitoramento, incluindo fornecimento, instalacao, integracao de
equipamentos, componentes, acessorios, materiais em solucao de videomonitoramento e manutencao de
rede de fibra optica, conforme especificacoes detalhadas no Termo de Referencia; visando a integracao
e manutencao dos diversos projetos que compoem o Sistema de Videomonitoramento existente na
Secretaria de Estado da Seguranca Publica e da Paz Social (SSP), bem como a implantacao deste
complexo nas Regioes Administravas do Distrito Federal, em conformidade com as especificacoes e
quantidades constantes no Termo de Referencia e seus anexos constantes do Anexo I - Grupo 1 deste
Edital. Empresa Adjudicataria: ALSAR TECNOLOGIA EM REDES LTDA, CNPJ: 04.799.835/0001-04,
no valor total de R$ 1.301.645,32 SIGNATARIOS: Pela Secretaria de Estado da Seguranca Publica e da
Paz Social: ALVARO HENRIQUE FERREIRA DOS SANTOS, e pela Empresa: ALSAR TECNOLOGIA
EM REDES LTDA - OTACIANO DA CRUZ VIEIRA JUNIOR.
SUBSECRETARIA DE ADMINISTRACAO GERAL
COORDENACAO DE LICITACOES, CONTRATOS E CONVENIOS
AVISO DE ABERTURA DE LICITACAO -SRP
PREGAO ELETRONICO No 03/2019-SSPDF
Repeticao dos itens fracassados do PE no 26/2018
Com tratamento favorecido e diferenciado de ME/EPP
PROCESSO: 00050-00020438/2018-65. TIPO: Menor Preco. OBJETO: Registro de Precos de material de
construcao para manutencao das unidades prisionais do Sistema Penitenciario do Distrito Federal. VALOR
ESTIMADO: R$ 530.015,15. PRAZOS: Entrega: ate 30 dias corridos contados do recebimento da Nota de
Empenho. Vigencia: da Ata de Registro de Precos: 12 meses; do Contrato: 90 (noventa) dias a partir da
data da assinatura. DATA DA SESSAO  PUBLICA: 01/02/2019 as 09:30 horas no
www.comprasgovernamentais.gov.br. UASG 450107. Edital esta disponivel no endereco acima e no
h t t p : / / l i c i t a c o e s . s s p . d f . g o v. b r.
Brasilia/DF, 21 de janeiro de 2019.
GABRIELLA ALVES DA CUNHA
Coordenadora - Substituta
POLICIA MILITAR DO DISTRITO FEDERAL
DEPARTAMENTO DE LOGISTICA E FINANCAS
EXTRATO DO CONTRATO No 32/2018
PROCESSO: 00054-00075300/2018-91. PARTES: DF/PMDF X RR CLIMATIZACAO LTDA ME.
OBJETO: aquisicao de 134 (cento e trinta e quatro) aparelhos de ar condicionado, sendo: 74 (setenta e
quatro), com capacidade de 12.000 B",
2,12788605-12788627,"287/2002
Processo: 00050-00048746/2018-55 e 0050.000.174/2012 . Partes: o Distrito Federal, por meio da
SECRETARIA  DE ESTADO  DE  SEGURANCA PUBLICA  e  a O  UNIVERSITARIO
RESTAURANTE, INDUSTRIA, COMERCIO E AGROPECUARIA LTDA. Do Objeto: formalizacao
da variacao do valor contratual para fazer face ao reajuste de precos no percentual de 4,48% (quatro
virgula quarenta e oito por cento), decorrente da aplicacao do Indice de Precos ao Consumidor Amplo
- IPCA acumulado no periodo de 08/2017 a 07/2018, com efeito retroativo a 09 de agosto de 2018.
. Da Ratificacao: Permanecem inalteradas as demais clausulas do Contrato a que se refere o presente
Termo Aditivo. Data da assinatura: 04 de fevereiro 2019. Signatarios: pelo Distrito Federal:
ANDERSON GUSTAVO TORRES, Secretario de Estado de Seguranca Publica; pela Contratada:
VALTAIR GARCIA GODOIS, Representante.
EXTRATO DO SEXTO TERMO ADITIVO AO CONTRATO DE PRESTACAO
DE SERVICOS No 057/2014, NOS TERMOS DO PADRAO No 13/2002,
INSTITUIDO PELO DECRETO/DF N 23.287/2002
Processo: 00050-000038658/2018-45 e 0050.000.174/2012. Partes: o Distrito Federal, por meio da
SECRETARIA DE ESTADO DE SEGURANCA PUBLICA e a MAXIMA REFEICOES E
SEGURANCA ELETRONICA LTDA. Do Objeto: formalizacao da variacao do valor contratual para
fazer face ao reajuste de precos no percentual de 4,48% (quatro virgula quarenta e oito por cento),
decorrente da aplicacao do Indice de Precos ao Consumidor Amplo - IPCA acumulado no periodo de
08/2017 a 07/2018, com efeito retroativo a 09 de agosto de 2018. Da Ratificacao: Permanecem
inalteradas as demais clausulas do Contrato a que se refere o presente Termo Aditivo. Data da
assinatura: 04 de fevereiro 2019. Signatarios: pelo Distrito Federal: ANDERSON GUSTAVO
TORRES, Secretario de Estado de Seguranca Publica; pela Contratada: RICARDO LOPES
AUGUSTO, Representante.
SUBSECRETARIA DE ADMINISTRACAO GERAL
COORDENACAO DE LICITACOES, CONTRATOS E CONVENIOS
AVISO DE ADJUDICACAO E HOMOLOGACAO
PREGAO ELETRONICO No 03/2019
PROCESSO: 00050-00020438/2018-65. TIPO: Menor Preco. OBJETO: Registro de Precos de material de
construcao para manutencao das unidades prisionais do Sistema Penitenciario do Distrito Federal. A
SSPDF informa, com fulcro no inciso IX do artigo 11, do Decreto no 5.450/2005, a ADJUDICACAO dos
itens 1,7,9 e 14 a META Comercio de Ferragens e Ferramentas Eireli, CNPJ 27.518.373/0001-05, nos
valores unitarios de R$ 32,52, R$ 143,36 e R$ 177,64 e R$ 39,26;do item 02 a MASTER MINAS
Comercio e Servicos Ltda., CNPJ 25.294.980/0001-03, R$ 40,87; dos itens 3, 4 e 12 a COMERCIAL D.J
Ltda., CNPJ 20.496.995/0001-30, R$ 1,67, R$ 42,00 e R$ 34,70; do item 10 a LICITOP Comercio e
Servico Eirelli, CNPJ 21.822.463/0001-09, R$ 24,30; dos itens 5, 13, 15 e 17 a Comercio de Materiais de
Construcoes CAVALHEIROS Ltda., CNPJ 21.875.0005/0001-38, R$ 0,35, R$ 21,35, R$ 0,65, R$ 80,87;
do item 6 a I.K. FELIPE Fornecedora., CNPJ 31.770.536/0001-10, R$ 6,13; dos itens 8 e 19 a FENIX
Materiais de Construcao 168DF Ltda., R$ 64,41, R$ 69,52; do item 1",AVISO DE ADJUDICACAO E HOMOLOGACAO
3,15351452-15351474,"; 4) Modalidade: Dispensa de Licitacao, com base no Inciso II do Artigo 29 da Lei no 13.303/2016;
5) Objeto: Contratacao de empresa especializada na prestacao de servicos de auditoria independente e
elaboracao de parecer sobre as demonstracoes financeiras e prestacoes de contas da TCB, relativos ao
exercicio de 2018 com previsao para o ano de 2019, divididos em 02 (dois) semestres; 6) Do Valor:
R$16.000,00 (dezesseis mil reais); Nota de Empenho: 2019NE00094; Programa de
Trabalho:
26.122.6001.8517.0079; Natureza de Despesa: 33039; Unidade Orcamentaria: 26.201; Fonte de Recurso:
220; 7)Assinantes: P/TCB Diretor Presidente - CHANCERLEY DE MELO SANTANA; Diretor
Administrativo e Financeiro - FABIO VIANA AVILA e P/VR GROUP AUDITORES E CONS U LTO R E S
S/S - RICARDO DE ALBUQUERQUE CAVALCANTI - Representante Legal.
SECRETARIA DE ESTADO DE
DESENVOLVIMENTO ECONOMICO
AGENCIA DE DESENVOLVIMENTO DO DISTRITO FEDERAL
COMISSAO DE LICITACAO PARA COMPRA DE BENS, SERVICOS E OBRAS
AVISO ABERTURA DE LICITACAO
PREGAO ELETRONICO No 25/2018
O Presidente da Comissao de Licitacao para Compra de Bens, Servicos e Obras - CPLIC/TERRACAP, no
uso das atribuicoes que lhe confere a Portaria no 105/2018-PRESI, comunica a realizacao do seguinte
certame.
. Processo: 0 0 111 - 0 0 0 0 7 7 7 0 / 2 0 1 8 - 1 7
. Modalidade/numero: PREGAO ELETRONICO No 25/2018
. Ti p o : Menor Preco
. Objeto: Aquisicao de Bens Diversos, por lotes, visando atendimento conforme
especificacoes nos termos do Termo de Referencia
. Valor estimado (R$): O valor estimado e R$ 40.263,36 (quarenta mil, duzentos e sessenta e tres
reais e trinta e seis centavos)
. Data/hora de abertura: 26/02/2019, as 10:00 horas
. Retirada do  Edital e
anexos:
Gratuitamente no sitio da Terracap www.terracap.df.gov.br, na secao
licitacoes compras/servicos.
Brasilia/DF, 12 de fevereiro de 2019.
GLAUBER TEODORO FARIA
SECRETARIA DE ESTADO DE SEGURANCA PUBLICA
EXTRATOS DE ATAS DE REGISTRO DE PRECOS (*)
Ata de Registro de Precos no 04/2019-SSP. PROCESSO: 00050-00020438/2018-65-SEI/GDF. OBJETO:
Registro de precos para futura aquisicao de material para manutencao de bens imoveis para as unidades
prisionais do Sistema Penitenciario do Distrito Federal, conforme especificacoes e condicoes estabelecidas
no Termo de Referencia constante do Anexo I do Edital do Pregao Eletronico no 2 6 / 2 0 1 8 - S S P D F.
Vigencia: 12 (doze) meses, contados a partir da data de assinatura da Ata de Registro de Precos:
17/01/2019. Empresas Adjudicatarias: 1) Empresa ESTRUTURA CENTER COMERCIO DE MATERIAL
DE CONSTRUCAO LTDA, CNPJ: 01.739.265/0001-79, itens 14, 16, 22, 45, 54, 92, 107, 111 e 181, nos
valores unitarios de R$ 17,66; R$ 6,60; R$ 15,26; R$ 23,99; R$ 21,69; R$ 488,07; R$ 7,55; R$ 40,81 e
R$ 174,71; 2) Empresa ABV CONSTRUCOES LTDA, CNPJ: 01.911.452/0001-98, itens 12, 13, 124 e
190, nos valores unitarios de R$ 70,00; R$ 70,00; R$ 69,00 e R$ 69,00; 3) Empresa GFK COMERCIO
E CONSTRUCAO LTDA, CNPJ: 10.943.754/0001-39, itens 77, 146, 156 e 165, nos valores unitarios de
R$ 7,32",EXTRATOS DE ATAS DE REGISTRO DE PRECOS
4,45993374-45993396,"stantes no Termo de Outorga e Aceitacao de Apoio Financeiro originario. Data de assinatura:
25/03/2019. ALEXANDRE ANDRE DOS SANTOS, Diretor-Presidente.
SECRETARIA DE ESTADO DE SEGURANCA PUBLICA
EXTRATO DO CONTRATO DE PRESTACAO DE SERVICOS No 018/2019, NOS TERMOS
DO PADRAO No 04/2002, INSTITUIDO PELO DECRETO/DF N 23.287/2002
Processo: 00050-00053820/2018-55. Partes: o Distrito Federal, por meio da SECRETARIA DE ESTADO
DE SEGURANCA PUBLICA e a empresa AVANTIA TECNOLOGIA E ENGENHARIA S/A. Do Objeto:
prestacao dos servicos de solucao de videomonitoramento, incluindo fornecimento, instalacao, integracao
de equipamentos, componentes, acessorios, materiais em solucao de videomonitoramento e manutencao de
rede de fibra optica, que compoem o Sistema de Videomonitoramento existente na Secretaria de Estado da
Seguranca Publica, conforme especificacoes e condicoes estabelecidas na Ata de Registro de Precos ARP
n 07/2019-SSP/DF, demais especificacoes conforme Edital de PE n.o 07/2018-SSP/DF. Do valor: O valor
total do Contrato e de R$ 5.891.555,38(cinco milhoes, oitocentos e noventa e um mil quinhentos e
cinquenta e cinco reais e trinta e oito centavos). Evento: 400091. Modalidade: Estimativo. Unidade
Orcamentaria: 24101. Programa de Trabalho: 06.181.6217.3419.0002 e 06.181.6217.4031.0001; Natureza
da Despesa: 33.90.30, 33.90.39, 44.90.52; Fontes de Recurso:100. Unidade Gestora: 220101. Gestao:
00001. Nota de Empenhos iniciais: no 2019NE00369, 2019NE00374 e 2019NE00375. Da vigencia: 12
(doze) meses. Da data da assinatura: 10/04/2019. Signatarios: pelo Distrito Federal: ANDERSON
GUSTAVO TORRES, Secretario de Estado de Seguranca Publica do Distrito Federal; pela Contratada:
SILVIO ARAGAO DE MELO JUNIOR, Representante Legal.
SUBSECRETARIA DE ADMINISTRACAO GERAL
COORDENACAO DE LICITACOES, CONTRATOS E CONVENIOS
AVISO DE ABERTURA DE LICITACAO -SRP
PREGAO ELETRONICO No 11/2019
REPETICAO DOS ITENS FRACASSADOS DO PE No 03/2019
COM TRATAMENTO FAVORECIDO E DIFERENCIADO DE ME/EPP
PROCESSO: 00050-00020438/2018-65. TIPO: Menor Preco. OBJETO: Registro de Precos de material de
construcao para manutencao das unidades prisionais do Sistema Penitenciario do Distrito Federal. VALOR
ESTIMADO: R$ 188.338,00. PRAZOS: Entrega: ate 30 dias corridos contados do recebimento da Nota de
Empenho. Vigencia: da Ata de Registro de Precos: 12 meses; do Contrato: 90 (noventa) dias a partir da
data da assinatura. DATA DA SESSAO  PUBLICA: 03/05/2019 as 09:00 horas no
www.comprasgovernamentais.gov.br. UASG 450107. Edital esta disponivel no endereco acima e no
h t t p : / / l i c i t a c o e s . s s p . d f . g o v. b r.
Brasilia/DF, 17 de abril de 2019
AMILCAR UBIRATAN URACH VIEIRA
AVISO DE ABERTURA DE LICITACAO -SRP
PREGAO ELETRONICO No 12/2019
PARTICIPACAO EXCLUSIVA DE ME/EPP
PROCESSO: 00050-00157602/2017-06. TIPO: Menor Preco. OBJETO: Registro de Precos para prestacao
de servico de renovacao de carteira nacional de habilitacao (CNH) categorias ""D"" e ""E""; e habilitacao
(CNH) categorias ""D"" e ""E""; e mudanca de CNH pa",REPETICAO DOS ITENS FRACASSADOS DO PE
5,54755417-54755439,"tacao de Contas, no prazo estabelecido.
PARAGRAFO SEGUNDO - A concessao do apoio financeiro podera ser cancelada, por ocorrencia,
durante sua implementacao, de fato cuja gravidade o justifique, sem prejuizo de outras providencias
cabiveis, em decisao fundamentada pela Superintendencia Cientifica, Tecnologica e de Inovacao e
aprovada pelo Conselho Diretor da FAPDF.
CLAUSULA DECIMA PRIMEIRA - DAS ALTERACOES
Para qualquer alteracao que ocorra apos a contratacao da proposta (mudanca da data ou local de realizacao
do evento, programacao, utilizacao de recursos concedidos) o respectivo pedido devera ser feito pelo
proponente, acompanhado da devida justificativa, sendo necessaria a autorizacao da FAPDF antes de sua
efetivacao.
CLAUSULA DECIMA SEGUNDA - DAS DISPOSICOES FINAIS
O OUTORGADO declara que aceita, sem restricoes, este apoio como esta concedido, e se responsabiliza
pelo fiel cumprimento do presente TOA e que concorda com qualquer fiscalizacao da OUTORGANTE, de
acordo com o inciso III,  2, do artigo 1, da Lei n.o 347, de 04 de novembro de 1992.
PARAGRAFO PRIMEIRO - O nao cumprimento das Clausulas deste TOA, alem das implicacoes legais
cabiveis, assegurara a Fundacao de Apoio a Pesquisa do Distrito Federal o direito de restringir apoios
futuros ao OUTORGADO, instaurar tomada de contas especial e a inscrever o nome do OUTORGADO
no rol dos inadimplentes.
CLAUSULA DECIMA TERCEIRA - DA PUBLICACAO
A OUTORGANTE providenciara, as suas expensas, a publicacao do extrato deste TOA no Diario Oficial
do Distrito Federal.
CLAUSULA DECIMA SEXTA - DO FORO
Fica eleito o foro de Brasilia, Distrito Federal, para dirimir quaisquer duvidas relativas ao cumprimento do
presente instrumento.
Brasilia/DF, XX de XXXXX de 2019
D i r e t o r- P r e s i d e n t e
PELA OUTORGANTE
O U TO R G A D O
SECRETARIA DE ESTADO DE SEGURANCA PUBLICA
SUBSECRETARIA DE ADMINISTRACAO GERAL
COORDENACAO DE LICITACOES, CONTRATOS E CONVENIOS
AVISO DE ADJUDICACAO E HOMOLOGACAO
PREGAO ELETRONICO No 11/2019
PROCESSO: 00050-00020438/2018-65. TIPO: Menor Preco. OBJETO: Registro de Precos de material
para manutencao de bens imoveis para as unidades prisionais do Sistema Penitenciario do Distrito Federal
(REPETICAO DOS ITENS FRACASSADOS NO PREGAO No 03/2019), por meio da Secretaria de
Estado de Seguranca Publica do Distrito Federal. A SSPDF informa, com fulcro no inciso IX do artigo 11,
do Decreto no 5.450/2005, a ADJUDICACAO do item 1 certame a Cemaco Comercio de Materiais de
Construcao LTDA, CNPJ 26.500.918/0001-93, no valor unitario de R$ 70,65; e do item 2 a Nova
Atacadista para Construcao LTDA, CNPJ 26.392.294/0001-38, no valor unitario de R$ 110,30; e a
HOMOLOGACAO do certame com fulcro no inciso VI, do Artigo 8o, do Decreto no 5.450/2005.
Brasilia/DF, 06 de maio de 2019
AMILCAR UBIRATAN URACH VIEIRA
Coordenador
POLICIA MILITAR DO DISTRITO FEDERAL
NOTIFICACAO DE CONCLUSAO DE CONSELHO DE DISCIPLINA
Na qualidade de Presidente do Conselho de Disciplina da PMDF, NOTIFICO o Terceiro Sargento Policial
Militar Inativo Reform",AVISO DE ADJUDICACAO E HOMOLOGACAO
