,local,text,
0,148090286-148090308,"o da Papuda e outras demandas
do sistema prisional e demais edificios da Secretaria de Estado de Seguranca Publica do Distrito Federal.
A SSPDF informa, com fulcro no inciso IX do artigo 17, e inciso VI do Artigo 13 do Decreto no
10.024/2019, a ADJUDICACAO do item 8 a ABV Construcoes LTDA, CNPJ 01.911.452/0001-98, no
valor unitario de R$ 108,90; do item 12 a G P Comercio e Servicos Ltda., CNPJ 04.375.274/0001-16, no
valor unitario de R$ 59,55; do item 24 a MP Industria de Tintas Ltda., CNPJ 11.473.990/0001-00, no valor
unitario de R$ 155,99; dos itens 9 e 21 a ALMIX Comercio de Suprimentos EIRELI, CNPJ
11.594.621/0001-67, no valor unitario de R$ 67,87 e R$ 3.299,44; do item 10 a Grandes Marcas de
Materiais e Equipamentos EIRELI, CNPJ 14.396.046/0001-86, no valor unitario de R$ 172,51; do item 13
a Antonio Marques Filho & Cia Ltda., CNPJ 20.892.519/0001-39, no valor unitario de R$ 74,31; dos itens
11 e 20 a Solux Distribuidora EIRELI, CNPJ 23.291.920/0001-01, no valor unitario de R$ 178,78 e R$
37,03; dos itens 1, 4, 16 e 18 a RVA Brasilia Construcoes LTDA, CNPJ 26.392.234/0001-15, no valor
unitario de R$ 46,57, R$ 12,63, R$ 10,97 e R$ 13,16; dos itens 3, 5, 6, 7 e 17 a Nova Atacadista para
Construcao Ltda, CNPJ 26.392.294/0001-38, no valor unitario de R$ 21,76, R$ 8,20, R$ 379,84, R$ 20,50
e R$ 11,16; do item 15 a AJR Comercio de Materiais para Construcao LTDA, CNPJ 27.840.547/0001-51,
no valor unitario de R$ 53,33; do item 23 a VRX Abrasives Comercio de Abrasivos EIRELI, CNPJ
28.624.422/0001-57, no valor unitario de R$ 8,78; dos itens 2, 14, 19 e 25 a N.S.S. Comercial &
Construtora EIRELI, CNPJ 28.634.818/0001-85, no valor unitario de R$ 28,00, R$ 24,46, R$ 5,95 e R$
67,41; e a HOMOLOGACAO do certame. O item 22 fracassou.
Brasilia/DF, 21 de novembro de 2019.
AMILCAR UBIRATAN URACH VIEIRA
Coordenador de Licitacoes, Contratos e Convenios
COMISSAO ESPECIAL DE LICITACAO DO RDC
AVISO DE ABERTURA DE LICITACAO
REGIME DIFERENCIADO DE CONTRATACAO No 01/2019-SSPDF
Processo: 00050-00044400/2019-69. TIPO: Menor Preco. OBJETO: Contratacao de empresa especializada
para realizacao de obra de construcao parcial do Setor D do Complexo Penitenciario da Papuda, incluindo 3
modulos de vivencia da Penitenciaria III do Distrito Federal (PDF III) e modulos comuns de apoio as PDF III e
IV. VALOR ESTIMADO: R$ 46.232.631,05. DOTACAO: UO 24.101 - SSP/DF. PROG. TRAB:
14.122.6211.4220.0023. N.D. 4.4.90.51. F.R.: 382. PRAZOS: De execucao: 16 (dezesseis) meses, a partir do
recebimento da ordem de servico; de inicio da execucao: 5 (cinco) dia contados do recebimento da ordem de
servico; de recebimento provisorio: 15 (quinze) dias apos solicitacao da contratada; de recebimento definitivo
ate 90 (noventa) dias contados do recebimento provisorio; de vigencia do contrato: 22 (vinte e dois) meses,
contados da data da assinatura. DATA DA SESSAO PUBLICA: 16/12/2019 as 9:00 horas no
www.comprasgovernamentais.gov.br. UASG 450107. Edital esta disponivel no endereco acima e no
http://www.ssp.df.gov.br/licitac",AVISO DE ABERTURA DE LICITACAO
1,159152019-159152041,"sta no
de 32779219, que passam a integrar o presente Termo. Valor: O valor total do Contrato e de R$ 26.075,00
(Vinte seis mil e setenta e cinco reais). O empenho e de R$ 26.075,00 (Vinte seis mil e setenta e cinco reais),
conforme Notas de Empenho no 2019NE00704 e 2019NE00705 emitidas em 12/12/2019, sob os eventos no
400091 e 400099, respectivamente, na modalidade Ordinario, Unidade Orcamentaria: 14101, Programa de
Trabalho: 20606620734679557, Natureza da Despesa 449052, Fonte de Recurso: 332007204 e 100000000.
Prazo de Vigencia: O contrato tera vigencia desde a sua assinatura por ate 120 (cento e vinte dias). Data de
assinatura: 13/12/2019. Signatarios: Pela SEAGRI/DF: DILSON RESENDE DE ALMEIDA, na qualidade de
Secretario de Estado. Pela Contratada: EDGAR ROLIM MACHADO, na qualidade Representante Legal.
SECRETARIA DE ESTADO DE SEGURANCA PUBLICA
SUBSECRETARIA DE ADMINISTRACAO GERAL
COORDENACAO DE LICITACOES CONTRATOS E CONVENIOS
AVISO DE ABERTURA DE LICITACAO
PREGAO ELETRONICO No 40/2019
Com participacao exclusiva das ME/MEI/EPP's
Processo: 00050-00035446/2019-97. Tipo: Menor Preco. Objeto: Registro de Precos para futura aquisicao
de materiais para manutencao e conservacao de bens imoveis (materiais de construcao), para atender
demandas da Secretaria de Estado de Seguranca Publica do Distrito Federal. VALOR ESTIMADO:
Sigiloso para as empresas e sera aberto apos o encerramento da etapa de lances. PRAZOS: De entrega: 30
(trinta) dias contados do recebimento da Nota de Empenho ou da assinatura do contrato. Vigencia da ata:
12 meses. Do Contrato: 120 (cento e vinte) dias a partir da data da assinatura. DATA DA SESSAO
PUBLICA: 26/12/2019 as 9:00 horas no www.comprasgovernamentais.gov.br. UASG 450107. Edital esta
disponivel no endereco acima e no http://www.ssp.df.gov.br/licitacoes/.
Brasilia/DF, 11 de dezembro de 2019
AMILCAR UBIRATAN URACH
Coordenador
COMISSAO ESPECIAL DE LICITACAO
AVISO DE SUSPENSAO DE LICITACAO
REGIME DIFERENCIADO DE CONTRATACAO No 01/2019
Processo: 00050-00044400/2019-69. Tipo: Menor Preco. Objeto: Contratacao de empresa especializada
para realizacao de obra de construcao parcial do Setor D do Complexo Penitenciario da Papuda,
incluindo 3 modulos de vivencia da Penitenciaria III do Distrito Federal (PDF III) e modulos comuns
de apoio as PDF III e IV. A SSP comunica a suspensao da abertura deste certame conforme
determinacao na Decisao no 4.349/2019.
Brasilia/DF, 13 de dezembro de 2019
NILSON ALMEIDA QUIRINO
Presidente da Comissao
No 238, segunda-feira, 16 de dezembro de 2019
PAGINA 37
Diario Oficial do Distrito Federal
Este documento pode ser verificado no endereco eletronico h t t p : / / w w w. i n . g o v. b r / a u t e n t i c i d a d e . h t m l
pelo codigo 50012019121600037
Documento assinado digitalmente conforme MP no 2.200-2 de 24/08/2001, que institui a
Infraestrutura de Chaves Publicas Brasileira - ICP-Brasil.
CORPO DE BOMBEIROS MILITAR DO DISTRITO FEDERAL
DEPARTAMENTO DE RECURSOS HUMANOS
EDITAL No 054, DE 12 DE DEZEMBRO DE 2019
CONCURSO PU",AVISO DE SUSPENSAO DE LICITACAO
2,286419552-286419574,"cao de voto, elaborada em conformidade com o
art. 111 do RI/TCDF, decidiu: I - com amparo no art. 47 da Lei Complementar no 1/94, c/c os arts. 278,
II, 279, 286, 298 do Regimento Interno do TCDF e o art. 996 do Codigo de Processo Civil, tomar
conhecimento dos Pedidos de Reexame interpostos pelo Sr. Eike Lobato de Faria e pela comissao dos
candidatos aprovados no concurso da Secretaria de Desenvolvimento Social do Distrito Federal- SEDE,
composta pelas Sras. Lorena Kelly Ramos Leite, Camila Soares dos Santos, Raissa Luana de Oliveira
Melo, Sheila da Silva Neres e Sr. Igor Valente (eDOCs BE861EF6-c, 1AAB4D5F-c e AC59A727-c)
contra a Decisao no 4145/2019, conferindo-lhe efeito suspensivo; II - com amparo no art. 283 do
RI/TCDF, conceder prazo de 10 (dez) dias ao Ministerio Publico junto ao Tribunal, bem como a
Secretaria de Estado de Desenvolvimento Social do Distrito Federal, em conjunto com o Instituto Brasil
de Educacao-IBRAE, para que tenham a oportunidade de apresentar contrarrazoes recursais; III - dar
ciencia desta decisao aos Recorrentes; IV - autorizar: a) o envio de copia do recurso ora conhecido aos
interessados constantes do item II, em homenagem aos principios do contraditorio e da ampla defesa; b)
o retorno dos autos a Sefipe, para as providencias cabiveis.
PROCESSO No 27608/2019-e - Edital da Licitacao Eletronica - RDC no 01/2019-SSPDF, lancado pela
Secretaria de Estado de Seguranca Publica do Distrito Federal - SSPDF, tendo por objeto a contratacao
de empresa especializada para realizacao de obra de construcao parcial do Setor D, do Complexo
Penitenciario da Papuda. DECISAO No 4349/2019 - O Tribunal, por unanimidade, de acordo com o voto
do Relator, decidiu: I - tomar conhecimento: a) do Edital da Licitacao Eletronica - RDC no 01/2019-
SSPDF, lancado pela Secretaria de Estado de Seguranca Publica do Distrito Federal - SSPDF (e-doc
2C53B4E3-e); b) do Oficio SEI-GDF no 3/2019-SSP/SUAG/CLIC/CEL (e-doc 780B2833-c); c) da copia
do Processo Eletronico SEI no 00050-00044400/2019-69, que trata da mencionada licitacao, adicionada
a aba Associados do e-TCDF; II - determinar a Secretaria de Estado de Seguranca Publica do Distrito
Federal - SSPDF, com fulcro no art. 277 do RI/TCDF, que: a) suspenda o referido certame, ate ulterior
deliberacao desta Corte; b) adote as medidas corretivas a seguir indicadas, encaminhando copia da
documentacao comprobatoria ao Tribunal, ou apresente as justificativas pertinentes: 1) em relacao a
habilitacao tecnica: 1.1) suprima do item 15.8.2 do edital a exigencia de os atestados de capacidade
tecnico-operacional serem acompanhados das Certidoes de Acervo Tecnico (CAT) emitidas pelo
CREA/CAU em nome da empresa licitante, em face de o CREA/CAU nao certificar esse tipo de
atestado, adaptando o referido regramento, caso entenda necessario, ao disposto no inciso III, alinea ""b"",
da Decisao TCDF no 347/17; 1.2) compatibilize as informacoes referentes a habilitacao tecnico-
operacional presentes no edital e no projeto basico; 2) adeque os dis",N�o indenficado
