,local,text,
0,130150141-130150163,"uatorze mil trezentos e
vinte e sete reais e sessenta e quatro centavos). Unidade Orcamentaria: 24101. Programa de Trabalho:
06.181.6217.3419.0002. Natureza da Despesa: 44.90.52. Fonte de Recurso: 100. Da vigencia: 90 dias
a partir da data de sua assinatura. Da data da assinatura: 08/10/2019. Signatarios: pelo Distrito
Federal: ANDERSON GUSTAVO TORRES, Secretario de Estado de Seguranca Publica do Distrito
Federal; pela Contratada: JEAN CARLOS SESTREM, Representante Legal.
EXTRATO DO CONTRATO DE AQUISICAO DE BENS No 068/2019
NOS TERMOS DO PADRAO No 01/2002
INSTITUIDO PELO DECRETO/DF N 23.287/2002
Processo: 00050-35881/2019-11. n.o SIGGO 039807.Partes: o Distrito Federal, por meio da
SECRETARIA DE ESTADO DE SEGURANCA PUBLICA DO DISTRITO FEDERAL e a empresa
BERNARDO DE SA CONSTRUTORA INCORPORADORA LTDA, inscrita no CNPJ No
09.248.466/0001-85. Do Objeto: prestacao de servicos de empresa especializada para substituicao das
telhas e recuperacao da impermeabilizacao dos elementos da cobertura e das fachadas cegas (laterais)
do Edificio Sede da Secretaria de Seguranca Publica do Distrito Federal, consoante especifica o Edital
de Pregao Eletronico no 25/2019-SSPDF. Do valor: O valor total do contrato e de R$ 173.799,00
(cento e setenta e tres mil, setecentos e noventa e nove reais). Unidade Orcamentaria: 24101.
Programa de Trabalho: 06.181.6002.2396.5347. Natureza da Despesa: 33.90.39. Fonte de Recurso:
100. Da vigencia: 150 (cento e cinquenta) dias a partir da data de sua assinatura, podendo ser
prorrogado por uma vez por igual periodo, desde que ocorra motivo justificado e aceito pela
Administracao. Da data da assinatura: 08/10/2019. Signatarios: pelo Distrito Federal: ANDERSON
GUSTAVO TORRES, Secretario de Estado de Seguranca Publica do Distrito Federal; pela Contratada:
BERNARDO JOSE DE SA FILHO, Representante Legal.
SUBSECRETARIA DE ADMINISTRACAO GERAL
COORDENACAO DE LICITACOES, CONTRATOS E CONVENIOS
AVISO DE ABERTURA DE LICITACAO
PREGAO ELETRONICO No 41/2019
Processo: 00050-00045458/2019-20. TIPO: Menor Preco. OBJETO: Contratacao de empresa
especializada para prestacao de servico comum de locacao de espaco fisico, infraestrutura fisica, de
apoio operacional, traducao simultanea e alimentacao, para realizacao do I Seminario Internacional
""UM NOVO OLHAR SOBRE A SEGURANCA PUBLICA"", agendado para os dias 25, 26 e 27 de
novembro de 2019, na cidade de Brasilia-DF, tendo para tanto como publico estimado, 450
(quatrocentos e cinquenta) pessoas. VALOR ESTIMADO: R$ 534.192,60. DOTACAO: UO 24.101 -
SSP/DF. PROG. TRAB: 06.181.6217.3678.0045. N.D. 3.3.90.39. F.R.: 100 PRAZOS: Execucao: nos
dias 25, 26 e 27/11/2019; do Contrato: 120 (cento e vinte) dias a partir da data da assinatura. DATA
DA SESSAO PUBLICA: 23/10/2019 as 9:00 horas no www.comprasgovernamentais.gov.br. UASG
450107. Edital esta disponivel no endereco acima e no http://www.ssp.df.go v. b r / l i c i t a c o e s / .
Brasilia/DF, 10 de outubro de 2019
AMILCAR UBIRATAN URACH VIEIRA
Coordenador
PAGINA 50
No 195, sexta-feira",AVISO DE ABERTURA DE LICITACAO
1,142604960-142604982,".
SECRETARIA DE ESTADO DE SEGURANCA PUBLICA
SUBSECRETARIA DE ADMINISTRACAO GERAL
COORDENACAO DE LICITACOES CONTRATOS E CONVENIOS
AVISOS DE ADJUDICACAO E HOMOLOGACAO - SRP
PREGAO ELETRONICO No 28/2019
Processo: 00050-00021032/2019-81. TIPO: Menor Preco. OBJETO: Registro de precos para futura
aquisicao de Equipamentos de Protecao Individual - (EPI), para atender a demanda dos internos do Sistema
Penitenciario, da Subsecretaria do Sistema Penitenciario, da Secretaria de Estado de Seguranca Publica do
Distrito Federal. A SSPDF informa, com fulcro no inciso IX , do artigo 17, do Decreto no 10.024/2019,
a ADJUDICACAO dos itens 1, 2, 3, 4, 5, 6 e 7 a empresa Extincom do Brasil Comercio e Manutencao
de Extintores e Equipamentos de Seguranca Eireli, CNPJ 19.320.823/0001-22, no valor unitario de R$
27,29, R$ 29,00, R$ 27,29, R$ 27,40, R$ 27,29, R$ 27,40 e R$ 12,96; dos itens 8, 10, 11 e 12 a empresa
FR2 Comercio de Materiais Eletricos Eireli, CNPJ 26.455.918/0001-19, no valor unitario de R$ 17,91, R$
17,49, R$ 18,14 e R$ 18,10; do item 9 a empresa MGS Brasil Distribuidora Eireli, CNPJ 25.329.901/0001-
52, no valor unitario de R$ 19,25; do item 13 a empresa Proteggere Industria e Comercio de EPI S Eireli,
CNPJ 12.670.981/0002-44, no valor unitario de R$ 7,20; dos itens 14 e 17 a empresa - AAZ Comercial
Eireli, CNPJ 15.449.518/0001-84, no valor unitario de R$ 6,59 e R$ 18,22; do item 15 a empresa Nova
Atacadista Para Construcao Ltda, CNPJ 26.392.294/0001-38, no valor unitario de R$ 7,34; do item 16 a
empresa Liceri Comercio de Produtos em Geral Ltda, CNPJ 26.950.671/0001-07, no valor unitario de R$
14,15; dos itens 18 e 19 a empresa J. J. Vitalli, CNPJ 08.658.622/0001-13 no valor unitario de R$ 1,85 e
R$1,85; o valor total licitado foi de R$ 89.141,45. A SSPDF informa ainda a HOMOLOGACAO do
certame com fulcro no inciso VI, do Artigo 13, do Decreto no 10.024/2019.
Brasilia/DF, 7 de novembro de 2019
AMILCAR UBIRATAN URACH VIEIRA
Coordenador
PREGAO ELETRONICO No 41/2019
Processo: 00050-00045458/2019-20. TIPO: Menor Preco. OBJETO: Contratacao de empresa especializada
para prestacao de servico comum de locacao de espaco fisico, infraestrutura fisica, de apoio operacional,
traducao simultanea e alimentacao, para realizacao do I Seminario Internacional ""UM NOVO OLHAR
SOBRE A SEGURANCA PUBLICA"", agendado para os dias 25, 26 e 27 de novembro de 2019, na cidade
de Brasilia-DF, tendo para tanto como publico estimado, 450 (quatrocentos e cinquenta) pessoas. A SSPDF
informa, com fulcro nos incisos V e VI do Artigo 13 do Decreto no 10.024/2019, a ADJUDICACAO do
objeto do certame a EQUIPE CHANNEL Producoes e Eventos Nacionais e Internacionais EPP, CNPJ
18.321.365/0001-83, no valor de R$ 302.600,00 e a HOMOLOGACAO do certame.
Brasilia/DF, 7 de novembro de 2019
AMILCAR UBIRATAN URACH VIEIRA
Coordenador
POLICIA MILITAR DO DISTRITO FEDERAL
DEPARTAMENTO DE LOGISTICA E FINANCAS
EXTRATO DO CONTRATO No 62/2019
Processo: 00054-00043234/2018-90. Partes: DF/PMDF X ESTRELA DA BONFIM COMERCIAL
LTDA. Objeto:",PREGAO ELETRONICO
2,146158310-146158332,"a de
Trabalho: 19.128.6001.4088.0023. RATIFICO, nos termos do artigo 26, da Lei no 8.666, de 21 de junho
de 1993, a Inexigibilidade de Licitacao de que trata o presente processo, com fulcro no  1o, inciso II, do
artigo 25, da Lei no 8.666/93, conforme justificativa constante dos autos em epigrafe e parecer da
Procuradoria Juridica, Doc. SEI/GDF 30404687, no valor de R$ 10.000,00 (dez mil reais), em favor da
Empresa ONE CURSOS, TREINAMENTO E DESENVOLVIMENTO LTDA, inscrita no CNPJ/MF sob o
no 10.825.457/0001-99. Publique-se no Diario Oficial do Distrito Federal para a devida eficacia legal.
Brasilia, 12 de novembro de 2019. Alessandro Franca Dantas, Diretor-Presidente.
Processo: 00193-00001136/2019-07. Interessado: FUNDACAO DE APOIO A PESQUISA DO DISTRITO
FEDERAL. Assunto: PARTICIPACAO EM CURSO. Autorizo a realizacao da despesa e emissao de
empenho, no valor de R$ 41.340,00 (quarenta e um mil trezentos e quarenta reais), em favor da Empresa
ORZIL CURSOS E EVENTOS LTDA, inscrita no CNPJ/MF sob o no 08.942.423/0001-32, nos termos do
art. 30, inciso II do Decreto no 32.598, 15/12/2010. Fonte de recurso: 100. Programa de Trabalho:
19.128.6001.4088.0023. RATIFICO, nos termos do artigo 26, da Lei no 8.666, de 21 de junho de 1993, a
Inexigibilidade de Licitacao de que trata o presente processo, com fulcro no  1o, inciso II, do artigo 25,
da Lei no 8.666/93, conforme justificativa constante dos autos em epigrafe e parecer da Procuradoria
Juridica, Doc. SEI/GDF 31400892, no valor de R$ 41.340,00 (quarenta e um mil trezentos e quarenta
reais), em favor da Empresa ORZIL CURSOS E EVENTOS LTDA, inscrita no CNPJ/MF sob o no
08.942.423/0001-32. Publique-se no Diario Oficial do Distrito Federal para a devida eficacia legal.
Brasilia, 13 de novembro de 2019. Alessandro Franca Dantas, Diretor-Presidente.
SECRETARIA DE ESTADO DE SEGURANCA PUBLICA
EXTRATO DO CONTRATO DE PRESTACAO DE SERVICOS No 082/2019,
NOS TERMOS DO PADRAO No. 01/2002 INSTITUIDO PELO DECRETO/DF N 23.287/2002
Processo: 00050-00045458/2019-20. n.o SIGGO 040096.Partes: o Distrito Federal, por meio da
SECRETARIA DE ESTADO DE SEGURANCA PUBLICA DO DISTRITO FEDERAL e a empresa
EQUIPE CHANNEL PRODUCOES E EVENTOS NACIONAIS E INTERNACIONAIS LTDA - EPP,
inscrita no CNPJ No 18.321.365/0001-83. Do Objeto: contratacao de empresa especializada para prestacao
de servico comum de locacao de espaco fisico, infraestrutura fisica, de apoio operacional, traducao
simultanea e alimentacao, para realizacao do I Seminario Internacional ""UM NOVO OLHAR SOBRE A
SEGURANCA PUBLICA"", agendado para os dias 25, 26 e 27 de novembro de 2019, na cidade de
Brasilia-DF, constantes do Edital do Pregao Eletronico e Termo de Referencia no 41/2019-SSP e Proposta
da Contratada. Do valor: O valor total do contrato e de R$ 302.600,00 (trezentos e dois mil e seiscentos
reais). Evento: 400091. Modalidade: Ordinario. Unidade Orcamentaria: 24101. Programa de Trabalho:
0622600285170006. Natureza da Despesa: 33.90.39. Fontes de Recurso: 100. Unidade Gestora: 220101.
Gest",EXTRATO DO CONTRATO DE PRESTACAO DE SERVICOS
3,146565247-146565269,"2003; e tendo em vista o apurado na Sindicancia no 018/2019-
SESIPE, resolve:
Art. 1o Tornar Publico a Decisao do Despacho de Julgamento da Sindicancia Acusatoria no 018/2019-
SESIPE, instaurada por meio da Ordem de Servico no 083, de 12/08/2019, e publicada no DODF no 153
de 14/08/2019; e, assim decidir:
Art. 2o Aplicar ao servidor Agente de Execucao Penal MARCELO DE ANDRADE SILVA, Matricula no
187.619-8, a sancao disciplinar de 02 (DOIS) DIAS DE SUSPENSAO, ja que restou demonstrada, nos
autos da Sindicancia em tela, a conduta transgressora da disciplina, prevista no art. 190, inciso I, c/c art.
180, incisos V, ambos da Lei Complementar Distrital no 840/2011, e a Ordem de Servico no 057/2010,
titulo III, letra c, numeros 23 e 24, em razao de, no dia 24/03/2018, ter se utilizado de seu aparelho celular
para gravar video de briga entre dois internos, no interior do Patio I, da PDF I, enquanto fazia vigilancia
no Bloco G. Tal fato repercutiu negativamente para imagem da Administracao, tendo sido veiculado em
midia impressa e televisiva.
Art. 3o Esta Ordem de Servico entra em vigor na data de sua publicacao.
ERITO PEREIRA DA CUNHA
SUBSECRETARIA DE ADMINISTRACAO GERAL
ORDEM DE SERVICO No 314, DE 18 DE NOVEMBRO DE 2019
O SUBSECRETARIO DE ADMINISTRACAO GERAL, DA SECRETARIA DE ESTADO DE
SEGURANCA PUBLICA DO DISTRITO FEDERAL, no uso das atribuicoes que lhe confere a Portaria no
141, de 30 de junho de 2015, desta Secretaria, cumulado com o inciso XI, artigo 28, do Regimento Interno
da Secretaria de Estado da Seguranca Publica do Distrito Federal, aprovado pelo Decreto no 40.079, de 04
de setembro de 2019; combinado com o artigo 67 da Lei no 8.666 de 21 de junho de 1993, resolve:
Art. 1 Designar Ten QOPM MARCUS UITALO MARQUES MENEZES, matricula 1.690.511-3, KELLY
CARVALHO DINIZ, matricula 1.675.917-6 e LHAYANY GONCALVES LOUREDO DA SILVA,
matricula 1.687.197-9, para compor a comissao de executores do Contrato apara Prestacao de Servicos no
082/2019-SSP, originario do Processo 00050-00045458/2019-20, a ser firmado entre a SECRETARIA DE
ESTADO DE SEGURANCA PUBLICA DO DISTRITO FEDERAL e a empresa EQUIPE CHANNEL
PRODUCOES E EVENTOS NACIONAIS E INTERNACIONAIS LTDA - EPP, que tem por objeto a
contratacao da logistica do I Seminario Internacional ""UM NOVO OLHAR SOBRE A SEGURANCA
PUBLICA"", conforme previsto no artigo 21, inciso I, alinea ""d"" c/c  1o e 2o do art. 22 da IN n.o 05/2017
de 05/05/2017.
Art. 2 Aos Executores designados no artigo supra, cabe o cumprimento das atribuicoes expressas na
Portaria no 119, de 04 de setembro de 2019, desta Pasta, ao estabelecido no Decreto no 32.598, de
15/12/2010, publicado nas paginas 4/14 do DODF no 238, bem como na IN n.o 05 MPOG de 25/05/2017
e, em especial, ao que dispoe o art. 66, c/c o 1o, art. 67, da Lei 8.666/93.
Art. 3 Convalidar os atos praticados a partir da assinatura dos respectivos termos.
Art. 4 Esta Ordem de Servico entra em vigor na data de sua publicacao.
ALVARO HENRIQUE FERREIRA DOS SANTOS
ORDEM DE SERVICO No 315, DE 18 DE NOVEMB",Designar 
4,149733906-149733928,".666/93 e alteracoes posteriores e pelos Decretos Distritais nos 23.460/2002, 26.851/2006; DATA DA
ASSINATURA: 25/11/2019; VIGENCIA: 12 (doze) meses; VALOR TOTAL: R$ 453.490,00 (quatrocentos
e cinquenta e tres mil quatrocentos e noventa reais); DESPESAS DE PUBLICACAO: Correrao sob a
responsabilidade do DER/DF; Pela CONTRATANTE; Engo FAUZI NACFUR JUNIOR;
Pela
CONTRATADA: CLAUDIO LUIZ CAPRA JUNIOR.
SECRETARIA DE ESTADO DE AGRICULTURA,
ABASTECIMENTO E DESENVOLVIMENTO RURAL
GERENCIA DE LICITACOES
AVISO DE SUSPENSAO DO PE No 11/2019 - AQUISICAO DE VEICULOS
Para fins de adequacao aos termos do Decreto Federal no 10.024, de 20 de setembro de 2019, fica suspenso
o certame PE no 11/2019, Processo SEI No 00070-00006432/2019-91, ate nova data que sera previamente
registrada no sistema comprasgovernamentais e publicada com o prazo minimo de 08 (oito) dias uteis para
abertura.
Brasilia/DF, 26 de novembro de 2019
EDILENE DIAS CERQUEIRA
Pregoeira
CENTRAL DE ABASTECIMENTO DE BRASILIA
AVISO DE LICITACAO
PREGAO ELETRONICO No 13/2019
A Centrais de Abastecimento do Distrito Federal S.A torna publico que realizara o Pregao Eletronico - PE
no 13/2019 dia 10 de dezembro de 2019, Processo: 00071-00000799/2019-73, cujo objeto: Aquisicao de
materiais de expediente, consumo, utensilios e copa e cozinha para utilizacao para o funcionamento diarios
desta CEASA/DF, via Ata de Registro de Preco. Tipo: Menor Valor Global. Valor total estimado da
licitacao: R$118.642,41 (cento e dezoito mil e seiscentos e quarenta e dois reais e quarenta e um centavos).
Inicio da sessao de disputa: 10 de dezembro de 2019, as 10:00h. Outras informacoes poderao ser obtidas
por meio do telefone (61) 3363-1024 e endereco eletronico licitacoes@ceasa.df.gov.br. Brasilia/DF, 26 de
novembro de 2019.
PEDRO SEABRA
Pregoeiro
SECRETARIA DE ESTADO DE SEGURANCA PUBLICA
EXTRATO DO 1 TERMO ADITIVO AO CONTRATO PARA PRESTACAO
DE SERVICOS No 082/2019, NOS TERMOS DO PADRAO No 13/2002
INSTITUIDO PELO DECRETO/DF N 23.287/2002
Processo: 00050-00045458/2019-20. No SIGGO 040096. Partes: o Distrito Federal, por meio da
SECRETARIA DE ESTADO DE SEGURANCA PUBLICA DO DISTRITO FEDERAL e a empresa
EQUIPE CHANNEL PRODUCOES E EVENTOS NACIONAIS E INTERNACIONAIS LTDA - EPP,
inscrita no CNPJ No 18.321.365/0001-83. Do Objeto: acrescimo contratual com vistas a incluir a demanda
contida no Memorando SEI-GDF No 273/2019 - SSP/SEVAP/COOEN (31553822). Unidade Orcamentaria:
24101. Programa de Trabalho: 0622600285170006. Natureza da Despesa: 33.90.39. Fontes de Recurso:
100. Da vigencia: o Termo Aditivo entra em vigor a partir da data de sua assinatura, permanecendo
inalterada a vigencia contratual. Da data da assinatura: 25/11/2019. Signatarios: pelo Distrito Federal:
ANDERSON GUSTAVO TORRES, Secretario de Estado de Seguranca Publica do Distrito Federal; pela
Contratada: ISY ALMEIDA FREITAS, Representante Legal.
POLICIA MILITAR DO DISTRITO FEDERAL
DEPARTAMENTO DE LOGISTICA E FINANCAS
RATIFICACAO DE INEXIGIBILIDADE DE LICITACAO
Ratifico, nos termos do artigo 26",EXTRATO DO 1 TERMO ADITIVO AO CONTRATO PARA PRESTACAO
,,,DE SERVICOS
