,local,text,
0,70800517-70800539,"ntro do prazo de 10 (dez) dias uteis, contados apos a
publicacao deste, na Divisao de Atendimento ao Cliente - DIATE, localizado no terreo do Edificio Sede da
TERRACAP, Bloco ""F"" - Setor de Areas Municipais - SAM, no horario das 7 as 19 horas, para assinatura
do controle de pagamento a vista ou equivalente a entrada inicial e efetuar o recolhimento do preco
ajustado, conforme descrito no topico 75.1 do Edital. Esclarece-se na oportunidade, que os licitantes
vencedores supracitados deverao nos 30 (trinta) primeiros dias contados apos a publicacao deste, assinar no
Cartorio indicado a Escritura Publica de Compra e Venda correndo todas as despesas por conta dos
licitantes, inclusive as cartorarias e os impostos, precos publicos ou taxas incidentes, de conformidade com
o contido no topico 75.2 do aludido Edital. O nao atendimento as citadas exigencias, dentro dos prazos ja
estipulados importara no desfazimento do negocio com a consequente aplicacao da penalidade prevista no
topico 78.6 do Edital. Esclarece-se ainda, aos interessados, que, de acordo com o contido no topico 67 do
Edital, nao cabera recurso quanto a presente homologacao.
Brasilia/DF, 06 de junho de 2019.
BRUNO CESAR SANTANA DE MENESES
Presidente da Comissao
SECRETARIA DE ESTADO DE COMUNICACAO
COMISSAO ESPECIAL DE LICITACAO
RETIFICACAO
No Aviso de Licitacao da Concorrencia no 001/2019 da Secretaria de Estado de Comunicacao do Distrito
Federal, publicado no DODF 106, de 6 de junho de 2019, pagina 37, ONDE SE LE:
"" . . . h t t p : / w w w. s e c o m . d f . g o v. b r / c a t e g o r y / p u b l i c i d a d e / c o n t r a t o - d e - p ublicidade/..."",  LEIA-SE:
"" . . . h t t p : / w w w. s e c o m . d f . g o v. b r / c o n c o r r e n c i a - 0 1 / . . . "" .
SECRETARIA DE ESTADO DE SEGURANCA PUBLICA
SUBSECRETARIA DE ADMINISTRACAO GERAL
COORDENACAO DE LICITACOES, CONTRATOS E CONVENIOS
AVISO DE ABERTURA DE LICITACAO
PREGAO ELETRONICO No 44/2018-SSPDF
Com itens para participacao exclusiva de ME/EPP
PROCESSO: 00050-00023675/2018-88. TIPO: Menor Preco. OBJETO: Aquisicao de cameras
fotograficas, tripes para cameras, lentes para cameras fotograficas, microfones lapela, rebatedores de luz
portatil, iluminadores universal com tripes, banquetas dobraveis, mesas, cooler, kits desastres, torres de
iluminacao, lapis de cor, giz de cera, bones do tipo gorro, cavaletes flip-chart, trenas digital a laser, GPS,
lanternas tatica, megafones, micro cameras para atender demandas de unidades da Secretaria de Estado da
Seguranca Publica do Distrito Federal. VALOR ESTIMADO: R$ 257.653,29. DOTACAO: UO: 24.101.
PROGRAMA DE TRABALHO: 06.181.6217.2776.0001; 06.181.6217.2775.0001; 14 . 4 2 1 . 6 2 11 . 2 7 2 7 . 0 0 0 1 ;
06.181.6217.3419.0002 - FR: 100- ND: 3.3.90.30 e 4.4.90.52. PRAZOS: De entrega: ate 30 dias corridos
contados do recebimento da Nota de Empenho. Vigencia: do Contrato: 90 (noventa) dias a partir da data
da  assinatura. DATA  DA SESSAO  PUBLICA:  19/06/2019 as  09:00 horas  no
www.comprasgovernamentais.gov.br. UASG 4501",AVISO DE ABERTURA DE LICITACAO
1,84949452-84949474,"eco (24229301), a realizacao da despesa em favor da empresa
LUME INVESTIMENTOS S/A, CNPJ: 37.996.881/0001-52, para a locacao do imovel com 3.389,87M2,
situado no SIA Trecho 06, Lotes 25 e 35, Brasilia - DF, no valor mensal de R$ 100.611,34 (cem mil,
seiscentos e onze reais e trinta e quatro centavos), perfazendo o valor total de R$ 6.036.680,40 (seis
milhoes, trinta e seis mil, seiscentos e oitenta reais e quarenta centavos) para o periodo de 60 (sessenta)
meses. Autorizo o empenho da despesa e o respectivo pagamento. Determino a sua publicacao no Diario
Oficial do DF, para que adquira a necessaria eficacia, para instalacao da Subsecretaria do Sistema de
Defesa Civil - SUDEC, orgao subordinado e vinculado a Secretaria de Estado de Seguranca Publica do
Distrito Federal. Em 28 de junho de 2019. ANDERSON GUSTAVO TORRES, Secretario de Estado.
SUBSECRETARIA DE ADMINISTRACAO GERAL
COORDENACAO DE LICITACOES, CONTRATOS E CONVENIOS
AVISO DE ABERTURA DE LICITACAO
PREGAO ELETRONICO No 21/2019
PROCESSO: 00050-00004135/2019-86. TIPO: Menor Preco. OBJETO: Contratacao de empresa
especializada para realizacao de servico continuo comum de Seguro de Vida e Acidentes Pessoais,
mediante a implantacao de apolice, para os servidores ativos da Policia Civil, Policia Militar e do Corpo
de Bombeiros Militar do Distrito Federal no exercicio da funcao ou em razao desta, com coberturas de
morte acidental, invalidez permanente total ou parcial acidental, independente da faixa etaria. VALOR
ESTIMADO ANUAL: R$ 2.541.600,00. PRAZOS: De Vigencia do Contrato: 12 (doze) meses a partir da
data da assinatura, podendo ser prorrogado. DATA DA SESSAO PUBLICA: 19/07/2019 as 09:00 horas no
www.comprasgovernamentais.gov.br. UASG 450107. Edital esta disponivel no endereco acima e no
h t t p : / / w w w. s s p . d f . g o v. b r / l i c i t a c o e s .
Brasilia/DF, 08 de junho de 2019
AMILCAR UBIRATAN URACH VIEIRA
Coordenador
AVISO DE ADJUDICACAO E HOMOLOGACAO
PREGAO ELETRONICO No 44/2018
PROCESSO: SEI-GDF no 00050-00023675/2018-88. TIPO: Menor Preco. OBJETO: Aquisicao de cameras
fotograficas, tripes para cameras, lentes para cameras fotograficas, microfones lapela, rebatedores de luz
portateis, iluminadores universais com tripes, banquetas dobraveis, mesas, coolers, kits desastres, torres de
iluminacao, lapis de cor, giz de cera, bones do tipo gorro, cavalete flip-chart, trenas digital a laser, GPS,
lanternas taticas, megafones, micro cameras, para atender demandas de unidades da Secretaria de Estado
de Seguranca do Distrito Federal, conforme especificacoes, condicoes e exigencias do Termo de Referencia
que segue como Anexo I do Edital. A SSPDF informa, com fulcro no inciso V do artigo 8 e inciso IX do
artigo 11, do Decreto no 5.450/2005, a ADJUDICACAO do item 5 a Isaltec Comercio de Instrumentos de
Medicao Ltda., CNPJ 01.682.745/0001-40, no valor total de R$ 1.244,90; dos itens 6 e  7 a R  & R
Equipamentos Eletronicos Eireli, CNPJ 10.806.106/0001-30, no valor total de R$ 2.544,00; dos itens 9, 10,
11, 13, 15, ",AVISO DE ADJUDICACAO E HOMOLOGACAO
