,local,text,
0,309495173-309495195,"12, de Chefe, do Nucleo de Atendimento ao Usuario, da Coordenacao da Biblioteca Central, da Diretoria Executiva 
da Fundacao de Ensino e Pesquisa em Ciencias da Saude, da Secretaria de Estado de Saude do Distrito Federal.
EXONERAR ADRIANA DE BARROS JACCOUD, matricula 0274123-7, do Cargo em Comissao, Simbolo DFG-14, de Chefe, da Secretaria de Assuntos Academicos, da Escola 
Superior de Ciencias da Saude, da Diretoria Executiva, da Fundacao de Ensino e Pesquisa em Ciencias da Saude.
NOMEAR DENNIS FILIPE RON DE OLIVEIRA para exercer o Cargo em Comissao, Simbolo DFG-14, de Chefe, da Secretaria de Assuntos Academicos, da Escola Superior de 
Ciencias da Saude, da Diretoria Executiva, da Fundacao de Ensino e Pesquisa em Ciencias da Saude - FEPECS.
EXONERAR RAPHAELA LORRANE SILVA BRAGA, matricula Fepecs 0274772-3, do exercer o Cargo em Comissao, Simbolo DFG-14, de Gerente, da Gerencia de Estagios, da 
Escola de Aperfeicoamento do Sistema Unico de Saude, da Diretoria Executiva, da Fundacao de Ensino e Pesquisa em Ciencias da Saude - FEPECS.
NOMEAR ANA BEATRIZ MOREIRA DE ARAUJO para exercer o Cargo em Comissao, Simbolo DFG-14, de Gerente, da Gerencia de Estagios, da Escola de Aperfeicoamento do 
Sistema Unico de Saude, da Diretoria Executiva, da Fundacao de Ensino e Pesquisa em Ciencias da Saude - FEPECS.
IBANEIS ROCHA
SECAO III
SECRETARIA DE ESTADO DE SAUDE
SUBSECRETARIA DE ADMINISTRACAO GERAL
AVISO DE ABERTURA DE DISPENSA DE LICITACAO
OFICIO No 445/2020
A Subsecretaria de Administracao Geral  SUAG/SES comunica, por meio do Oficio N 445/2020, a abertura para recebimento de propostas referente a contratacao emergencial do 
item CONCENTRADOR DE OXIGENIO DOMICILIAR DE BAIXO e ALTO FLUXO e CONCENTRADOR DE OXIGENIO PORTATIL, fornecimento de GAS MEDICINAL e 
DESCARTAVEIS PARA OXIGENOTERAPIA, com COMODATO DE CILINDROS DE OXIGENIO e LOCACAO DOS CONCENTRADORES, para atender as necessidades da 
Secretaria de Saude  SES-DF, nos termos do Art. 4o da Lei Federal 13.979/2020, processo no 00060-00385454/2019-44- SES/DF (S.E.I.). O recebimento das propostas sera ate as 
10h do dia 03 de abril de 2020, por meio eletronico atraves do e-mail dispensadelicitacao.sesdf@gmail.com. O Oficio de convocacao e o Projeto Basico deverao ser solicitados pelo 
mesmo e-mail de envio das propostas.
IOHAN ANDRADE STRUCK
Subsecretario de Administracao Geral
ANO XLVIX EDICAO No-44
BRASILIA - DF, SEXTA-FEIRA, 6 DE MARCO DE 2020
Este documento pode ser verificado no endereco eletronico h t t p : / / w w w. i n . g o v. b r / a u t e n t i c i d a d e . h t m l
pelo codigo 50012020030600001
Documento assinado digitalmente conforme MP no 2.200-2 de 24/08/2001, que institui a
Infraestrutura de Chaves Publicas Brasileira - ICP-Brasil.
SECAO I
PODER EXECUTIVO
LEI No 6.352, DE 7 DE AGOSTO DE 2019
(Autoria do Projeto: Poder Executivo)
Dispoe sobre as diretrizes orcamentarias para o exercicio financeiro de 2020 e da outras providencias.
O Presidente da Camara Legislativa do Distrito Federal promulga, nos termos do  6 do a",AVISO DE ABERTURA DE DISPENSA DE LICITACAO
1,324450002-324450024,"o e quinhentos e 
vinte e um mil e quinhentos e sete reais e cinquenta centavos). Emitido em 02/04/2020. 
Sob o evento: 400091. Na modalidade: Global. Despesa de Publicacao: SES. Processo no: 
00060-00109204/2020-43. Data de Assinatura: 02/04/2020. Pela SES/DF: FRANCISCO 
ARAUJO FILHO. Pela contratada: JULIANA GONCALVES NAVARRO e MARCOS 
FERNANDO FONTOURA DOS SANTOS JACINTO. Testemunhas: HAROLDO 
CUSTODIO DE FARIAS e PAULO HENRIQUE RODRIGUES DA SILVA.
Especie: Contrato no 065/2020-SES/DF. SIGGO: 40863. Partes: DISTRITO FEDERAL, 
por intermedio de sua SECRETARIA DE ESTADO DE SAUDE DO DISTRITO 
FEDERAL e a empresa WHITE MARTINS GASES INDUSTRIAIS LTDA, inscrita no 
CNPJ no 35.820.448/0018-84. Objeto: prestacao de servicos de fornecimento de 
CONCENTRADOR DE OXIGENIO DOMICILIAR DE BAIXO e ALTO FLUXO e 
CONCENTRADOR DE OXIGENIO PORTATIL, fornecimento de GAS MEDICINAL e 
DESCARTAVEIS PARA OXIGENOTERAPIA, com COMODATO DE CILINDROS 
DE OXIGENIO e LOCACAO DOS CONCENTRADORES para atender as demandas da
Secretaria de Saude - DF. Vigencia: ATE 180 (cento e oitenta) dias corridos, por se tratar 
de CONTRATACAO por Dispensa de Licitacao, enquadrando-se no artigo 4o, inciso IV, 
da Lei no 13.979/2020 ou ate a conclusao do Processo Regular 00060-00007427/2019-33, 
o que ocorrer primeiro. Do Valor: O valor total do Contrato e de R$ 3.663.470,85 (Tres 
milhoes, seiscentos e sessenta e treze mil, quatrocentos e setenta reais e oitenta e cinco 
centavos), em procedencia ao Orcamento do Distrito Federal para o corrente exercicio, 
nos termos da correspondente Lei Orcamentaria Anual. Dotacao Orcamentaria: Unidade 
Orcamentaria: 23901. Programa de Trabalho: 10302620260520003. Natureza da Despesa: 
339039. Fonte de Recurso: 100000000. Nota de Empenho: 2020NE03023. Valor inicial: 
R$ 915.867,71 (novecentos e quinze mil e oitocentos e sessenta e sete reais e setenta e um 
centavos). Emitido em 07/04/2020. Sob o evento: 400091. Na modalidade: Global. 
Despesa de Publicacao: SES. Processo no: 00060-00385454/2019-44. Data de Assinatura: 
08/04/2020.  Pela  SES/DF:  FRANCISCO  ARAUJO  FILHO.  Pela  contratada: 
ALEXANDRE ALCANTARA. Testemunhas: HAROLDO CUSTODIO DE FARIAS e 
PAULO HENRIQUE RODRIGUES DA SILVA.
Especie: Quinto Termo Aditivo ao Contrato no 038/2016-SES/DF. SIGGO: 33198. Partes: 
DISTRITO FEDERAL, por intermedio de sua SECRETARIA DE ESTADO DE SAUDE 
DO DISTRITO FEDERAL e a empresa ASTEM COMERCIO, REPRESENTACOES E 
SERVICOS LTDA. EPP. CNPJ no 03.864.631/0001-47. Objeto: Prorrogar o prazo de 
vigencia do contrato por mais 12 (doze) meses, a contar de 30/03/2020 a 29/03/2021, com 
fundamento no Art. 57, Inciso II, da Lei n 8.666/93; Conceder Reajuste de 4,19% (quatro 
inteiros e dezenove centesimos por cento) sobre o valor do contrato; Com o reajuste, o 
valor global do contrato passa de R$1.841.992,63 (um milhao, oitocentos e quarenta e um 
mil novecentos e noventa e dois reais e sessenta e tres centavos) para R$ 1.919.172,12 
(um milhao, novecentos e dezenove mil cento e setenta e dois ",Despesa de Publicacao
