,local,text,
0,319784355-319784377,"2 de marco de 2018, publicado no DODF no 43, de 05 de marco de 
2018 e homologado pelo Edital de Resultado Final No 46, de 26 de julho de 2018, 
publicado no DODF no 142, de 27 de julho de 2018, para exercerem o cargo de 
ENFERMEIRO, da Carreira de Enfermeiro, do Quadro de Pessoal da Secretaria de Estado 
de Saude do Distrito Federal, com base na instrucao dos autos do processo SEI no 00060-
00142957/2020-61, conforme a seguir: (especialidade, nome e classificacao)
ENFERMEIRO FAMILIA E COMUNIDADE: CLAUDIA MARIA DE SOUSA, 70o; 
ANGELICA DA SILVA VIEIRA DE SOUZA, 71o; REGIANE ROCHA TURIBIO, 72o; 
LILIA BRAZ DA SILVA, 73o; ANA PAULA CAMPOS BARBOSA DA SILVA, 74o; 
DANIELLE KARILI VAZ MARTINS, 75o; DISLEY JOSE DOS SANTOS, 76o; LILIAN 
CRISTINA ROCHA ANDRADE RODRIGUES, 77o; VINICIUS DE MENDONCA 
HORA, 78o; ANNA CLAUDIA DE OLIVEIRA QUEIROZ, 79o; ISABELLA CRISTINA 
FERNANDES PEIXOTO, 80o; PATRICIA AUGUSTO NUNES, 81o; DOUGLAS 
ALBERTO LOPES DE SOUZA, 82o; DIVANITA CANDIDA DA SILVA, 83o; ALINE 
DE OLIVEIRA COSTA, 84o; ESTER MARCELE FERREIRA DE MELO, 85o; 
MANOEL AUSTREGESILO DE ARAUJO JUNIOR, 86o; AMERICO YUITI MORI, 
87o; FELIPE CESAR STABNOW SANTOS, 88o; UALACI CALDAS SILVA, 89o; 
EZEQUIAS DA COSTA LEITE LIMA, 90o; ROSANGELA DE OLIVEIRA MORAIS , 
91o; JULIANA PEREIRA ALVES, 92o; HUMBERTO DE SOUSA SILVA, 93o.
IBANEIS ROCHA
SECAO III
SECRETARIA DE ESTADO DE SAUDE
SUBSECRETARIA DE ADMINISTRACAO GERAL
 
AVISO DE ABERTURA DE DISPENSA DE LICITACAO
A Subsecretaria de Administracao Geral  SUAG/SES comunica, por meio do Oficio N 
688/2020, a abertura para recebimento de propostas referente a Contratacao emergencial 
de empresa especializada em engenharia civil para construcao de unidade de atendimento 
hospitalar com capacidade para 10 (dez) leitos de suporte avancado e 30 (trinta) leitos de 
enfermaria, no Complexo Penitenciario da Papuda visando atender a populacao carceraria 
acometida pelo COVID-19, nos termos do Artigo 4 da Lei no 13.979 de 6 de fevereiro de 
2020, processo no 00060-00155821/2020-11- SES/DF (S.E.I.). O recebimento das 
propostas sera ate as 15h do dia 17 de abril de 2020, por meio eletronico atraves do e-mail 
dispensadelicitacao.sesdf@gmail.com. O Oficio de convocacao e o Projeto Basico 
deverao ser solicitados atraves do mesmo e-mail de envio das propostas.
IOHAN ANDRADE STRUCK
PAGINA 4
Diario Oficial do Distrito Federal - Edicao Extra
No 54, QUARTA-FEIRA, 15 DE ABRIL DE 2020
Documento assinado digitalmente, original em https://www.dodf.df.gov.br
ANO XLIX EDICAO EXTRA No 55-A                BRASILIA - DF, QUINTA-FEIRA, 16 DE ABRIL DE 2020
SUMARIO
SECAO I
PAG.
SECAO II
PAG.
SECAO III
PAG.
Poder Executivo......................................................... 1
SECAO II
PODER EXECUTIVO
DECRETOS DE 15 DE ABRIL DE 2020 (*)
O GOVERNADOR DO DISTRITO FEDERAL, no uso das atribuicoes que lhes sao 
conferidas pelo artigo 100, incisos XXVI e XXVII, da Lei Organica do Distrito Federal, e 
considerando o artigo 17,  5o da Lei Complementar 840, de 23/12/2011, resolve:
TORN",AVISO DE ABERTURA DE DISPENSA DE LICITACAO
1,327823708-327823730,"ea e.e
I TERMO ADITIVO AO CONTRATO BRB No 172/2017
Contratante: BRB - BANCO DE BRASILIA S.A. Contratada: REDE NACIONAL DE 
APRENDIZAGEM, PROMOCAO SOCIAL E INTEGRACAO - RENAPSI. Objeto do 
Contrato: contratacao de entidade sem fins lucrativos para execucao do Programa Jovem 
Aprendiz, conjuntamente com o BRB. Objeto do Termo Aditivo: Prorrogacao da vigencia 
pelo prazo de mais 30 (trinta) meses, a contar de 11/04/2020. Vigencia: 11/04/2020 a 
10/10/2022. Valor total: R$9.646.140,00 (nove milhoes, seiscentos e quarenta e seis mil, 
cento e quarenta reais). As despesas decorrentes do presente Contrato correrao com base 
no Orcamento de Investimentos e Dispendios, Natureza 4 - dispendio das estatais, e Fonte 
1 - geracao propria. Aditivo firmado em: 08/04/2020. Signatarios, pelo BRB: Cristiane 
Maria Lima Bukowitz e pela contratada: Aline Daria Ferreira Ponte. Processo no: 
041.001.588/2016. PATRICIA GONCALVES RIBEIRO ORTIZ. Gerente de Area em e.e.
RESULTADO  PREGAO ELETRONICO No 027/2020
O BRB - BANCO DE BRASILIA S.A. torna publico o resultado final do Pregao 
Eletronico no 027/2020 cujo objeto: o Registro de preco para aquisicao de veiculos 
automotores carros e motos para campanha de incentivo interna. Empresa vencedora item 
1: RENAULT DO BRASIL S.A, CNPJ.: 00.913.443/0001-73, dez (10) carros 1.0, pelo 
valor total de R$ 370.000,00 (trezentos e setenta mil reais); item 2  TECAR MOTOS, 
PECAS E SERVICOS LTDA., CNPJ.: 29.038.786/0001-18, tres (03) motos, pelo valor 
total de R$ 41.979,00 (quarenta e um mil e novecentos e setenta e nove reais). Os autos do 
processo encontram-se com vista franqueada no SBS, Quadra 01, Bloco ""E"", Edificio 
Brasilia, 16o andar, Brasilia/DF, no horario das 10 as 16 horas. Processo no 043/2020.
RAFAEL MADRUGA LOPES
Pregoeiro
SECRETARIA DE ESTADO DE SAUDE
RATIFICACAO DE DISPENSA DE LICITACAO No 10/2020
A Subsecretaria de Administracao Geral  SUAG/SES-DF autorizou a realizacao de despesa 
mediante Dispensa de Licitacao no 10/2020, processo: 00060-00155821/2020-11 referente a 
Contratacao emergencial de empresa especializada em engenharia civil para construcao de 
unidade de atendimento hospitalar com capacidade para 10 (dez) leitos de suporte avancado e 30 
(trinta) leitos de enfermaria, no Complexo Penitenciario da Papuda visando atender a populacao 
carceraria acometida pelo COVID-19, para atender as necessidades da Secretaria de Saude  
SES-DF, em favor da empresa INFRA-ENGETH INFRA-ESTRUTURA CONSTRUCAO E 
COMERCIO LTDA., no valor global de R$ 5.197.532,00 (cinco milhoes, cento e noventa e sete 
mil quinhentos e trinta e dois reais), conforme especificado no Projeto Basico dos autos, com 
fundamento legal no Artigo 4o, da Lei no 13.979/2020. Ato que ratifiquei em 20 de abril de 2020, 
nos termos do artigo 26, da Lei no 8.666 de 21 de junho de 1993 e determinei sua publicacao no 
Diario Oficial do DF, para que adquirisse a necessaria eficacia. FRANCISCO ARAUJO 
FILHO, Secretario de Estado de Saude do Distrito Federal.
EXTRATO DE ACORDO DE CO",RATIFICACAO DE DISPENSA DE LICITACAO
2,328831961-328831983,"B - BANCO DE BRASILIA S.A. torna publico que se encontra disponivel no site do 
BRB, www.brb.com.br, a documentacao completa referente ao Edital de Consulta Publica n 
001/2020, que tem por objeto prestacao de servicos de qualificacao cadastral na modalidade 
SaaS  Software as a Service, que deverao ser prestados para diferentes tipos de documentos 
previamente digitalizados via aplicativo. Prazos para questionamentos e envio das propostas 
descritas no Edital. Responsavel: Patricia G. R. Ortiz - Gerente de Area e.e.
SECRETARIA DE ESTADO DE SAUDE
EXTRATO DE CONTRATO
Especie: Contrato no 070/2020-SES/DF. SIGGO: 40914. Partes: DISTRITO FEDERAL, 
por intermedio de sua SECRETARIA DE ESTADO DE SAUDE DO DISTRITO 
FEDERAL e a empresa INFRA ENGETH INFRA-ESTRUTURA CONSTRUCAO E 
COMERCIO LTDA, inscrita no CNPJ no 02.237.437/0001-79. Objeto: contratacao 
emergencial de empresa especializada em engenharia civil para construcao de unidade de 
atendimento hospitalar com capacidade para 10 (dez) leitos de suporte avancado e 30 
(trinta) leitos de enfermaria, no Complexo Penitenciario da Papuda visando atender a 
populacao carceraria acometida pelo COVID-19. Vigencia: ATE 180 (cento e oitenta) dias 
corridos, por se tratar de CONTRATACAO por Dispensa de Licitacao, enquadrando-se no 
artigo 4o, inciso IV, da Lei no 13.979/2020. Do Valor: O valor total do Contrato e de R$ 
5.197.532,00 (cinco milhoes, cento e noventa e sete mil quinhentos e trinta e dois reais) 
em procedencia ao Orcamento do Distrito Federal para o corrente exercicio, nos termos da 
correspondente Lei Orcamentaria Anual. Dotacao Orcamentaria: Unidade Orcamentaria: 
23901. Programa de Trabalho: 10302620229970001. Natureza da Despesa: 339039. Fonte 
de Recurso: 838003467. Nota de Empenho: 2020NE03386. Valor inicial: R$ 5.197.532,00 
(cinco milhoes cento e noventa e sete mil quinhentos e trinta e dois reais). Emitido em 
22/04/2020. Sob o evento: 400091. Na modalidade: Global. Despesa de Publicacao: SES. 
Processo no: 00060-00155821/2020-11. Data de Assinatura: 22/04/2020. Pela SES/DF: 
FRANCISCO ARAUJO FILHO. Pela contratada: RUYTER KEPLER DE THUIN. 
Testemunhas: HAROLDO CUSTODIO DE FARIAS e PAULO HENRIQUE 
RODRIGUES DA SILVA.
SUBSECRETARIA DE ADMINISTRACAO GERAL
DIRETORIA DE AQUISICOES
CENTRAL DE COMPRAS
 
AVISO DE REABERTURA
PREGAO ELETRONICO POR SRP No 161/2019 - UASG 926119
Objeto: Aquisicao de material de consumo (EQUIPOS PARA BOMBA DE 
INFUSAO),com o fornecimento de bombas de infusao, em regime de COMODATO, para 
atender as necessidades da Secretaria de Saude  DF, conforme especificacoes e 
quantitativos constantes neste Edital. Processo: 00060-00450717/2018-12. Total de 03 
(Tres) itens (Lote/Item). Valor Estimado: R$ 8.048.454,50. Edital e Cadastro das 
Propostas: a partir de 27/04/2020. Abertura das Propostas: 12/05/2020 as 09 horas,
PAGINA 43
Diario Oficial do Distrito Federal               
No 78, SEGUNDA-FEIRA, 27 DE ABRIL DE 2020
Documento assinado digitalmente, original em https://www.dodf.df.gov.br
horari",EXTRATO DE CONTRATO
