,local,text,
0,119002145-119002167,"51/2019. O pagamento da multa podera ser efetuado com desconto ate o
vencimento da notificacao prevista no edital, por oitenta por cento de seu valor. Podera ser interposto
RECURSO perante a Junta Administrativa de Recursos de Infracoes, ate a data limite prevista neste edital,
devendo, para tanto, apresentar requerimento devidamente preenchido de forma legivel e assinado,
acompanhado, no minimo, dos seguintes documentos: a) copia do auto de infracao, ou desta notificacao, ou de
documento que conste a placa do veiculo e o numero do auto de infracao; b) copia da CNH ou outro documento
de identificacao oficial que comprove a assinatura do requerente ou procurador, se pessoa juridica, documento
que comprove a representacao; c) procuracao quando for o caso; d) copia do CRLV. O recurso devera ter
somente um auto de infracao como objeto. FORMULARIOS E ENDERECOS: Os formularios poderao ser
retirados na Sede do DER/DF ou pelo sitio www.der.df.gov.br e poderao ser entregues, no prazo acima
estabelecido, via remessa postal para o endereco da Sede do DER/DF (enderecos e telefones podem ser obtidos
no sitio www.der.df.gov.br). INFRACOES: A lista de autos de infracao esta disponivel em www.der.df.gov.br.
O padrao de sequencia de identificacao dos dados das infracoes encontrados no sitio da DER/DF e: placa,
numero do auto de infracao, data da infracao, codigo da infracao/desdobramento, valor da infracao e data de
vencimento da notificacao (data limite).
ELCY OZORIO DOS SANTOS
Superintendente
SECRETARIA DE ESTADO DE AGRICULTURA,
ABASTECIMENTO E DESENVOLVIMENTO RURAL
GERENCIA DE LICITACAO
AVISO DE ABERTURA DE LICITACAO (UASG) 926523
PREGAO ELETRONICO (SRP) No 08/2019
A SECRETARIA DE ESTADO DA AGRICULTURA, ABASTECIMENTO E DESENVOLVIMENTO
RURAL DO DISTRITO FEDERAL, torna publico a abertura de licitacao do tipo (SRP), Menor Preco
Unitario por item, na modalidade de PREGAO na forma ELETRONICA, com previsao de abertura do
certame para 03/10/2019, 09h00min, horario de Brasilia, Processo 00070-00004622/2019-74 (SEI).
OBJETO: Contratacao, por meio do Sistema de Registro de Precos, para futura aquisicao de alimento para
animais e medicamentos veterinarios para atender a Gerencia de Producao Vegetal, Piscicultura e Pecuaria,
Gerencia de Apreensao de Animais e Gerencia de Sanidade Animal da Secretaria de Estado da Agricultura,
Abastecimento e Desenvolvimento Rural do Distrito Federal, conforme quantitativos e especificacoes
contidas no Termo de Referencia e demais Anexos que integram o edital, com valor Total estimado de R$
443.379,04 (quatrocentos e quarenta e tres mil trezentos e setenta e nove reais e quatro centavos). O Edital
podera ser retirado a partir da sua publicacao no endereco: www.comprasgovernamentais.gov.br. e portal da
SEAGRI/DF, www.agricultura.df.gov.br, ""Edital"".
NATANAEL FELIX DOS SANTOS
Pregoeiro
SUBSECRETARIA DE ADMINISTRACAO GERAL
GERENCIA DE CONTRATOS
EXTRATO DO CONTRATO DE PRESTACAO DE SERVICOS No 18/2019
Processo: 00070-00006750/2019-52; Partes: SEAGRI/DF e EMPRESA R7 ",AVISO DE ABERTURA DE LICITACAO
1,131879676-131879698,"03 Q 01 CJ 06 LT 28,
ao interessado ISRAEL DE SOUZA ALVES FILHO, conforme proposta de compra anexada ao processo
SEI no 00111-00010335/2019-42; item 142, SHVP/TRECHO 03 Q 06 CJ 08 LT 19, ao interessado
RENATA DE SOUZA SILVA, conforme proposta de compra anexada ao processo SEI no 00111-
00010357/2019-11; item 106, Q 01 CJ 01 LT 04, ao interessado WALDIR FARIA DE ANDRADE,
conforme proposta de compra anexada ao processo SEI no 00111-00006382/2019-91; item 253, Q 02 CJ
09 LT 98, ao interessado MARCELO SARMENTO DA COSTA, conforme proposta de compra anexada
ao processo SEI no 00111-00006271/2019-85; item 319, Q 01 CJ 12 LT 03, ao interessado MARCELO
TAVARES DE SANTANA, conforme proposta de compra anexada ao processo SEI no 00 111 -
00006645/2019-62; item 362, Q 02 CJ 09 LT 25, ao interessado JOSE DE SANTANA DAS NEVES,
conforme proposta de compra anexada ao processo SEI no 00111-00006861/2019-16; item 479, Q 02 CJ
09 LT 80, ao interessado WILSON PEREIRA DE MATOS, conforme proposta de compra anexada ao
processo SEI no 00111-00006491/2019-17; item 575, Q 03 CJ 07 LT 15, ao interessado ANTONIO
NONATO DA SILVA NETO, conforme proposta de compra anexada ao processo SEI no 0 0 111 -
00006034/2019-14; item 797, Q 01 CJ 11 LT 37, ao interessado CLEBER CLENIO DE OLIVEIRA,
conforme proposta de compra anexada ao processo SEI no 00111-00006201/2019-27. Para informacoes e
esclarecimentos quanto a prazos e demais obrigacoes obedeca-se aos termos estabelecidos nos Editais de
Convocacao para Venda Direta 2017, 2018 e 2019.
Em 14 de outubro de 2019
FABIO GOMES BARBOSA
Presidente da Comissao - Resp.
SECRETARIA DE ESTADO DE AGRICULTURA,
ABASTECIMENTO E DESENVOLVIMENTO RURAL
GERENCIA DE LICITACOES
AVISO DE RESULTADO E ADJUDICACAO
PREGAO ELETRONICO (SRP) No 08/2019- (UASG: 926523)
A Secretaria de Estado da Agricultura, Abastecimento e Desenvolvimento Rural do DF- SEAGRI-DF
comunica aos interessados que, apos abertura do Pregao Eletronico (SRP) no 08/2019, em 03/10/2019 as
09:00 hs, Processo no 00070-00004622/2019-74 (SEI), que tem por objeto a aquisicao de alimento para
animais e medicamentos veterinarios para atender a Gerencia de Producao Vegetal, Piscicultura e Pecuaria,
Gerencia de Apreensao de Animais e Gerencia de Sanidade Animal da Secretaria de Estado da Agricultura,
Abastecimento e Desenvolvimento Rural do Distrito Federal, conforme descricao, caracteristicas, prazos,
condicoes e demais obrigacoes e informacoes constantes dos Anexos do Edital, sagraram-se vencedoras as
Empresas, CESAR AUGUSTO KIEKOW, CNPJ: 03.333.999/0001-89, para os itens 1, 2 e 5, com melhor
valor total de R$ 115.020,00, (cento e quinze mil e vinte reais), CASA DO BOI PR O D U TO S
AGROPECUARIOS EIRELI, CNPJ: 03.716.644/0001-79, para o item 17, com melhor valor total de R$
3.100,00, (tres mil e cem reais), E. R. FELIX - PROD. AGROPECUARIOS, CNPJ: 07.296.219/0001-29,
para os itens 16, 19, 22, 23 e 30, com melhor valor total de R$ 6.043,88, (seis mil quarenta e tres reais
e  oitenta e  oito centavos),  NUTRINI  COMERCIO ",AVISO DE RESULTADO E ADJUDICACAO
2,139114899-139114921,"as New Holland, ano
2012, usado, modelo: TT4030, equipado com motor diesel 75 CV, 4 cilindros, tracao 4x4, direcao
hidrostatica, 8 marchas a frente e 2 a re. Tombamento: 1.165.239; 01 (uma) grade aradora de arrasto, ano
2012, usada, equipada com mancal a banho de oleo lubrificante permanente, com 14 discos de 26
polegadas de diametro, controle remoto com RODAS, largura de corte de 1.500 mm, marca Baldan.
Tombamento: 1.165.221; 01 (um) arado reversivel de 3 discos de 26 polegadas de diametro ano 2012,
usado, com pistao acoplavel, marca Baldan. Tombamento: 1.165.173; 01 (uma) Carreta para trator, ano
2012, usada, 2 eixos e 4 rodas, capacidade de carga de 4 toneladas, estrutura reforcada em aco, carroceria
em madeira de lei tratada, rotula de engate e articulacao, marca Aroeira. Tombamento: 1.165.157; 01 (uma)
enxada rotativa, ano 2012, usada, acompanhada com kit encanteirador, para canteiro de 1,10 m de topo e
1,32 m de base, 30 enxadas, de base acoplavel, marca Agritech Lavrale. Tombamento: 1.165.205; 01 (um)
distribuidor para calcario e adubo organico, ano 2012, usado, com acionamento pela TDP, com esteira e
distribuicao atraves de discos, capacidade para 2500 Kg, marca Terense. Tombamento: 1.165.189; Prazo de
Vigencia: Da data de sua assinatura ate 60 (sessenta) meses. Fundamentacao Legal: Lei Federal no
13.019/2014 regulamentada pelo Decreto 37.843/2016. Data de Assinatura: 30/10/2019 Signatarios: Pela
SEAGRI/DF: DILSON RESENDE DE ALMEIDA, na qualidade de Secretario de Estado. Pela
ASSOCIACAO RURAL DOS PRODUTORES RURAIS DA REFORMA AGRARIA TRES
CONQUISTAS - ASTRAC: GILBERTO RIBEIRO DOS SANTOS, na qualidade de Presidente.
SUBSECRETARIA DE ADMINISTRACAO GERAL
AVISO DE HOMOLOGACAO
PREGAO ELETRONICO (SRP) No 08/2019- (UASG: 926523)
O SUBSECRETARIO DE ADMINISTRACAO GERAL, DA SECRETARIA DE ESTADO DA
AGRICULTURA, ABASTECIMENTO E DESENVOLVIMENTO RURAL DO DISTRITO FEDERAL,
comunica aos interessados que HOMOLOGA o resultado do Pregao Eletronico (SRP) no 08/2019, Processo
no 00070-00004622/2019-74 (SEI), que tem por objeto a aquisicao de alimento para animais e
medicamentos veterinarios para atender a Gerencia de Producao Vegetal, Piscicultura e Pecuaria, Gerencia
de Apreensao de Animais e Gerencia de Sanidade Animal da Secretaria de Estado da Agricultura,
Abastecimento e Desenvolvimento Rural do Distrito Federal, conforme descricao, caracteristicas, prazos,
condicoes e demais obrigacoes e informacoes constantes dos Anexos do Edital, no qual foram vencedoras
as Empresas, CESAR AUGUSTO KIEKOW, CNPJ: 03.333.999/0001-89, para os itens 1, 2 e 5, com
melhor valor total de R$ 115.020,00 (cento e quinze mil e vinte reais), CASA DO BOI PRODUTOS
AGROPECUARIOS EIRELI, CNPJ: 03.716.644/0001-79, para o item 17, com melhor valor total de R$
3.100,00 (tres mil e cem reais), E. R. FELIX - PROD. AGROPECUARIOS, CNPJ: 07.296.219/0001-29,
para os itens 16, 19, 22, 23 e 30, com melhor valor total de R$ 6.043,88 (seis mil quarenta e tres reais e
oitenta  e  oito  centavos),  NUTRINI  COMERCIO  E  D",AVISO DE HOMOLOGACAO
3,139813321-139813343,"00,00; ITEM 60 - NELSON
ROBERTO SOUZA GUIMARAES R$ 585.000,00; ITEM 61 - YKW EMPREENDIMENTOS
IMOBILIARIOS LTDA R$ 1.101.300,00; ITEM 62 - IPE DOURADO PARTICIPACOES LTDA E
QUATTROS PARTICIPACOES LTDA R$ 901.099,00; ITEM 63 - IPE DOURADO PARTICIPACOES
LTDA  E  QUATTROS  PARTICIPACOES  LTDA  R$  1.073.000,00;  ITEM  67  -  YKW
EMPREENDIMENTOS IMOBILIARIOS LTDA R$ 3.060.400,00; ITEM 69 - ALYNE CORREIA
BARROSO R$ 258.610,00; ITEM 71 - LUIS SERGIO MONTEIRO TERRA R$ 163.070,00; ITEM
82 - LUCAS FILIPE MENDONCA DE SOUSA E DIOGENES LAERCIO DE SOUSA GOMES R$
1.482.100,00; ITEM 84 - CONTAGEN CONSTRUCOES E INCORPORACOES LTDA R$
188.970,00; ITEM 85 - ELISAMA SILVA DE LIMA R$ 191.000,00; ITEM 86 - FABIO
NASCIMENTO FELISBERTO R$ 159.990,00; ITEM 91 - GX INCORPORADORA LTDA R$
1.321.000,00; ITEM 92 - GX INCORPORADORA LTDA R$ 1.321.000,00; ITEM 93 - GX
INCORPORADORA LTDA R$ 1.321.000,00; ITEM 101 - A SENSUAL INDUSTRIA E COM. DE
PROD. E ACESSORIOS PARA CABELEIREIROS LTDA R$ 230.800,00; ITEM 102 - CASSIO
VICTOR PRATES PIRES R$ 234.000,01. Na oportunidade, informa que a relacao estara disponivel
no site http://www.terracap.df.gov.br, conforme processo n.o 00111-00008756/2019-11. O prazo para
interposicao de recurso sera de 05 (cinco) dias uteis, contados apos a publicacao do presente Aviso,
conforme  topico no  64, Capitulo  VIII.  O licitante  classificado preliminarmente  devera
impreterivelmente no prazo de 10 (dez) dias uteis, conforme previsto no topico de no 75, Capitulo IX,
do Edital no 10/2019 - IMOVEIS, protocolar copia autenticada dos documentos listados nos topicos
no 39.1 e 41.1 (Pessoa Fisica), 39.2 e 41.2 (Pessoa Juridica), Capitulo V, sob pena de desclassificacao,
com aplicacao da penalidade de retencao da caucao, nos termos do topico no 79.6, Capitulo X.
Brasilia/DF, 1o de novembro de 2019
BRUNO CESAR SANTANA DE MENESES
Presidente da COPLI
SECRETARIA DE ESTADO DE AGRICULTURA,
ABASTECIMENTO E DESENVOLVIMENTO RURAL
EXTRATO DA ATA DE REGISTRO DE PRECOS No 006/2019
Processo: 00070-00004622/2019-74, Pregao Eletronico no 08/2019-SEAGRI/DF, Objeto: Registro de
Precos para eventual aquisicao de alimento para animais e medicamentos veterinarios para atender a
Gerencia de Producao Vegetal, Piscicultura e Pecuaria, Gerencia de Apreensao de Animais e Gerencia de
Sanidade Animal da Secretaria de Estado da Agricultura, Abastecimento e Desenvolvimento Rural do
Distrito Federal, conforme descricao, caracteristicas, prazos, condicoes e demais obrigacoes e informacoes
constantes dos Anexos do Edital. Assinatura da Ata: 01/11/2019. Vigencia: 12 meses a contar da data de
assinatura da Ata de Registro de Precos. Empresas adjudicadas e itens homologados, ora signatarias do
registro de precos: CESAR AUGUSTO KIEKOW, CNPJ: 03.333.999/0001-89, para os itens 1, 2 e 5, com
melhor valor total de R$ 115.020,00 (cento e quinze mil e vinte reais), CASA DO BOI PRODUTOS
AGROPECUARIOS EIRELI, CNPJ: 03.716.644/0001-79, para o item 17, com melhor valor total de R$
3.100,00 (tres mil e cem reais), E. R. FELIX -",EXTRATO DA ATA DE REGISTRO DE PRECOS
