,local,text,
0,73827066-73827088," Distrito Federal COREG, criado pela Lei no 5.346/2014.
VIGENCIA: 30 (trinta) anos contados a partir da data de assinatura do contrato. DATA DE
ASSINATURA: 12/06/2019. P/CONCEDENTE: Dilson Resende de Almeida. P/CONCESSIONARIO:
MOACIR BRUSNELLO.
Processo: 070-000.128/2014 - ESPECIE: Contrato de Concessao de Uso Oneroso de Imovel Rural.
NUMERO: 000010/2019-SEAGRI. CONTRATANTES: Distrito Federal, por intermedio da Secretaria de
Estado da Agricultura, Abastecimento e Desenvolvimento Rural do Distrito Federal Seagri, por delegacao
da Companhia Imobiliaria de Brasilia - Terracap como concedente e ABILIO BERNARDO DE
MIRANDA, produtor rural, CPF 076.357.611-53, como concessionario. OBJETO: Sitio Sao Bernado,
Nucleo Rural Ponte Alta, R.A. II, Gama/DF, com area de 8,3388 hectares. EMBASAMENTO LEGAL: art.
18 da Lei Federal no 12.024/2009; Lei n 5.803/2017; Decreto no 38.125/2017; observadas, ainda, as
disposicoes constitucionais e legais especificas, da Lei Federal no 8.666/1993, da Lei Organica do Distrito
Federal, do Plano Diretor de Ordenamento Territorial do Distrito Federal aprovado pela Lei Complementar
no 803/2009, do Estatuto Social da Companhia Imobiliaria de Brasilia - TERRACAP, do Decreto no
26.196/2005 e do Estatuto da Terra (Lei Federal no 4.504/1964), e a aprovacao do Conselho de
Regularizacao das Areas Publicas Rurais do Distrito Federal COREG, criado pela Lei no 5.346/2014.
VIGENCIA: 30 (trinta) anos contados a partir da data de assinatura do contrato. DATA DE
ASSINATURA: 10/06/2019. P/CONCEDENTE: Dilson Resende de Almeida. P/CONCESSIONARIO:
ABILIO BERNARDO DE MIRANDA.
AVISO DE ABERTURA DE LICITACAO (UASG) 926523
PREGAO ELETRONICO (SRP) No 06/2019
A SECRETARIA DE ESTADO DA AGRICULTURA, ABASTECIMENTO E DESENVOLVIMENTO
RURAL DO DISTRITO FEDERAL SEAGRI/DF, torna publico a abertura de licitacao do tipo (SRP),
MENOR PRECO GLOBAL, na modalidade de PREGAO na forma ELETRONICA, com previsao de
abertura do certame para 27/06/2019, 09h00min, horario de Brasilia, Processo 00070-00000277/2019-08
(SEI). OBJETO: Contratacao, por meio do Sistema de Registro de Precos, de empresa especializada na
prestacao de servicos continuados de terceirizacao de mao-de-obra de apoio as atividades operacionais e
administrativas, de carater subsidiario (operador de maquinas agricolas e de terraplanagem, motorista -
CNH categoria ""D"", carregador/estiva, tratador de animais, vaqueiro, tratador de animais para piscicultura,
auxiliar de jardinagem), para atender a Secretaria de Estado da Agricultura, Abastecimento e
Desenvolvimento Rural do DF, conforme quantitativos e especificacoes contidas no Termo de Referencia
PAGINA 58
No 111, quinta-feira, 13 de junho de 2019
Diario Oficial do Distrito Federal
Este documento pode ser verificado no endereco eletronico h t t p : / / w w w. i n . g o v. b r / a u t e n t i c i d a d e . h t m l
pelo codigo 50012019061300058
Documento assinado digitalmente conforme MP no 2.200-2 de 24/08/2001, que institui a
Infraestrutura de Chaves Publicas Brasileira - ICP-Bra",AVISO DE ABERTURA DE LICITACAO 
1,75629550-75629572,"ada da Companhia Imobiliaria de Brasilia - TERRACAP, em suas 3330a e 3341a sessoes,
realizadas em 25/04/2019 e 29/05/2019, respectivamente, decidiram, com
fundamento na Lei
Complementar no 806, de 12 de junho de 2009, e suas alteracoes posteriores; Decreto Distrital no 35.738,
de 18 de agosto de 2014; Portaria SEDHAB no 69, de 03 de outubro de 2014; Resolucao no 238-CONAD,
de 20 de maio de 2016; Lei Federal no 12.996, de 18 de junho de 2014, artigo 8o; e Parecer Juridico no
214/2016-ACJUR, constante do Processo no 390.000.386/2015, ao qual a Decisao-Diret no 311/2016, 3078a
Sessao, atribuiu-lhe efeito normativo, HOMOLOGAR a alienacao, com possibilidade de parcelamento em
ate 240 meses, conforme instrucao processual inerente, dos seguintes imoveis urbanos: 1) Areas Especiais
""B"" e ""D"" da EQNP 09/13 em Ceilandia/DF (Itens 10 e 11 do Anexo VI da LC 806/2009) - Adquirente:
CENTRO COMUNITARIO DA CRIANCA, CNPJ no 01.716.711/0001-20 - Processo no 0390-
000625/2014 - Valor total de R$ 593.189,52, sendo que R$ 296.594,76, refere-se a Area Especial ""B"" da
EQNP 09/13 em Ceilandia/DF; e R$ 296.594,76 refere-se a Area Especial ""D"" da EQNP 09/13 em
Ceilandia/DF - Decisoes-Diret no 182/2019 e 249/2019. Na oportunidade, fica o adquirente convocado a
comparecer a Terracap e apresentar, no prazo de 30 (trinta) dias, contados da publicacao no Diario Oficial
do Distrito Federal da homologacao pela Diretoria Colegiada, via protocolo, copias autenticadas em
cartorio dos documentos citados no artigo 30 da Resolucao-Conad/Terracap no 238.
Brasilia/DF, 05 de maio de 2019.
LEONARDO MUNDIM
Diretor de Regularizacao Social e Desenvolvimento Economico
SECRETARIA DE ESTADO DE AGRICULTURA,
ABASTECIMENTO E DESENVOLVIMENTO RURAL
AVISO DE ALTERACAO DE DATA DE ABERTURA
PREGAO ELETRONICO (SRP) 06/2019
A SECRETARIA DE ESTADO DA AGRICULTURA, ABASTECIMENTO E DESENVOLVIMENTO
RURAL DO DISTRITO FEDERAL - SEAGRI/DF torna publico que altera a data de abertura do
PREGAO ELETRONICO (SRP) No 06/2019, Processo no 00070-00000277/2019-088 (SEI), para a data
provavel de 01/07/2019, 09hs, em razao de inclusao dos quantitativos permitido para adesao no
presente certame, nao havendo alteracao no Edital que modifique o teor das propostas. O novo Edital
podera ser retirado a partir da publicacao no Portal www.comprasgovernamentais.gov.br ou no portal
da SEAGRI-DF, ""Edital"", a partir da sua publicacao e/ou divulgacao.
NATANAEL FELIX DOS SANTOS
Pregoeiro
PROGRAMA DE AQUISICAO DA PRODUCAO DA AGRICULTURA
COMISSAO PERMANENTE DE JULGAMENTO
RETIFICACAO
No Resultado provisorio da Chamada Publica no 001/2019-PAPA-DF, publicado no DODF no 109, de
11 de junho de 2019, pagina 69, ONDE-SE LE: ""...Verificou-se o nao atendimento dos itens 3.1.1.1,
""b"" e 3.1.1.3 ""c"" do edital (*)..."", LEIA-SE:""...Verificou-se o nao atendimento dos itens 3.1.1.1, ""c""
e 3.1.1.3 ""c"" do edital (*)..."".
SECRETARIA DE ESTADO DE CIENCIA,
TECNOLOGIA E INOVACAO
FUNDACAO DE APOIO A PESQUISA DO DISTRITO FEDERAL
EXTRATO DO SEGUNDO ADITIVO AO TERMO DE OUTORGA E ACEITAC",AVISO DE ALTERACAO DE DATA DE ABERTURA
2,81582109-81582131,", produtor rural, CPF 380.102.161-00, como concessionaria. OBJETO: Chacara Derwarchen, DF
001 Km 2, Nucleo Rural Corrego do Urubu, R.A. XVIII, Lago Norte/DF, com area de 3,1153 hectares.
EMBASAMENTO LEGAL: art. 18 da Lei Federal no 12.024/2009; Lei n 5.803/2017; Decreto no
38.125/2017; observadas, ainda, as disposicoes constitucionais e legais especificas, da Lei Federal no
8.666/1993, da Lei Organica do Distrito Federal, do Plano Diretor de Ordenamento Territorial do Distrito
Federal aprovado pela Lei Complementar no 803/2009, do Estatuto Social da Companhia Imobiliaria de
Brasilia - TERRACAP, do Decreto no 26.196/2005 e do Estatuto da Terra (Lei Federal no 4.504/1964), e a
aprovacao do Conselho de Regularizacao das Areas Publicas Rurais do Distrito Federal - COREG, criado pela
Lei no 5.346/2014. VIGENCIA: 30 (trinta) anos contados a partir da data de assinatura do contrato. DATA DE
ASSINATURA: 37/06/2019. P/CONCEDENTE: Dilson Resende de Almeida. P/CONCESSIONARIO:
ROMULO DOUGLAS GONCALVES DE OLIVEIRA.
Processo: 070-000.255/2012 - ESPECIE: 1o TERMO ADITIVO ao Contrato de Concessao de Uso Oneroso de
Imovel Rural. No 000062/2013-DIRUR. Publicado no DODF no 232 de 06/11/2014 p. 44. CONTRATANTES:
Distrito Federal, por intermedio da Secretaria de Estado da Agricultura, Abastecimento e Desenvolvimento
Rural do Distrito Federal - SEAGRI, por delegacao da Companhia Imobiliaria de Brasilia - TERRACAP como
CONCEDENTE e JAIMIR LUIZ DAGA, CPF 837.970.091-00 como CONCESSIONARIO. OBJ E TO :
Adequar o Contrato de Uso Oneroso de Imovel Rural a Lei no 5.803 de 11 de janeiro de 2017. VIGENCIA: a
partir da data de assinatura. DATA DE ASSINATURA: 17/06/2019. P/CONCEDENTE: Dilson Resende de
Almeida. P/CONCESSIONARIO: JAIMIR LUIZ DAGA.
AVISO DE SUSPENSAO DO PE (SRP) No 06/2019 -
CONTRATACAO DE SERVICOS TERCEIRIZADOS.
Em atendimento a decisao no 2188/2019 do Tribunal de Contas do Distrito Federal, processo TCDF No
13780/2019-e, fica suspenso o certame PE (SRP) no 06/2019, Processo SEI No 00070-00000277/2019-08,
ate nova data que sera previamente registrada no sistema compras governamentais e publicada com o prazo
minimo de 08 (oito) dias uteis para abertura.
Brasilia/DF, 28 de junho de 2019.
NATANAEL FELIX DOS SANTOS
Pregoeiro
CENTRAL DE ABASTECIMENTO DE BRASILIA
EXTRATOS DE TERMO ADITIVO
Especie: Sexto termo aditivo ao contrato administrativo n 01/2016 - Celebrado entre as CEASA/DF e a
empresa EUROSEG VIGILANCIA E SEGURANCA LTDA-ME. Processo: 0071-000167/2015. Data de
assinatura: 19 de Junho de 2019. Objeto: o presente Termo Aditivo tem por objeto a repactuacao contratual
pelas CCT 2019/2019, planilha de composicao de custos- repactuacao 2019, tabela de valores de
repactuacao 2019 ao contrato de prestacao de servicos n 01/2016. Com fundamento no art. 40 incisos XI
da Lei n 8.666/1993 e com espeque na Instrucao Normativa no 05/2017-MPOG. Assinaturas: pela
CEASA/DF: Wilder da Silva Santos (Presidente), pela Empresa EUROSEG: Eduardo Luiz Correia de
Bessa (Representante legal).
Especie: Primei",AVISO DE SUSPENSAO DO PE
3,83067250-83067272,"ar as providencias pertinentes.
PROCESSO No 10780/2019-e - Pensao civil instituida por CICERO TARGINO - SES/DF. DECISAO
No 2209/2019 - O Tribunal, por unanimidade, de acordo com o voto do Relator, decidiu: I -
considerar legal, para fins de registro, a concessao em exame, ressalvando que a regularidade das
parcelas do titulo de pensao sera verificada na forma do inciso I da Decisao Administrativa no 77/07,
adotada no Processo no 24.185/07; II - autorizar o arquivamento dos autos.
PROCESSO No 11337/2019-e - Pensao militar instituida por EYPIGUES GOMES BARBOZA -
PMDF. DECISAO No 2210/2019 - O Tribunal, por unanimidade, de acordo com o voto do Relator,
decidiu: I - considerar legal, para fins de registro, a concessao em exame, ressalvando que a
regularidade das parcelas do titulo de pensao sera verificada na forma do inciso I da Decisao
Administrativa no 77/07, adotada no Processo no 24.185/07; II - autorizar o arquivamento dos
autos.
PROCESSO No 13780/2019-e - Pregao Eletronico (SRP) no 06/2019, lancado pela Secretaria de
Estado de Agricultura, Abastecimento e Desenvolvimento Rural do Distrito Federal - SEAGRI/DF,
visando a contratacao de empresa especializada na prestacao de servicos continuados de terceirizacao
de mao de obra de apoio as atividades operacionais e administrativas, de carater subsidiario (operador
de maquinas agricolas e de terraplanagem, motorista - CNH categoria ""D"", carregador/estiva, tratador
de animais, vaqueiro, tratador de animais para piscicultura, auxiliar de jardinagem), para atender as
necessidades da jurisdicionada, conforme especificacoes e condicoes estabelecidas no termo de
referencia e demais anexos que integram o edital. DECISAO No 2188/2019 - O Tribunal, por
unanimidade, de acordo com o voto do Relator, decidiu: I - tomar conhecimento do edital do Pregao
Eletronico no 06/19 elaborado pela Secretaria de Estado de Agricultura, Abastecimento e
Desenvolvimento Rural do Distrito Federal - SEAGRI/DF (e-doc 5D920DB3-e) e do Processo SEI no
00070-00000277/2019-08 (e-doc 2E63CFFB-e); II - determinar a Secretaria de Estado de Agricultura,
Abastecimento e Desenvolvimento Rural do Distrito Federal - SEAGRI/DF, com fulcro no art. 277 do
RI do TCDF, que suspenda o referido certame ate a correcao das seguintes falhas: a) inobservancia
da limitacao do indice de encargos sociais ao percentual de 72,91%, conforme estipulado por este
Tribunal por meio das Decisoes nos 2.082/19, 3.424/18 e 157/18; b) ausencia da cota reservada as
entidades preferenciais de ate 25% do montante licitado, em cumprimento ao estabelecido no art. 48,
inciso III, da Lei Complementar n.o 123/06, c/c o art. 23 da Lei Distrital n.o 4.611/11 e no art. 8o
do Decreto Distrital n.o 35.592/14 consolidado com as Decisoes 1578/19, 24/19 e 5961/18; III - alertar
a Secretaria de Estado de Agricultura, Abastecimento e Desenvolvimento Rural do Distrito Federal -
SEAGRI/DF para que, caso entenda por manter o texto original do edital, deixando de promover a
alteracao acima determinada, encaminh",N�o Identificado
4,84942956-84942978,"lusive as
cartorarias e os impostos, precos publicos ou taxas incidentes, em conformidade com o contido no topico
75.2 do aludido Edital. O nao atendimento as citadas exigencias, dentro dos prazos ja estipulados importara
no desfazimento do negocio com a consequente aplicacao da penalidade prevista no topico 75.2.1 do
Edital. Esclarece-se ainda, aos interessados, que, de acordo com o contido no topico 51 do Edital, nao
cabera recurso quanto a presente homologacao.
BRUNO CESAR SANTANA DE MENESES
Presidente da Comissao
AVISO DE INTERPOSICAO DE RECURSO DE DIREITO DE PREFERENCIA
E ABERTURA DE PRAZO PARA APRESENTACAO DE CONTRARRAZOES
EDITAL No 06/2019-IMOVEIS
A COMPANHIA IMOBILIARIA DE BRASILIA-TERRACAP, Empresa Publica vinculada a Secretaria de
Estado de Desenvolvimento Economico - SDE, por meio de sua Comissao Permanente de Licitacao de
Imoveis - COPLI, torna publico aos interessados que o licitante CESAR LEANDRO DE ARAUJO
(Proposta de Compra no 1003787) interpos recurso solicitando o reconhecimento do direito de preferencia
na compra do imovel objeto do ITEM 84. Dessa forma, fica a licitante WL CARROCERIAS LTDA
(Proposta de Compra no 5005387) convocada para que, caso queira, no prazo de 5 (cinco) dias uteis,
apresente contrarrazoes ao recurso interposto pelo licitante recorrente.
BRUNO CESAR SANTANA DE MENESES
Presidente da Comissao
SECRETARIA DE ESTADO DE AGRICULTURA,
ABASTECIMENTO E DESENVOLVIMENTO RURAL
GERENCIA DE LICITACAO
AVISO DE REABERTURA DE LICITACAO (UASG) 926523
PREGAO ELETRONICO (SRP) No 06/2019
A SECRETARIA DE ESTADO DA AGRICULTURA, ABASTECIMENTO E DESENVOLVIMENTO
RURAL DO DISTRITO FEDERAL - SEAGRI/,DF, torna publico, que apos a insercao de itens destinados
as entidades preferenciais amparadas pela Lei no 123/2006 no presente Edital, realiza a reabertura da
licitacao do tipo (SRP), no 06/2019, MENOR PRECO GLOBAL, na modalidade de PREGAO na forma
ELETRONICA, com nova previsao de abertura do certame para 22/07/2019, 09h00min, horario de
Brasilia, Processo 00070-00000277/2019-08 (SEI).OBJETO: Contratacao, por meio do Sistema de Registro
de Precos, de empresa especializada na prestacao de servicos continuados de terceirizacao de mao-de-obra
de apoio as atividades operacionais e administrativas, de carater subsidiario (operador de maquinas
agricolas e de terraplanagem, motorista - CNH categoria ""D"", carregador/estiva, tratador de animais,
vaqueiro, tratador de animais para piscicultura, auxiliar de jardinagem), para atender a Secretaria de Estado
da Agricultura, Abastecimento e Desenvolvimento Rural do DF, conforme quantitativos e especificacoes
contidas no Termo de Referencia e demais Anexos que integram o edital, com novo valor Total estimado
de R$ 7.249.367,16, (sete milhoes duzentos e quarenta e nove mil, trezentos e sessenta e sete reais e
dezesseis centavos). O novo Edital podera ser retirado a partir da sua publicacao no endereco:
www.comprasgovernamentais.gov.br. e portal da SEAGRI/DF, ""Edital"".
Brasilia/DF, 08 de julho de 2019
NATANAEL FELIX DOS SANTOS",AVISO DE REABERTURA DE LICITACAO
5,91313812-91313834," acontecera no dia 25 de julho de 2019, as 15 horas, na Secretaria de
Estado de Desenvolvimento Economico, localizada no SCN Quadra 02 Bloco C Lote 900, para
discussao acerca das definicoes das diretrizes da Programacao do Fundo Constitucional de
Financiamento do Centro-Oeste - FCO para o ano de 2020.
RUY COUTINHO DO NASCIMENTO
Secretario de Estado
C o o r d e n a d o r- E x e c u t i v o
CONVOCACAO ORDINARIA
O Coordenador-Executivo do Comite de Financiamento a Atividade Produtiva do Distrito Federal -
COFAP/DF, instituido por meio do Decreto no 24.353, de 08 de janeiro de 2004, alterado pelo Decreto no
33.678, de 24 de maio de 2012, do Decreto no 25.008, de 01 de setembro de 2004, no uso das atribuicoes
que lhe confere os arts. 4o e 5o do Decreto no 29.030/2008 - Regimento Interno do COFAP, resolve:
Convocar os membros do Conselho de Financiamento a Atividade Produtiva - COFAP para a 215a
Reuniao Ordinaria, que acontecera no dia 30 de julho de 2019, as 15 horas, na Secretaria de Estado
de Desenvolvimento Economico, localizada no SCN Quadra 02 Bloco C Lote 900, com o fim de
deliberacao de processos de solicitacao de financiamento com recursos do Fundo Constitucional de
Financiamento do Centro-Oeste - FCO, visando a relatoria e anuencia das cartas consultas
apresentadas e deliberar sobre outros assuntos que venham a ser apresentados pelos Conselheiros.
Nos termos do caput do artigo 1o do Regimento Interno do COFAP e considerando a relevancia da
materia e o parecer tecnico inserido nos processos, o voto de anuencia de cada relator podera ser
anuido na propria reuniao.
RUY COUTINHO DO NASCIMENTO
Secretario de Estado
C o o r d e n a d o r- E x e c u t i v o
SECRETARIA DE ESTADO DE AGRICULTURA,
ABASTECIMENTO E DESENVOLVIMENTO RURAL
GERENCIA DE LICITACAO
2o AVISO DE ALTERACAO DO PE (SRP) No 06/2019 -
CONTRATACAO DE SERVICOS TERCEIRIZADOS.
Considerando a necessidade de ajustes no Termo de Referencia, fica alterado a abertura do certame PE
(SRP) no 06/2019, Processo SEI No 00070-00000277/2019-08, para 05/08/2019, com o prazo minimo de
08 (oito) dias uteis para oferecimento de novas propostas.
Brasilia/DF, 19 de julho de 2019.
NATANAEL FELIX DOS SANTOS
Pregoeiro
CENTRAL DE ABASTECIMENTO DE BRASILIA
EXTRATO DE TERMO ADITIVO
Especie: Primeiro termo aditivo ao contrato administrativo n 08/2018 - Celebrado entre as CEASA/DF e
a empresa NEO CONSULTORIA E ADMINISTRACAO DE BENEFICIOS EIRELI. Processo: 0071-
000181/2017. Data de assinatura: 17 de julho de 2019. Objeto: o presente Termo Aditivo tem por objeto
a prorrogacao do prazo de vigencia do contrato de prestacao de servicos no. 08/2018 por mais 12 (doze)
meses, conforme proposta final anexa aos autos, aonde concordam com a diminuicao da taxa
administrativa praticada hoje de 1,33% para 1%, termos contados a partir do dia 17 de julho de 2019.
Assinaturas: pela CEASA/DF: Wilder da Silva Santos (Presidente), pela Empresa NEO CONSULTORIA:
Julio Cesar Miranda (Representante legal).
SECRETARIA DE ESTADO DE SEGURANCA PUBLICA
POLICIA MILI",2o AVISO DE ALTERACAO DO PE
6,107170235-107170257,"tocolo, copias autenticadas em cartorio dos
documentos citados no artigo 30 da Resolucao-Conad/Terracap no 238.
Brasilia/DF, 22 de agosto de 2019
LEONARDO MUNDIM
Diretor
SECRETARIA DE ESTADO DE COMUNICACAO
COMISSAO ESPECIAL DE LICITACAO
AVISO DE ERRATA No 2 AO EDITAL DA CONCORRENCIA No 2/2019
A Secretaria de Estado de Comunicacao do Distrito Federal-SECOM/DF, por intermedio da Comissao
Especial de Licitacao-CEL, constituida por meio da Portaria-SECOM/DF n.o 29, de 5 de junho de
2019, publicada no DODF n.o 107 de 7 de junho de 2019 pagina 37, para processar e julgar a
Concorrencia em acima referenciada, torna publico a presente errata ao Edital de Licitacao, nos
seguintes termos:
1. Excluidos os termos constantes dos itens 11.1.11.1 e 11.1.11.1.1 - Obrigacoes da Contratada e do
Contratante do Anexo I do Edital.
2. A alteracao acima descrita foi efetivada em virtude dos servicos complementares nao constituirem
parte do objeto do certame, e como nao afeta a formulacao das propostas, fica mantida a data de
abertura da Concorrencia em epigrafe permanecendo inalteradas as demais disposicoes do edital.
3.  O  edital  retificado Edital  podera  ser  retirado  por  meio do  endereco  eletronico:
http://www.comunicacao.df.gov.br/ ou no Protocolo da Secretaria de Estado de Comunicacao do
Distrito Federal, situado na Praca do Buriti, Anexo do Palacio do Buriti, 16o andar, sala 1610 -
Brasilia/DF - CEP: 70.075.900, telefone: 0xx (61) 3961.4509, nos dias uteis, de 08:00 as 12:00h e
das 14:00 as 17:30h.
Brasilia/DF, 26 de agosto de 2019
FABIO PAIXAO DE AZEVEDO
Presidente da Comissao
SECRETARIA DE ESTADO DE AGRICULTURA,
ABASTECIMENTO E DESENVOLVIMENTO RURAL
GERENCIA DE LICITACOES
AVISO DE RESULTADO E ADJUDICACAO PARCIAL
PREGAO ELETRONICO (SRP) No 6/2019- (UASG: 926523)
A Secretaria de Estado da Agricultura, Abastecimento e Desenvolvimento Rural do DF- SEAGRI-DF
comunica aos interessados que, apos abertura do Pregao Eletronico (SRP) no 06/2019, em 05/08/2019 as
09:00hs, Processo no 00070-00000277/2019-08 (SEI), que tem por objeto a contratacao, por meio do
Sistema de Registro de Precos, de empresa especializada na prestacao de servicos continuados de
terceirizacao de mao-de-obra de apoio as atividades operacionais e administrativas, de carater subsidiario
(operador de maquinas agricolas e de terraplanagem, motorista - CNH categoria ""D"", carregador/estiva,
tratador de animais, vaqueiro, tratador de animais para piscicultura, auxiliar de jardinagem), para atender
a Secretaria de Estado da Agricultura, Abastecimento e Desenvolvimento Rural do DF, conforme
descricao, caracteristicas, prazos, condicoes e demais obrigacoes e informacoes constantes dos Anexos do
Edital, sagrou-se vencedora para o Grupo 2, a Empresa, G.S.I - SERVICOS ESPECIALIZADOS LTDA,
CNPJ: 15.219.654/0001-88, com o melhor valor Global negociado de R$ 1.520.856,00, (um milhao
quinhentos e vinte mil e oitocentos e cinquenta e seis reais), ficando o Grupo 1, aguardando recurso para
decisao. A ata e o termo de adjudicacao do ",AVISO DE RESULTADO E ADJUDICACAO PARCIAL
7,107754720-107754742,"ecnologia da Informacao e Comunicacoes
(TIC), compreendendo suporte tecnico ao usuario, planejamento, administracao de dados, implantacao e
execucao continuada de servicos relacionados a operacao, monitoramento e suporte de infraestrutura de
TIC, visando prorrogar o prazo de vigencia contratual; EMBASAMENTO LEGAL: conforme Decisao no
396, da Diretoria Colegiada da TERRACAP, em sua 3358a Sessao, realizada em 14/08/2019; DATA DE
ASSINATURA: 26/08/2019; VIGENCIA: Ate 31/08/2020; PRAZO DE EXECUCAO: Ocorrera no periodo
de vigencia; VALOR: R$ 1.369.998.84 (um milhao trezentos e sessenta e nove mil novecentos e noventa
e oito reais e oitenta e quatro centavos); DOTACAO ORCAMENTARIA: Programa de Trabalho
23.126.6001.2557.5183 - GESTAO DA INFORMACAO E DOS SISTEMAS DE TECNOLOGIA DA
INFORMACAO, Elemento de Despesa 3390.39 - Outros servicos de terceiros - Pessoa Juridica.;
DESPESAS DE PUBLICACAO: Correrao sob a responsabilidade da TERRACAP; P/CON T R ATA N T E :
Gilberto Magalhaes Occhi, Edward Johnson Goncalves de Abrantes; P/CONTRATADA: Marcelo Von
Collen Muller; TESTEMUNHAS: Vanda Maria Costa e Bruno da Silva Santos.
PAGINA 50
No 163, quarta-feira, 28 de agosto de 2019
Diario Oficial do Distrito Federal
Este documento pode ser verificado no endereco eletronico h t t p : / / w w w. i n . g o v. b r / a u t e n t i c i d a d e . h t m l
pelo codigo 50012019082800050
Documento assinado digitalmente conforme MP no 2.200-2 de 24/08/2001, que institui a
Infraestrutura de Chaves Publicas Brasileira - ICP-Brasil.
SUBSECRETARIA DE ADMINISTRACAO GERAL
AVISO DE HOMOLOGACAO PARCIAL DO
PREGAO ELETRONICO (SRP) No 6/2019
(UASG: 926523)
O Subsecretario de Administracao Geral da Secretaria de Estado da Agricultura, Abastecimento e
Desenvolvimento Rural do DF- SEAGRI-DF comunica aos interessados que HOMOLOGA o resultado
relativamente aos itens do Grupo/Lote II, referente a cota reservada para microempresas e empresas de pequeno
porte do Pregao Eletronico (SRP) no 06/2019, Processo SEI-GDF no 00070-00000277/2019-08, que tem por
objeto a contratacao, por meio de Sistema Registro Precos de empresa especializada na prestacao de servicos
continuados de terceirizacao de mao-de-obra de apoio as atividades operacionais e administrativas, de carater
subsidiario (operador de maquinas agricolas e de terraplanagem, motorista - CNH CATEGORIA ""D"",
carregador/estiva, tratador de animais, vaqueiro, tratador de animais para piscicultura, auxiliar de jardinagem),
para atender a Secretaria de Estado da Agricultura, Abastecimento e Desenvolvimento Rural do Distrito
Federal, conforme descricao, caracteristicas , prazos, condicoes e demais obrigacoes e informacoes constantes
dos anexos do Edital, no qual sagrou-se vencedora para o Grupo II a Empresa G.S.I - Servicos Especializados
LTDA, CNPJ: 15.219.654/0001-88, com o melhor valor global negociado de R$ 1.520.856,00 (um milhao
quinhentos e vinte mil e oitocentos e cinquenta e seis reais), ficando o Grupo I em aguardo da apresentacao de
recurso, nos termos do art. 26",AVISO DE HOMOLOGACAO PARCIAL DO PREGAO ELETRONICO
8,108742876-108742898,"entares poderao ser
obtidas pelos telefones: (061) 3342.2013, 3342.2525, ou pessoalmente na Sede da TERRACAP no
horario das 7 h as 19h.
Brasilia/DF, 29 de agosto de 2019
BRUNO CESAR SANTANA DE MENESES
Presidente da Comissao
COMISSAO DE LICITACAO PARA COMPRA DE BENS, SERVICOS E OBRAS
AVISO ABERTURA DE LICITACAO
O Presidente da Comissao de Licitacao para Compra de Bens, Servicos e Obras - C P L I C / T E R R A C A P,
no uso das atribuicoes que lhe confere a Portaria no 105/2018-PRESI, comunica a realizacao do
seguinte certame.
. Processo: 0 0 111 - 0 0 0 0 1 0 4 1 0 / 2 0 1 8 - 9 4
. Modalidade/numero: Licitacao Presencial no 10/2019
. Ti p o : Menor Preco
. Objeto: Contratacao da Construcao de rede aerea de distribuicao
primaria (AT) compacta para implantacao de infraestrutura
de energia eletrica na SQNW 102, projecao B; SQNW 106,
projecao A; SQNW 307, projecao G; e SQNW 109,
projecao K, no Setor de Habitacoes Coletivas Noroeste,
Plano Piloto / RA-I - Distrito Federal. A rede de
distribuicao de energia eletrica a ser construida ira atender
4 (quatro) Projecoes cuja destinacao de uso e Residencial
M u l t i f a m i l i a r.
. Valor estimado (R$): O valor estimado e sigiloso nos termos do Art. 34 da Lei
no 13.303/2016.
. Data/hora de abertura: 26/09/2019, as 10:00 horas
. Retirada do  Edital e
anexos:
Gratuitamente no sitio da Terracap www.terracap.df.gov.br,
na secao licitacoes compras/servicos.
Brasilia/DF, 29 de agosto de 2018
GLAUBER TEODORO FARIA
No 165, sexta-feira, 30 de agosto de 2019
PAGINA 43
Diario Oficial do Distrito Federal
Este documento pode ser verificado no endereco eletronico h t t p : / / w w w. i n . g o v. b r / a u t e n t i c i d a d e . h t m l
pelo codigo 50012019083000043
Documento assinado digitalmente conforme MP no 2.200-2 de 24/08/2001, que institui a
Infraestrutura de Chaves Publicas Brasileira - ICP-Brasil.
SECRETARIA DE ESTADO DE AGRICULTURA,
ABASTECIMENTO E DESENVOLVIMENTO RURAL
EXTRATO DA ATA DE REGISTRO DE PRECOS No 4/2019
Processo: 00070-00000277/2019-08, Pregao Eletronico n.o 006/2019, HOMOLOGADO relativamente ao
Grupo/Lote II, referente a cota reservada para microempresas e empresas de pequeno porte em 27 de
agosto de 2019, objeto: contratacao, por meio de Sistema Registro Precos de empresa especializada na
prestacao de servicos continuados de terceirizacao de mao-de-obra de apoio as atividades operacionais e
administrativas, de carater subsidiario (operador de maquinas agricolas e de terraplanagem, motorista -
CNH CATEGORIA ""D"", carregador/estiva, tratador de animais, vaqueiro, tratador de animais para
piscicultura, auxiliar de jardinagem), para atender a Secretaria de Estado da Agricultura, Abastecimento e
Desenvolvimento Rural do Distrito Federal, conforme descricao, caracteristicas , prazos, condicoes e
demais obrigacoes e informacoes constantes dos anexos do Edital. Assinatura da Ata: 29/08/2019.
Vigencia: 12 meses a contar da publicacao no D.O.D.F. Empresas adjudicadas e itens homologados, ora
signatarias do registro de precos",EXTRATO DA ATA DE REGISTRO DE PRECOS
9,116371760-116371782,"desdobramento, valor da infracao e data de vencimento da
notificacao (data limite).
ELCY OZORIO DOS SANTOS
Superintendente De Transito
SECRETARIA DE ESTADO DE
DESENVOLVIMENTO ECONOMICO
COMPANHIA IMOBILIARIA DE BRASILIA
AGENCIA DE DESENVOLVIMENTO DO DISTRITO FEDERAL
EXTRATO DE INSTRUMENTO CONTRATUAL
PROCESSO: 111.000.280/2017; ESPECIE: 3o Termo Aditivo ao Contrato no 66/2017, Publicado em
31/08/2017; CONTRATANTES: COMPANHIA IMOBILIARIA DE BRASILIA - TERRACAP e N O RT E
LOCADORA DE VEICULOS EIRELI; OBJETO: Prorrogar o prazo de vigencia contratual, bem como
definir valores a serem pagos pela TERRACAP, a titulo de franquias oriundas de sinistros;
EMBASAMENTO LEGAL: Conforme Decisao no 064/2019, do Diretor de Administracao e Financas,
datada de 22/08/2019, considerando o Parecer no 203/2016-ACJUR, Despacho no 048/2019-NUTAN, nos
termos da Norma Organizacional no 4.2.2-A; DATA DE ASSINATURA: 30/08/2019; VIGENCIA: Ate
31/08/2020; PRAZO DE EXECUCAO: 12 meses; VALOR: R$_308.772,00 (trezentos e oito mil e
setecentos e setenta e dois reais); DOTACAO ORCAMENTARIA: Programa de Trabalho
23.122.6001.8517.9763 - Manutencao de Servicos Administrativos Gerais da TERRACAP, Elemento de
Despesa 3390.39; DESPESAS DE PUBLICACAO: Correrao sob a responsabilidade da TERRACAP;
P/CONTRATANTE: Gilberto Magalhaes Occhi e Edward Johnson Goncalves de Abrantes;
P/CONTRATADA: Andrea Mazzariol Baptista; TESTEMUNHAS: Leandro do Carmo Cruz e Francisca
Ferreira de Sena Oliveira.
SECRETARIA DE ESTADO DE AGRICULTURA,
ABASTECIMENTO E DESENVOLVIMENTO RURAL
SUBSECRETARIA DE ADMINISTRACAO GERAL
AVISO DE ADJUDICACAO E HOMOLOGACAO
PREGAO ELETRONICO (SRP) No 06/2019 (UASG: 926523)
O Subsecretario de Administracao Geral da Secretaria de Estado da Agricultura, Abastecimento e
Desenvolvimento Rural do DF- SEAGRI-DF comunica aos interessados que ADJUDICA o objeto e
HOMOLOGA o resultado relativamente aos itens do Grupo/Lote I, referente a parcela de ampla
concorrencia do Pregao Eletronico (SRP) no 06/2019, Processo: 00070-00000277/2019-08, que tem por
objeto a contratacao, por meio de Sistema Registro Precos de empresa especializada na prestacao de
servicos continuados de terceirizacao de mao-de-obra de apoio as atividades operacionais e administrativas,
de carater subsidiario (operador de maquinas agricolas e de terraplanagem, motorista -CNH CATEGORIA
""D"", carregador/estiva, tratador de animais, vaqueiro, tratador de animais para piscicultura, auxiliar de
jardinagem), para atender a Secretaria de Estado da Agricultura, Abastecimento e Desenvolvimento Rural
do Distrito Federal, conforme descricao, caracteristicas , prazos, condicoes e demais obrigacoes e
informacoes constantes dos anexos do Edital, no qual sagrou-se vencedora para o Grupo I a Empresa R7
Facilities - Servicos de Engenharia - Eireli, CNPJ: 11.162.311/0001- 73, com o melhor valor global
negociado de R$ 5.691.356,38 (cinco milhoes, seiscentos e noventa e um mil trezentos e cinquenta e seis
reais e trinta e oito centavos). A ata e os termos de homologacao e",AVISO DE ADJUDICACAO E HOMOLOGACAO
10,116985878-116985900,"UTORIZANTE: Gilberto Magalhaes Occhi e
Edward Johnson Goncalves de Abrantes; P/AUTORIZADA: Raul Mendes Jorge Neto; TESTEMUNHAS:
Leandro do Carmo Cruz e Francisca Ferreira de Sena Oliveira.
Processo: 00111-00006175/2019-37; Especie: Contrato no 35/2019; Contratantes: COMPANHIA
IMOBILIARIA DE BRASILIA - TERRACAP e CEB DISTRIBUICAO S/A; OBJETO: Execucao das
obras de extensao da rede de baixa tensao e substituicao do transformador existente por um de maior
potencia na Comunidade Indigena Kariri-Xoco, nas proximidades da quadra SQNW 309 do Setor de
Habitacoes Coletivas Noroeste, Plano Piloto / RA-I - Distrito Federal; EMBASAMENTO LEGAL: Com
Dispensa de Licitacao, em conformidade com a Decisao no 075/2019, datada de 16/07/2019, do Diretor
Tecnico, que autorizou  a contratacao direta, com base no  Parecer no 136/2019 -
TERRACAP/PRESI/DIJUR/COJUR, datado de 15/07/2019, de acordo com o art. 29, Inciso I, da Lei no
13.303/2016 e art. 102, inciso I, da Resolucao no 250/2018-CONAD/TERRACAP, com amparo no Artigo
41, Inciso ""I"" do Estatuto Social da TERRACAP, e item 6.1.2.1 da Norma Organizacional no 4.2.2-A;
VALOR: R$ 9.648,15 ( nove mil, seiscentos e quarenta e oito reais e quinze centavos); DOTACAO
ORCAMENTARIA: Programa de Trabalho 23.451.6210.5006.2917 - Execucao de Infraestrutura em
Parcelamentos no DF, Elemento 4490.51 - Obras e Instalacoes; VIGENCIA: De 10/09/2019 a
10/03/2020; PRAZO DE EXECUCAO: 02 (dois) meses, contados a partir emissao da Ordem de Servico
pelo titular da Diretoria Tecnica da TERRACAP; DESPESAS DE PUBLICACAO: Correrao sob a
responsabilidade da TERRACAP; DATA DE ASSINATURA: 10/09/2019; P/CONTRATANTE: Gilberto
Magalhaes Occhi, Edward Johnson Goncalves de Abrantes e Carlos Antonio Leal; P/CONTRATADA:
Edison Antonio Costa Britto Garcia e Fabiano Cardoso Pinto; TESTEMUNHAS: Leandro do Carmo
Cruz e Vanda Maria Costa.
SECRETARIA DE ESTADO DE AGRICULTURA,
ABASTECIMENTO E DESENVOLVIMENTO RURAL
EXTRATO DA ATA DE REGISTRO DE PRECOS No 005/2019-SEAGRI/DF
Processo: 00070-00000277/2019-08, Pregao Eletronico n.o 006/2019, HOMOLOGADO relativamente ao
Grupo/Lote I, referente a parcela de ampla concorrencia, em 10 de setembro de 2019, objeto: contratacao,
por meio de Sistema Registro Precos de empresa especializada na prestacao de servicos continuados de
terceirizacao de mao-de-obra de apoio as atividades operacionais e administrativas, de carater subsidiario
(operador de maquinas agricolas e de terraplanagem, motorista - CNH CATEGORIA ""D"",
carregador/estiva, tratador de animais, vaqueiro, tratador de animais para piscicultura, auxiliar de
jardinagem, encarregado geral), para atender a Secretaria de Estado da Agricultura, Abastecimento e
Desenvolvimento Rural do Distrito Federal, conforme descricao, caracteristicas , prazos, condicoes e
demais obrigacoes e informacoes constantes dos anexos do Edital. Assinatura da Ata: 12/09/2019.
Vigencia: 12 meses a contar da data de assinatura. Empresas adjudicadas e itens homologados, ora
signatarias do registro de precos: R7 Facilitie",EXTRATO DA ATA DE REGISTRO DE PRECOS
