,local,text,
0,131153627-131153649,"0091 e 400099, na modalidade Ordinario. Unidade Orcamentaria: 14101,
Programa de Trabalho: 20.606.6207.3467.9557, Natureza da Despesa 449052, Fonte de Recurso:
732016749 e 100000000. Prazo de Vigencia: O contrato tera vigencia desde a sua assinatura por ate 12
meses. Data de assinatura: 11/10/2019. Signatarios: Pela SEAGRI/DF: DILSON RESENDE DE
ALMEIDA, na qualidade de Secretario de Estado. Pela contratada: ADRIANA DO CARMO DE
SOUSA, na qualidade Representante Legal.
RATIFICACAO DE DISPENSA DE LICITACAO
Processo: 00070-00006871/2019-02. Interessado: Fundacao de Amparo ao Trabalhador Preso do Distrito
Federal - FUNAP/DF. Assunto: Dispensa de Licitacao. Tendo em vista o disposto no art. 26 da Lei
Federal no 8.666/93, combinado com o artigo 24, XIII, do citado diploma legal, RATIFICO a dispensa
de licitacao, em favor da FUNDACAO DE AMPARO AO TRABALHADOR PRESO DO DISTRITO
FEDERAL - FUNAP, para prestacao de servicos mediante o fornecimento de mao de obra de ate 10
(dez) sentenciados do Sistema Penitenciario do Distrito Federal, para esta Secretaria de Estado da
Agricultura, Abastecimento e Desenvolvimento Rural, para a execucao dos servicos de repografia;
entrega de documentos; auxilio a organizacao de arquivos; manutencao e conservacao predial;
manutencao e recuperacao de bens moveis; manutencao de veiculos; reciclagem de papel; recolhimento
de bens inserviveis; transporte de materiais; copeira; servicos gerais; manutencao, conservacao,
preservacao e acoes preventivas de preservacao de areas publicas, no valor estimado em R$ 189.049,20
(cento e oitenta e nove mil quarenta e nove reais e vinte centavos), por 12 meses, conforme os elementos
constantes dos autos em epigrafe. Publique-se e retornem os autos a Subsecretaria de Administracao
Geral, para providencias. Em 10 de outubro de 2019. DILSON RESENDE DE ALMEIDA, Secretario de
Estado.
EMPRESA DE ASSISTENCIA TECNICA E EXTENSAO
RURAL DO DISTRITO FEDERAL
AVISO DE ABERTURA DE LICITACAO
PREGAO ELETRONICO No 14/2019
Processo 00072-00002645/2019-98. Tipo: Menor Preco global. Objeto: 1.1. Aquisicao de calhas para
canalizacao de agua da chuva, caixa de agua da chuva, tubos e outros visando atender as necessidades da
Gerencia de Desenvolvimento Agropecuario. 1.2. Tendo em vista a necessidade de manter uma
padronizacao entre os itens, ou seja, tubos, joelhos e demais elementos serem da mesma marca, pois a
diversificacao de marcas ocasiona a incompatibilidade de encaixe umas nas outras, ainda, considerando a
necessidade da Emater-DF em receber um produto instalado e pronto para o uso a licitacao sera composta
por 1 (um) unico grupo. Valor estimado R$ 520.042,50 (quinhentos e vinte mil quarenta e dois reais e
cinquenta centavos). Programa de Trabalho: 20.606.6207.2173.0007 (EPI). Fonte: 100. Prazo de entrega:
Conforme Termo de Referencia. Recebimento das Propostas: ate 24/10/2019 as 14h00min no endereco
eletronico www.comprasnet.gov.br UASG 926241. Data da Sessao Publica: 24/10/2019 as 14h01min.
Edital disponivel no endereco descrito ",AVISO DE ABERTURA DE LICITACAO
1,158475248-158475270,"rsos terrenos de propriedade do Governo do Distrito Federal, visando subsidiar a
elaboracao de projetos de fundacoes para edificacoes voltadas para a area rural e/ou para a manutencao dos
proprios da SEAGRI, sobretudo nas Regioes Administrativas de Brazlandia, Lago Norte, Paranoa,
Planaltina, Plano Piloto (Asa Norte) e Sao Sebastiao, para fins de correcao da forma de apresentacao dos
precos em termo de referencia, para que seja possivel aos licitantes incluir nos precos ofertados todos os
custos necessarios a execucao do servicos.
EDILENE DIAS CERQUEIRA
Pregoeira
CENTRAIS DE ABASTECIMENTO DO DISTRITO FEDERAL
NOTIFICACAO
O PRESIDENTE DA CENTRAIS DE ABASTECIMENTO DO DISTRITO FEDERAL S.A., no uso de
suas atribuicoes que lhe sao conferidas pelo Regimento Interno e conforme o Artigo 24, inciso IV do
Estatuto Social, resolve: As CENTRAIS DE ABASTECIMENTO DO DISTRITO FEDERAL S/A -
CEASA/DF, Sociedade de Economia Mista Distrital, criada pela Lei no 5.691/1971, amparada pela Lei no
13.303/2016, inscrita no CNPJ/MF sob o no 00.314.310/0001-80, com sede no SIA Sul - Quadra 10, lote
05, em Brasilia-DF, NOTIFICA a empresa FORTALEZA NORTE SUPERMERCADOS LTDA, (CNPJ/MF
no 12.972.522/0001-34), de que a CEASA indefere os pedidos de reconsideracao (para cada processo)
acerca da desocupacao dos imoveis. Informa-se ainda que o prazo para a desocupacao dos imoveis, todos
do pavilhao B14, nesta CEASA-DF, referente aos processos administrativos elencados abaixo, e de 5
(cinco) dias corridos, contados desta publicacao:
PROCESSOS ADMINISTRATIVOS SEI:
1) No 0071000266/2012 (box 08)
2) No 0071000302/2012 (box 10)
3) No 0071000317/2012 (box 12)
4) No 0071000347/2012 (box 14)
5) No 0071000349/2012 (box 16)
6) No 0071000350/2012 (box 18)
7) No 0071000352/2012 (box 20)
8) No 0071000384/2012 (box 22)
Brasilia/DF, 12 de dezembro de 2019
WILDER DA SILVA SANTOS
EMPRESA DE ASSISTENCIA TECNICA E EXTENSAO RURAL
DO DISTRITO FEDERAL
AVISO DE ADJUDICACAO E HOMOLOGACAO
PREGAO ELETRONICO No 014/2019
Processo:00072-00002645/2019-98. Objeto: Pregao Eletronico - Pregao Eletronico - Aquisicao de
materiais para sistema de captacao de agua de chuva e sistema de irrigacao, visando atender as
necessidades do Programa de Agricultura Urbana, da Gerencia de Desenvolvimento Agropecuario da
EMATER-DF, conforme especificacoes constantes do Termo de Referencia, anexo I do Edital. A
EMATER-DF informa a ADJUDICACAO e HOMOLOGACAO final do certame, com fulcro no Decreto
no 5.450/2005, de 31/05/2005, Grupo I - BAKOF PLASTICOS LTDA, CNPJ 91.967.067/0001-55, no valor
total de R$ 520.042,50 (quinhentos e vinte mil e quarenta e dois reais e cinquenta centavos). Assina: Joao
de Deus Abreu Soares - Pregoeiro.
SECRETARIA DE ESTADO DE CIENCIA,
TECNOLOGIA E INOVACAO
FUNDACAO DE APOIO A PESQUISA DO DISTRITO FEDERAL
EXTRATOS DOS TERMOS DE OUTORGA E ACEITACAO
DE APOIO FINANCEIRO
EDITAL 03/2018 - SELECAO PUBLICA DE PROPOSTAS DE PESQUISA CIENTIFICA,
TECNOLOGICA E INOVACAO DEMANDA ESPONTANEA
Processo: 00193-00000101/2019-42 Especie: Termo de Out",AVISO DE ADJUDICACAO E HOMOLOGACAO
2,161718049-161718071,"E ESTADO DA AGRICU LT U R A ,
ABASTECIMENTO E DESENVOLVIMENTO RURAL DO DISTRITO FEDERAL - SEAGRI/DF e
SECRETARIA DE ESTADO DE SAUDE DO DISTRITO FEDERAL. Objeto: presente Termo tem por
objeto, nos termos da Portaria Conjunta no 01, de 09 de abril de 2019, a cessao de uso de bens a Secretaria
de Saude do Distrito Federal, para a execucao das atividades de monitoramento da qualidade fisico-
quimica e microbiologica das amostras de agua e de alimentos de origem animal, vegetal e de
microrganismos enviadas pela SEAGRI-DF. Prazo de Vigencia: tera vigencia 12 (doze) meses, a contar da
data da assinatura. Data de Assinatura: 18/12/2019. Signatarios: Pela SEAGRI/DF: DILSON RESENDE
DE ALMEIDA, na qualidade de Secretario de Estado. Pela SECRETARIA DE ESTADO DE SAUDE DO
DISTRITO FEDERAL: OSNEI OKUMOTO, na qualidade de Secretario de Estado.
SUBSECRETARIA DE ADMINISTRACAO GERAL
AVISO DE HOMOLOGACAO
PREGAO ELETRONICO (SRP) No 11/2019 - (UASG: 926523)
O Subsecretario de Administracao Geral da Secretaria de Estado da Agricultura, Abastecimento e
Desenvolvimento Rural do DF - SEAGRI-DF comunica aos interessados que HOMOLOGA o resultado do
Pregao Eletronico no 11/2019, ocorrido em 11/12/2019, Processo no 00070-00006432/2019-91 (SEI), Objeto:
Aquisicao de veiculos de passeio com motor 1.0 para serem utilizados pela Diretoria de Inspecao de Produtos de
Origem Vegetal e Animal - DIPOVA da SEAGRI/DF, conforme descricao, caracteristicas, prazos, condicoes e
demais obrigacoes e informacoes constantes dos Anexos do Edital, no qual sagrou-se vencedora a empresa
AMORIM E ALVES COMERCIO DE VEICULOS LTDA - CNPJ: 12.661.958/0001-02, com o menor valor
total de R$ 93.700,00 (noventa e tres mil e setecentos reais). A ata e o termo de homologacao do pregao poderao
ser visualizados nos sites www.comprasgovernamentais.gov.br e no portal w w w. a g r i c u l t u r a . d f . g o v. b r.
ROSSI DA SILVA ARAUJO
EMPRESA DE ASSISTENCIA TECNICA E EXTENSAO RURAL
DO DISTRITO FEDERAL
EXTRATO CONTRATUAL
Processo: 00072-00002645/2019-98. Instrumento: Contrato no 031/2019-GCONV, Aquisicao de calhas para
canalizacao de agua da chuva, caixa de agua da chuva, tubos e outros visando atender as necessidades da
Gerencia de Desenvolvimento Agropecuario. Partes: EMPRESA DE ASSISTENCIA TECNICA E
EXTENSAO RURAL DO DISTRITO FEDERAL - EMATER-DF e a Empresa BAKOF PLASTICOS
LTDA. Objeto: Aquisicao de calhas para canalizacao de agua da chuva, caixa de agua da chuva, tubos e
outros visando atender as necessidades da Gerencia de Desenvolvimento Agropecuario. Dotacao
Orcamentaria: Unidade Orcamentaria: 14203; Programa de Trabalho: 20.606.6207.2173.0007 e
20.606.6207.2173.0008; Projeto/Atividade/Denominacao: Prestacao de Servico de Assistencia Tecnica e
Extensao Rural - Apoio a Realizacao de Metodos Coletivos de Extensao Rural em Escolas - DF Entorno
e Prestacao de Servico de Assistencia Tecnica e Extensao Rural - Apoio a Agricultura Urbana na
Promocao do Ensino nas Escolas Do DF - (2019) - Df - Entorno; Natureza da Despesa: 33.90.30; F",EXTRATO CONTRATUAL
