,local,text,
0,110764681-110764703,"9) - Adquirente: IGREJA FORMOSA UNIVERSAL DO BRASIL
- CNPJ no 00.572.735/0001-90 - Processo no 0111-001315/2011 - Valor de R$ 143.911,12 (cento e quarenta
e tres mil novecentos e onze reais e doze centavos) - Decisao-Diret no 426/2019. Na oportunidade, fica o
adquirente convocado a comparecer a Terracap e apresentar, no prazo de 30 (trinta) dias, contados da
publicacao no Diario Oficial do Distrito Federal da homologacao pela Diretoria Colegiada, via protocolo,
copias autenticadas em cartorio dos documentos citados no artigo 30 da Resolucao-Conad/Terracap no
238.
Brasilia/DF, 29 de agosto de 2019
LEONARDO MUNDIM
Diretor de Regularizacao Social e Desenvolvimento Economico
DIRES/TERRACAP
SECRETARIA DE ESTADO DE AGRICULTURA,
ABASTECIMENTO E DESENVOLVIMENTO RURAL
EMPRESA DE ASSISTENCIA TECNICA E EXTENSAO RURAL
DO DISTRITO FEDERAL
EXTRATO DE TERMO ADITIVO
Processo SEI no 00072-000155/2019-57. Instrumento: primeiro termo aditivo ao contrato n.o 007/2019-
GCONV, para prestacao de organizacao de eventos e correlatos. Partes: EMPRESA DE
ASSISTENCIA TECNICA E EXTENSAO RURAL DO DISTRITO FEDERAL - EMATER-DF e a
empresa MV EVENTOS ARTISTICOS E ESPORTIVOS - EIRELI; Objeto: O presente Termo Aditivo
tem por objeto o acrescimo quantitativo de 9,69 % (nove virgula sessenta e nove por cento) do valor
global do Contrato Administrativo no 007/2019 - GCONV, nos termos do art. 81,  1o, do
Regulamento de Licitacoes e Contratos da EMATER-DF. O acrescimo quantitativo referido no item
anterior corresponde ao percentual de 25 % (vinte e cinco por cento) dos itens 19, 20, 21 e 23 -
Grupo VI, relativo ao Contrato Administrativo no 007/2019 - GCONV e ao Pregao Eletronico n
003/2019, o que representa o valor de R$ 2.926,72 (dois mil novecentos e vinte e seis reais e setenta
e dois centavos). Assinatura: 12/07/2019. Signatarios: P/EMATER-DF: Denise Andrade da Fonseca -
Presidente. P/Contratada: VINICIUS CERDEIRA GUARNIERI.
AVISO DE ABERTURA DE LICITACAO
PREGAO ELETRONICO No 11/2019
Processo SEI no 00072-00001421/2019-69. Tipo: Menor Preco global. Objeto: Contratacao, sob demanda,
de empresa especializada em esgotamento sanitario individual, para fornecimento e instalacao de sistemas
individuais Reatores Anaerobios biologicos, autonomos, para tratamento de efluentes domesticos, fabricado
em fibra de vidro , dentro das normas NBR 7.229/93 e NBR 13.969/97, sem utilizacao de energia eletrica
ou qualquer produto quimico adicional, por meio da acao das bacterias anaerobias presentes no esgoto,
com disposicao de efluentes no solo atraves de valas de infiltracao minimizando o impacto ambiental em
aguas subterraneas. Todas as maquinas, ferramentas, materiais e mao de obra necessarios para a instalacao
do esgotamento sanitario nas propriedades rurais indicadas pela Emater-DF ou quaisquer outras despesas
que venha a incidir sobre a prestacao dos servicos serao de responsabilidade da contratada. A licitacao sera
composta por item unico, conforme descricao de servicos no topico 3 do Termo de Referencia, Anexo I
d",AVISO DE ABERTURA DE LICITACAO
1,134122384-134122406," Marca: AL bandeirante, Fabricante: AL bandeirante, Modelo/Versao: AL
bandeirante, Item 35: Quantidade 78 (Setenta e Oito) UND. SEMENTE DE RUCULA, nome cientifico: Eruca
sativa, requisitos minimo de qualidade: 98% pureza, 98% de germinacao, unidade de fornecimento: lata de 100
gr. Caracteristicas adicionais: Prazo minimo de validade de 75% daquele contido na embalagem Marca: TSV,
Fabricante: TSV, Modelo / Versao., conforme o Edital de Pregao Eletronico no 18/2018 (Doc. Sei id 14430532)
e a Proposta (Doc. Sei id 29736141), que passam a integrar o presente Termo. Valor: O valor total do Contrato
e de R$ 66.233,52 (Sessenta e seis mil duzentos e trinta e tres reais e cinquenta e dois centavos). Os empenhos
sao de R$ 65.810,52 (Sessenta e cinco mil oitocentos e dez reais e cinquenta e dois centavos) e R$ 423
(Quatrocentos e vinte e tres reais) conforme Notas de Empenho no 2019NE00567 e 2019NE00568,
respectivamente, emitidas em 10/10/2019, sob o evento no 400091 e 400099, na modalidade Ordinario. Unidade
Orcamentaria: 14101 Programa de Trabalho: 20.605.6207.2614.0001, Natureza da Despesa 339030 Fonte de
Recurso: 332012031 e 390012031. Prazo de Vigencia: O contrato tera vigencia desde a sua assinatura por ate
12(doze) meses. Data de assinatura: 17/10/2019. Signatarios: Pela SEAGRI/DF: LUCIANO MENDES DA
SILVA, na qualidade de Secretario de Estado - Substituto. Pela Contratada: CLEBER FERNANDES SILVA
MENDONCA, na qualidade Representante Legal.
No 201, segunda-feira, 21 de outubro de 2019
PAGINA 35
Diario Oficial do Distrito Federal
Este documento pode ser verificado no endereco eletronico h t t p : / / w w w. i n . g o v. b r / a u t e n t i c i d a d e . h t m l
pelo codigo 50012019102100035
Documento assinado digitalmente conforme MP no 2.200-2 de 24/08/2001, que institui a
Infraestrutura de Chaves Publicas Brasileira - ICP-Brasil.
EMPRESA DE ASSISTENCIA TECNICA E EXTENSAO RURAL
DO DISTRITO FEDERAL
AVISO DE ADJUDICACAO E HOMOLOGACAO
PREGAO ELETRONICO No 11/2019
Processo: 00072-00001421/2019-69. Objeto: Contratacao, sob demanda, de empresa especializada em
esgotamento sanitario individual, para fornecimento e instalacao de sistemas individuais Reatores
Anaerobios biologicos, autonomos, para tratamento de efluentes domesticos, fabricado em fibra de vidro,
dentro das normas NBR 7.229/93 e NBR 13.969/97, sem utilizacao de energia eletrica ou qualquer produto
quimico adicional, por meio da acao das bacterias anaerobias presentes no esgoto, com disposicao de
efluentes no solo atraves de valas de infiltracao minimizando o impacto ambiental em aguas subterraneas.
A EMATER-DF informa a ADJUDICACAO e HOMOLOGACAO final do certame, com fulcro no
Decreto no 5.450/2005, de 31/05/2005. Item I - HYDRO TECH BRASIL EQUIPAMENTOS PARA
SANEAMENTO EIRELI, CNPJ 19.377.293/0001-59, no valor total de R$ 594.000,00 (quinhentos e
noventa e quatro mil reais). Assina: JOAO DE DEUS ABREU - Pregoeiro.
SECRETARIA DE ESTADO DE SEGURANCA PUBLICA
SUBSECRETARIA DE ADMINISTRACAO GERAL
COORDENACAO DE LICITACOES",AVISO DE ADJUDICACAO E HOMOLOGACAO
2,162600905-162600927," 1993, Lei no 10.192, de 14 de fevereiro de
2001, artigo 3o, 1o; DATA DE ASSINATURA: 19/12/2019; DESPESAS DE PUBLICACAO: Correrao
sob a responsabilidade do DER/DF; Pela CONTRATANTE: Diretor Geral Eng. FAUZI NACFUR
JUNIOR.
SECRETARIA DE ESTADO DE
DESENVOLVIMENTO ECONOMICO
COMPANHIA IMOBILIARIA DE BRASILIA
AGENCIA DE DESENVOLVIMENTO DO DISTRITO FEDERAL
EXTRATO DE INSTRUMENTO CONTRATUAL
Processo: 0011100012478/2019-99; ESPECIE: Termo de Patrocinio no 75/2019; CONTRATANTES:
COMPANHIA IMOBILIARIA DE BRASILIA - TERRACAP e SR PROMOCOES CULTURAIS LTDA;
OBJETO: O patrocinio do Evento/Projeto denominado ""Natal Sempre Monumental"", que acontecera na
Cidade de Brasilia, entre os dias 08 de dezembro de 2019 e 06 de janeiro de 2020, promovido pela
empresa SR PROMOCOES CULTURAIS LTDA, com o objetivo de custear parte dos gastos com a
iluminacao, necessarios para a realizacao do projeto ""Natal Sempre Monumental"", tendo como
contrapartida acoes de promocao da marca da TERRACAP em eventos atrelados ao projeto;
EMBASAMENTO LEGAL: conforme Decisao no 656 da Diretoria Colegiada da TERRACAP, Sessao no
3394a, realizada em 05/12/2019; VALOR: R$ 250.000,00 (duzentos e cinquenta mil reais); VIGENCIA: 6
meses, contados a partir da data de sua celebracao; DOTACAO ORCAMENTARIA: Programa de Trabalho
23.692.6001.4091.0017 - Apoio a Projetos Diversos pela TERRACAP, Elemento de Despesa 3390.39,
Outros Servicos de Terceiros - Pessoa Juridica, conforme Nota de Empenho no 0815/2019, datada de
06/12/2019. DESPESAS DE PUBLICACAO: Correrao sob a responsabilidade da TERRACAP. DATA DE
ASSINATURA: 06/12/2019; P/CONTRATANTE: Gilberto Magalhaes Occhi, Edward Johnson Goncalves
de Abrantes. P/CONTRATADA: Sheila Lourenco Roza, TESTEMUNHAS: Leandro do Carmo Cruz e
Bruno da Silva Santos.
SECRETARIA DE ESTADO DE AGRICULTURA,
ABASTECIMENTO E DESENVOLVIMENTO RURAL
EMPRESA DE ASSISTENCIA TECNICA E EXTENSAO RURAL
DO DISTRITO FEDERAL
AVISO DE CANCELAMENTO DE ADJUDICACAO E HOMOLOGACAO
PREGAO ELETRONICO N 11/2019
Processo: 00072-00001421/2019-69. Objeto: Contratacao, sob demanda, de empresa especializada em
esgotamento sanitario individual, para fornecimento e instalacao de sistemas individuais Reatores
Anaerobios biologicos, autonomos, para tratamento de efluentes domesticos, fabricado em fibra de vidro,
dentro das normas NBR 7.229/93 e NBR 13.969/97, sem utilizacao de energia eletrica ou qualquer produto
quimico adicional, por meio da acao das bacterias anaerobias presentes no esgoto, com disposicao de
efluentes no solo atraves de valas de infiltracao minimizando o impacto ambiental em aguas subterraneas.
A Presidente da Empresa de Assistencia Tecnica e Extensao Rural do Distrito Federal -EMATER-DF, no
uso das atribuicoes legais que lhe sao conferidas pelo Artigo 29 e seus incisos do Estatuto Social aprovado
pelo Decreto no 28.900, de 25.03.2008, alterado pelo Decreto no 31.792, de 26.05.2010, e pelo Artigo 6o
e 39 do Regimento Interno da EMATER-DF, considerando o contido nos autos do processo, CANCELA
a ADJUDICACAO e HOMOL",AVISO DE CANCELAMENTO DE ADJUDICACAO E HOMOLOGACAO
3,278448378-278448400,"25/06/2019 expirando em
12/09/2021; EMBASAMENTO LEGAL: art. 57,  1o, Inciso II c/c e art. 65, inciso II, alinea ""b"" da Lei
no 8666/1.993 e na Clausula Decima Segunda do Contrato no 041/2019; DATA DE AS S I N AT U R A :
31/12/2019; GARANTIA: Mediante o Termo Aditivo de prazo a Contratada devera estender o seguro
garantia; DOTACAO ORCAMENTARIA: Programa de Trabalho: 26.782.6216.5745/0003, Natureza da
Despesa: 449051, Fonte de Recursos: 100; DESPESAS DE PUBLICACAO: Correrao sob a
responsabilidade do DER/DF; Pela CONTRATANTE: Eng. FAUZI NACFUR JUNIOR; Pela
CONTRATADA: LUCIANO NEVES GARCIA e ATHUS RODRIGUES DE SOUZA.
EXTRATO DO SEGUNDO ADITIVO AO CONTRATO No 086/2019
Processo: 00113-00027125/2019-37;  Especie: 2o Termo  Aditivo ao Contrato  no  086/2019;
CONTRATANTE: DEPARTAMENTO DE ESTRADAS DE RODAGEM DO DISTRITO FEDERAL,
CNPJ 00.070.532/0001-03; CONTRATADA: DHAMMA ENGENHARIA APLICADA LTDA., CNPJ
34.199.775/0001-50; OBJETO: Prorrogar o prazo de execucao do contrato por 30 (trinta) dias, a partir de
08/01/2019 expirando em 07/02/2020; EMBASAMENTO LEGAL: Inciso I e 1o, art. 57, da Lei no
8.666/1.993; DOTACAO ORCAMENTARIA: Unidade Orcamentaria: 26.205 - DER-DF; Programa de
Trabalho: 26.782.6216.1968-0013 (Transporte. Transporte Rodoviario. Mobilidade Integrada e Sustentavel.
Elaboracao de Projetos de Engenharia); Natureza da Despesa: 4490.51 (Obras); Fonte de Recursos: 100 -
ID 0. As despesas decorrentes do presente Termo Aditivo correrao a conta do orcamento do DER/DF para
o exercicio de 2020, nota de empenho a ser emitida posteriormente; DESPESAS DE PUBLICACAO:
Correrao sob a responsabilidade do DER/DF; DATA DA ASSINATURA: 31/12/2019; ASSINANTES:
Pelo  DER/DF:  Diretor  Geral  FAUZI NACFUR  JUNIOR;  Pela  Contratada:  MAHAMMED
VASCONCELOS SOARES.
SECRETARIA DE ESTADO DE AGRICULTURA,
ABASTECIMENTO E DESENVOLVIMENTO RURAL
EMPRESA DE ASSISTENCIA TECNICA E EXTENSAO RURAL
DO DISTRITO FEDERAL
AVISO DE CONVOCACAO DE LICITANTE REMANESCENTE
PREGAO ELETRONICO No 11/2019
Processo: 00072-00001421/2019-69. Objeto: Contratacao, sob demanda, de empresa especializada em
esgotamento sanitario individual, para fornecimento e instalacao de sistemas individuais Reatores
Anaerobios biologicos, autonomos, para tratamento de efluentes domesticos, fabricado em fibra de vidro,
dentro das normas NBR 7.229/93 e NBR 13.969/97, sem utilizacao de energia eletrica ou qualquer produto
quimico adicional, por meio da acao das bacterias anaerobias presentes no esgoto, com disposicao de
efluentes no solo atraves de valas de infiltracao minimizando o impacto ambiental em aguas subterraneas.
A EMATER-DF, no uso das atribuicoes legais, por intermedio de sua Presidente e do Pregoeiro, torna
publico que em face da nao contratacao junto a empresa vencedora HYDRO TECH BRASIL
EQUIPAMENTOS PARA SANEAMENTO EIRELI, CNPJ: 19.377.293/0001-59, com base e em
conformidade com o art. 69 2o Inciso I do Regulamento de Licitacoes e Contratos da Emater-DF,
combinado com o art. 75 2o Inciso I da lei 13.303/16, convoca o licitante",AVISO DE CONVOCACAO DE LICITANTE REMANESCENTE
4,307398603-307398625,"s interessados, que, de acordo com o contido no topico 68 do Edital, nao cabera recurso quanto a
presente homologacao.
Brasilia/DF, 02 de marco de 2020.
BRUNO CESAR SANTANA DE MENESES
Presidente da Comissao
SECRETARIA DE ESTADO DE AGRICULTURA,
ABASTECIMENTO E DESENVOLVIMENTO RURAL
EMPRESA DE ASSISTENCIA TECNICA E EXTENSAO RURAL
DO DISTRITO FEDERAL
EXTRATO DE TERMO ADITIVO
Processo: 00072-00001538/2018-61. Instrumento: Segundo termo aditivo ao contrato n.o 001/2018-
GCONV, para prestacao de servicos de manutencao preventiva e corretiva, com reposicao de pecas,
de plataforma de percurso vertical para deficientes fisicos da Empresa de Assistencia Tecnica e
Extensao Rural do Distrito Federal - Emater-DF. Partes: EMPRESA DE ASSISTENCIA TECNICA E
EXTENSAO RURAL DO DISTRITO FEDERAL - EMATER-DF e a EMPRESA 3R COMERCIO DE
MAQUINAS E SERVICOS LTDA; Objeto: O presente Termo Aditivo tem como objeto prorrogar a
vigencia do Contrato no 001/2018-GCONV, pelo periodo de 28/02/2020 a 28/02/2021, referente a
contratacao de servicos especializados de manutencao preventiva e corretiva, com reposicao de pecas,
de uma plataforma de percurso vertical, para deficientes fisicos, nos termos do PE No 010/2017 e seus
anexos, como se aqui transcritos estivessem. O valor estimado do Termo Aditivo e de R$ 26.399,96
(vinte e seis mil e trezentos e noventa e nove reais e noventa e seis centavos). Assinatura: 28/02/2020.
Signatarios: P/EMATER-DF: Denise Andrade da Fonseca - Presidente. P/Contratada: Roberto Carlos
Siqueira.
PAGINA 40
No 41, terca-feira, 3 de marco de 2020
Diario Oficial do Distrito Federal
Este documento pode ser verificado no endereco eletronico h t t p : / / w w w. i n . g o v. b r / a u t e n t i c i d a d e . h t m l
pelo codigo 50012020030300040
Documento assinado digitalmente conforme MP no 2.200-2 de 24/08/2001, que institui a
Infraestrutura de Chaves Publicas Brasileira - ICP-Brasil.
CHEFIA DE GABINETE
AVISO DE ADJUDICACAO E HOMOLOGACAO
PREGAO ELETRONICO No 11/2019
Processo: 00072-00001421/2019-69. Objeto: Contratacao, sob demanda, de empresa especializada em
esgotamento sanitario individual, para fornecimento e instalacao de sistemas individuais Reatores
Anaerobios biologicos, autonomos, para tratamento de efluentes domesticos, fabricado em fibra de vidro,
dentro das normas NBR 7.229/93 e NBR 13.969/97, sem utilizacao de energia eletrica ou qualquer produto
quimico adicional, por meio da acao das bacterias anaerobias presentes no esgoto, com disposicao de
efluentes no solo atraves de valas de infiltracao minimizando o impacto ambiental em aguas subterraneas.
A Empresa de Assistencia Tecnica e Extensao Rural do Distrito Federal, apos cancelamento da
homologacao do Pregao eletronico no 11/2019, devidamente publicada no DODF no 243 de 23/12/19, pg.
46, resolveu convocar a segunda classificada SETE - SISTEMA ECOLOGICO DE TRATAMENTO DE
ESGOTO EIRELI, CNPJ no 11.755.081/0001-56, que manifestou interesse de prestar os servicos descritos
no Pregao eletronico no 11/2019 e seus anexos, ",AVISO DE ADJUDICACAO E HOMOLOGACAO
5,308102873-308102895," de 2020. ARAMIS CARDOSO BELTRAMI-
Gerente de Regularizacao de Imoveis Rurais. GERUR/TERRACAP. LEONARDO MUNDIM-Diretor de
Regularizacao Social e Desenvolvimento Economico-DIRES/TERRACAP.
No 42, quarta-feira, 4 de marco de 2020
PAGINA 51
Diario Oficial do Distrito Federal
Este documento pode ser verificado no endereco eletronico h t t p : / / w w w. i n . g o v. b r / a u t e n t i c i d a d e . h t m l
pelo codigo 50012020030400051
Documento assinado digitalmente conforme MP no 2.200-2 de 24/08/2001, que institui a
Infraestrutura de Chaves Publicas Brasileira - ICP-Brasil.
SECRETARIA DE ESTADO DE AGRICULTURA,
ABASTECIMENTO E DESENVOLVIMENTO RURAL
EXTRATO DO TERMO DE COOPERACAO TECNICA No 01/2020 - SEAGRI/DF
E O SINDICATO DOS PRODUTORES DE ORGANICOS DO
DISTRITO FEDERAL - SINDIORGANICOS/DF
PROCESSO SEI-GDF: 00070-00014471/2018-81 Partes: SEAGRI/DF e O SINDICATO DOS
PRODUTORES DE ORGANICOS DO DISTRITO FEDERAL - SINDIORGANICOS/DF. Objeto:
formalizacao futura de doacao a ser realizada pelo Sindicato dos Produtores de Organicos do Distrito
Federal - SINDIORGANICOS ao Distrito Federal, por intermedio da Secretaria de Estado da Agricultura,
Abastecimento e Desenvolvimento Rural do Distrito Federal, do Projeto/Anteprojeto para construcao de
uma edificacao na poligonal do CEASA-DF localizada no SIA, trecho 10, Area: 550,00 m2, apos sua
analise previa e aprovacao pelo orgao competente para a emissao do Alvara de Construcao, de acordo com
as Leis, Decretos e normas vigentes assim como as disposicoes deste Instrumento.Fundamentacao Legal:
Lei Federal no 8.666/1993. VIGENCIA: 60 (sessenta) meses, contados a partir da publicacao. Data de
Assinatura: 18/02/2020 Signatarios: Pela SEAGRI/DF: LUCIANO MENDES DA SILVA, na qualidade de
Secretario de Estado. Pela SINDIORGANICOS/DF: EBER DINIZ ALVES DE LIMA, na qualidade de
Presidente.
EMPRESA DE ASSISTENCIA TECNICA E EXTENSAO RURAL
DO DISTRITO FEDERAL
AVISO DE ABERTURA DE PRAZO PARA RECURSO
PREGAO ELETRONICO No 11/2019(*)
Processo SEI no 00072-00001421/2019-69. Objeto: Contratacao, sob demanda, de empresa especializada
em esgotamento sanitario individual, para fornecimento e instalacao de sistemas individuais Reatores
Anaerobios biologicos, autonomos, para tratamento de efluentes domesticos, fabricado em fibra de vidro,
dentro das normas NBR 7.229/93 e NBR 13.969/97, sem utilizacao de energia eletrica ou qualquer produto
quimico adicional, por meio da acao das bacterias anaerobias presentes no esgoto, com disposicao de
efluentes no solo atraves de valas de infiltracao minimizando o impacto ambiental em aguas subterraneas.
A Empresa de Assistencia Tecnica e Extensao Rural do Distrito Federal, apos cancelamento da
homologacao do Pregao eletronico no 11/2019, devidamente publicada no DODF no 243 de 23/12/19, pg.
46, resolveu convocar a segunda classificada SETE - SISTEMA ECOLOGICO DE TRATAMENTO DE
ESGOTO EIRELI, CNPJ no 11.755.081/0001-56, que manifestou interesse de prestar os servicos descritos
no Pregao eletronico no 11/2019 e seus anexos, ",AVISO DE ABERTURA DE PRAZO PARA RECURSO
6,314209209-314209231,"ooperativa Agricola Buriti Vermelho - CNPJ: 
25.027.276/0001-94, por criterio de pontuacao. Este resultado gera apenas expectativas, 
nao obrigando a Administracao Publica a celebracao do Acordo de Cooperacao com as 
Organizacoes classificadas. O resultado final, tambem, podera ser acessado no endereco 
eletronico www.agricultura.df.gov.br. Publique-se.
LUCIANO MENDES DA SILVA
Secretario de Estado
EXTRATO DO CONTRATO PARA AQUISICAO DE BENS No 09/2020
Processo: 00070-00007017/2019-55 Partes: SEAGRI/DF e EBRAPI AGRONEGOCIOS 
LTDA EPP. Objeto: O Contrato tem por objeto a aquisicao dos seguintes itens: Item 26: 
Quantidade 67 (sessenta e sete) UND. SEMENTE DE FEIJAO CAUPI, nome cientifico: 
Vigna unguiculata, Tipo: certificada categorias S.1 ou S.2, variedade: BRS Guariba ou 
Nova Era, Unidade de Fornecimento: saco com 20 kg. Caracteristicas adicionais: Prazo 
minimo de validade de 75% daquele contido na embalagem. Marca: Tomazetti. 
Fabricante: Tomazetti. Modelo/Versao: Saco 20 kg, consoante especifica o Edital de 
Pregao Eletronico no 18/2018 e a Proposta id. 29223557 , que passam a integrar o presente 
Termo. Valor: O valor total do Contrato e de R$ 15.262,6 (quinze mil duzentos e sessenta 
e dois reais e sessenta centavos). O empenho e de R$ 15.262,6 (quinze mil duzentos e 
sessenta e dois reais e sessenta centavos), conforme Nota de Empenho no 2020NE00134, 
emitida em 04/03/2020, sob o evento no 400091, na modalidade Ordinario, Unidade 
Orcamentaria: 14101, Programa de Trabalho: 20.606.6201.2889.0007, Natureza da 
Despesa 339030, Fonte de Recurso: 732014524. Prazo de Vigencia: O contrato tera 
vigencia desde a sua assinatura por ate 12 (doze) meses. Data de assinatura: 12/03/2020. 
Signatarios: Pela SEAGRI/DF: LUCIANO MENDES DA SILVA, na qualidade de 
Secretario de Estado. Pela Contratada: EZIQUIEL BACCHIN, na qualidade 
Representante Legal.
EMPRESA DE ASSISTENCIA TECNICA E EXTENSAO 
RURAL
 
AVISO DE ADJUDICACAO E HOMOLOGACAO
PREGAO ELETRONICO No 11/2019
Processo: 00072-00001421/2019-69. Objeto: Contratacao, sob demanda, de empresa 
especializada em esgotamento sanitario individual, para fornecimento e instalacao de 
sistemas individuais Reatores Anaerobios biologicos, autonomos, para tratamento de 
efluentes domesticos, fabricado em fibra de vidro, dentro das normas NBR 7.229/93 e 
NBR 13.969/97, sem utilizacao de energia eletrica ou qualquer produto quimico 
adicional, por meio da acao das bacterias anaerobias presentes no esgoto, com 
disposicao de efluentes no solo atraves de valas de infiltracao minimizando o impacto 
ambiental em aguas subterraneas. A EMATER-DF informa a ADJUDICACAO e 
HOMOLOGACAO final do certame, com fulcro no Decreto no 5.450/2005, de 
31/05/2005. Item I  SETE  SISTEMA ECOLOGICO DE TRATAMENTO DE 
ESGOTO EIRELI, CNPJ 11.755.081/001-56, no valor total de R$ 594.000,00 
(quinhentos e noventa e quatro mil reais).
DENISE ANDRADE DA FONSECA
Presidente
PAGINA 67
Diario Oficial do Distrito Federal       
No 50, SEGUNDA-FEIRA, 16 DE MARCO DE 2020
Doc",AVISO DE ADJUDICACAO E HOMOLOGACAO
7,317446380-317446402,"R  DF E ENTORNO; Natureza da Despesa: 
33.90.39; Fonte de Recurso: 100; Valor Total: R$ 5.550,00 (Cinco mil e quinhentos e 
cinquenta reais). Fundamento Legal: O presente Contrato sera regido por meio da 
modalidade direta, por dispensa de licitacao, por forca do inciso II, do art. 6, do 
Regulamento de Licitacoes e Contratos da EMATER-DF, combinado com a Lei no 
13.303, de 30 de junho de 2016, que dispoe sobre o estatuto juridico das empresas 
publicas. Assinatura: /03/2020. Vigencia: 12 (doze) meses a contar da assinatura. 
Signatarios: P/EMATER-DF: Denise Andrade Da Fonseca  Presidente. P/Contratada: 
Elio Alves Moreira.
EXTRATOS CONTRATUAIS
Processo: 00072-00000870/2020-23. Instrumento: Contrato no 004/2020-GCONV. 
Partes: EMPRESA DE ASSISTENCIA TECNICA E EXTENSAO RURAL DO 
DISTRITO FEDERAL - EMATER-DF e a Empresa ENGIEX ENGENHARIA E 
CONSTRUTORA EIRELI. Objeto: Contratacao de empresa especializada para 
conservacao/manutencao do Escritorio Local de Vargem Bonita da EMATER-DF. 
Dotacao Orcamentaria: Unidade Orcamentaria: 14203; Programa de Trabalho: 
20.122.8201.2396.5400 (EP); Projeto/Atividade/Denominacao: CONSERVACAO 
DAS ESTRUTURAS FISICAS DO ESCRITORIO LOCAL DA EMATER-DF 
VARGEM BONITA; Natureza da Despesa: 33.90.39; Fonte de Recurso: 100  
Iduso 06; Valor Total: R$ 186.119,97 (cento e oitenta e seis mil cento e dezenove 
reais e noventa e sete centavos). Fundamento Legal: O presente Contrato obedece 
aos termos do inciso II do art. 6o do Regulamento de Licitacoes e Contratos da 
EMATER-DF, da Lei no 13.303, de 30 de junho de 2016, que dispoe sobre o 
estatuto juridico das empresas publicas, assim como as demais normas internas da 
CONTRATANTE e legislacoes aplicaveis, ao Edital do PE 008/2019 o Termo de 
Referencia e a propostas comerciais. Assinatura: 17/03/2020. Vigencia: 12 (doze) 
meses a contar da assinatura. Signatarios: P/EMATER-DF: Denise Andrade Da 
Fonseca  Presidente. P/Contratada: Arthur Cesar da Costa Rodrigues.
EXTRATOS CONTRATUAIS
Processo: 00072-00001421/2019-69. Instrumento: Contrato no 006/2020-GCONV. Partes: 
EMPRESA DE ASSISTENCIA TECNICA E EXTENSAO RURAL DO DISTRITO 
FEDERAL - EMATER-DF e a Empresa SETE  SISTEMA ECOLOGICO DE 
TRATAMENTO DE ESGOTO EIRELI. Objeto: Contratacao, sob demanda, de empresa 
especializada em esgotamento sanitario individual, para fornecimento e instalacao de 
sistemas individuais Reatores Anaerobios biologicos, autonomos, para tratamento de 
efluentes domesticos. Dotacao Orcamentaria: Unidade Orcamentaria: 14203; Programa de 
Trabalho:  20.606.6209.7316.6037  (EP);  Projeto/Atividade/Denominacao: 
IMPLANTACAO DE SISTEMAS SIMPLIFICADOS DE SANEAMENTO RURAL NO 
DISTRITO FEDERAL; Natureza da Despesa: 33.90.39; Fonte de Recurso: 100  Iduso 
06; Valor Total: R$ 594.000,00 (quinhentos e noventa e quatro mil reais). Fundamento 
Legal: O presente Contrato obedece aos termos do inciso II do art. 6o do Regulamento de 
Licitacoes e Contratos da EMATER-DF, da Lei no 13.303, de 30 de junho de 2016, que 
dispoe sobre o estatuto",EXTRATOS CONTRATUAIS
