,local,text,
0,308354219-308354241,"Ata de Registro de Preco 04/2020 (34735213) e a Proposta (doc. SEI
no 30304441). DA DOTACAO ORCAMENTARIA: A despesa correra a conta da seguinte Dotacao
orcamentaria: I - Codigo/ U.G.: 180101-00001 - Secretaria de Estado de Desenvolvimento Social do
Distrito Federal; II - Unidade Orcamentaria: 17101- Secretaria de Estado de Desenvolvimento Social do
DF -SEDES; III - Esfera: 2 - Seguridade Social; IV - Fonte de Recurso: 100 - Ordinario Nao Vinculado;
V - Programa de Trabalho: 08.306.6228.4173.0003 - Fornecimento Emergencial de Alimentos - Setor
Compl. de Ind. e Abastecimento; VI - Natureza de Despesa: 33.90.32- Material, bem ou servico para
distribuicao gratuita; VII - Subitem da Despesa: 04- Generos alimenticios. VALOR TOTAL DA
CONTRATACAO: R$ 9.612.000,00 (nove milhoes seiscentos e doze mil reais). O empenho inicial e de R$
R$ 801.000,00 (oitocentos e um mil reais), conforme Nota de Empenho n.o 2020NE00097, emitida em
13/02/2020, sob o evento n.o 400091, na modalidade Estimativo (35615718). DA VIGENCIA: O contrato
tera vigencia de 12 meses, a contar da data de sua assinatura. DA ASSINATURA: 17/02/2020.
SIGNATARIOS: Pelo Distrito Federal, LUIS RICARDO SOUSA GUTERRES - Secretario de
Desenvolvimento Social, e pela contratada, CARLOS ALBERTO NUNES ROCHA, Representante
Legal.
SECRETARIA DE ESTADO DE
DESENVOLVIMENTO SOCIAL
AVISO DE ABERTURA DE LICITACAO
PREGAO ELETRONICO No 06/2020
Pregao Eletronico no 06/2020 (Modo de disputa: Aberto). Objeto: Contratacao de empresa
especializada, em regime de empreitada por preco global, pelo prazo de 30 (trinta) meses, para a
prestacao dos servicos de natureza continuada de limpeza, conservacao, higienizacao e dedetizacao das
instalacoes da Adasa, bem como de servico de copeiragem para a Adasa, com o fornecimento de todo
o material de consumo de limpeza, higiene e de copa, bem como maquinas, equipamentos e utensilios
necessarios a adequada execucao dos servicos, conforme especificacoes definidas no Termo de
Referencia. Processo SEI no 00197-00003111/2019-27. Valor total estimado R$ 2.498.524,20 (dois
milhoes, quatrocentos e noventa e oito mil, quinhentos e vinte e quatro reais e vinte centavos) para
30 (trinta) meses de contrato. Programa de Trabalho 04.122.8210.8517.9649 - Manutencao dos
Servicos Administrativos Gerais da Adasa; Natureza de Despesa 3.3.90.37 - Locacao de Mao-de-Obra;
Fontes  150/220. Copia  do  Edital  encontra-se a  disposicao  sem  onus, no  sitio
www.comprasgovernamentais.gov.br e www.adasa.df.gov.br, em atendimento ao art. 2o, V da Lei
Distrital no 5.453/2015, bem como, em meio impresso, no endereco: Setor Ferroviario - Parque
Ferroviario de Brasilia - Estacao Rodoferroviaria, Sobreloja Ala Norte, Cep: 70631-900 - Brasilia -
DF. Abertura da licitacao: 09/03/2020 as 10:00h em sessao publica processada no sitio do
Comprasgovernamentais, nos termos do Edital.
EDUARDO LOBATO BOTELHO
Pregoeiro
PAGINA 70
No 42, quarta-feira, 4 de marco de 2020
Diario Oficial do Distrito Federal
Este documento pode ser verificado no endere",AVISO DE ABERTURA DE LICITACAO
1,312435549-312435571," partes no Sistema SEI. DATA DA ASSINATURA: 06/03/2020. SIGNATARIOS:
pelo SLU/DF, FELIX ANGELO PALAZZO, Diretor-Presidente, e LUCIANA GIFFONI RODRIGUES
PADILHA, Diretora de Administracao e Financas; e pela CONTRATADA: MARIA DE FATIMA
MARTINS DOS SANTOS, Representante Legal.
SECRETARIA DE ESTADO DO MEIO AMBIENTE
AGENCIA REGULADORA DE AGUAS, ENERGIA E SANEAMENTO
BASICO DO DISTRITO FEDERAL
RATIFICACAO DE INEXIGIBILIDADE DE LICITACAO.
Processo:  00197-00000754/2020-52. Assunto:  O  DIRETOR-PRESIDENTE DA  AGENCIA
REGULADORA DE AGUAS, ENERGIA E SANEAMENTO BASICO DO DISTRITO FEDERAL, no
uso de suas atribuicoes regimentais, tendo em vista deliberacao pela Diretoria Colegiada, e nos termos
do artigo 26, ""caput"", da Lei n.o 8.666, de 21 de junho de 1993 e suas alteracoes posteriores, de
acordo com a Nota Tecnica n.o 31/2019-ADASA/AJL, e o que consta nos autos, resolve: Ratifica o
Ato de Inexigibilidade de Licitacao, no valor total de R$ 1.240,00 (um mil, duzentos e quarenta
reais), do Ordenador de Despesas, em favor da de Engenharia Sanitaria e Ambiental - ABES, CNPJ
n.o 33.945.015/0001-81, referente ao pagamento de 02 (duas) inscricoes no evento ""XIX SILUBESA
- Simposio Luso-Brasileiro de Engenharia Sanitaria e Ambiental"", nos termos do inciso II, artigo 25
e inciso VI, artigo 13, ambos da Lei n.o 8.666/1993 e suas alteracoes posteriores. A despesa sera
realizada a conta do Programa de Trabalho 04.128.6001.4088.0014 - Capacitacao de Servidores,
Natureza de Despesa 3.3.90.39 - Outros Servicos de Terceiros - Pessoa Juridica, Fonte 151. Ato:
Despacho no 32/2020. Paulo Salles. Publique-se e encaminhe a Superintendencia de Administracao e
Financas - SAF para as providencias complementares.
AVISO DE RESULTADO FINAL DE LICITACAO
PREGAO ELETRONICO No 06/2020
O Pregoeiro da Adasa, atendendo aos art. 17, VIII e IX c/c art. 46 do Decreto no 10.024/2019
(recepcionado no DF pelo Decreto no 40.205/2019), torna publico o resultado final da licitacao Pregao
Eletronico no 06/2020 (processo: 00197-00003111/2019-27), tipo ""menor preco global"", realizado em
09 de marco de 2020 para contratacao dos servicos de copeiragem e limpeza para um periodo de 30
(trinta) meses, que teve como vencedora a empresa REAL JG SERVICOS GERAIS EIRELI, CNPJ:
08.247.960/0001-62, com proposta de preco de R$ 2.282.619,96 (dois milhoes, duzentos e oitenta e
dois mil seiscentos e dezenove reais e noventa e seis centavos) para todo o periodo da contratacao.
Conferida a habilitacao e nao tendo havido recurso, o objeto foi adjudicado a vencedora. As
informacoes relativas ao certame estao disponibilizadas no Comprasnet e no sitio da Adasa na internet
(www.adasa.df.gov.br), link: Licitacoes e Contratos - Licitacoes encerradas; em cumprimento ao art.
1o da Lei Distrital no 5.453/2015.
EDUARDO LOBATO BOTELHO
PROCURADORIA GERAL DO DISTRITO FEDERAL
SECRETARIA GERAL
EXTRATO DO CONTRATO DE PRESTACAO DE SERVICOS No 002/2020
PROCESSO:  00020-00002649/2019-17.  PARTES:  PROCURADORIA-GERAL  DO  DISTRI TO
FEDERAL E DECISION SERVICOS DE T",AVISO DE RESULTADO FINAL DE LICITACAO
2,316717517-316717539,"
Sudoeste/Octogonal/DF; ate a Praca Municipal proximo ao Lote 07, Brasilia/DF, da 
empresa Centurylink Comunicacoes do Brasil LTDA., CNPJ no 72.843.212/0001-41, em 
conformidade com os documentos acostados ao processo administrativo no 00390- 
00002268/2019-30.
Referencias de contato:DURVAL CARVALHO DE AVILA JACINTHO - Diretor 
Executivo - Ata de Reuniao de Socios (25031329).
ALTURA DO EQUIPAMENTO VOLUMETRICO FIXADO 
(m)
-
ALTURA DA INFRAESTRUTURA DE SUPORTE (m) -
EXTENSAO  DO  EQUIPAMENTO    LINEAR  EM 
SUBSOLO (m)
14.339,17
TOTAL DA AREA PUBLICA OCUPADA  SUPERFICIE 
(m3)
-
TOTAL DA AREA PUBLICA OCUPADA  SUPERFICIE E 
SUBSOLO (m2)
218,87
Concessao de Uso x Nao Onerosa
TOTAL DA AREA PUBLICA OCUPADA  ESPACO 
AEREO (m3)
-
MATEUS LEANDRO DE OLIVEIRA
Secretario de Estado
ESTA LICENCA DISTRITAL DE IMPLANTACAO DE REDES E EQUIPAMENTOS 
DE INFRAESTRUTURA TEM VALIDADE POR 4 ANOS A PARTIR DA DATA DE 
SUA PUBLICACAO NO DODF.
COMPANHIA DE DESENVOLVIMENTO HABITACIONAL
 
EXTRATO DO SEGUNDO TERMO ADITIVO
AO CONTRATO No 006/2019
Processo: 0392-002960/2017  Contratante: Companhia de Desenvolvimento Habitacional 
do Distrito Federal/CODHAB- CNPJ 09.335.575/0001-30; Contratada: CS Construcoes 
LTDA ME, inscrita no CNPJ/MF sob o no. 18.198.829/0001-06. Objeto: O presente termo 
objetiva a prorrogacao da vigencia do Contrato no 06/2019, por mais 104 (cento e quatro) 
dias, a contar de 19 de marco de 2019 ate 30 de junho de 2020, nos termos dos artigos 71, 72 
e 81 da Lei no 13.303/2016 e artigo 90 do RILC. Valor do Contrato: R$ 90.000,00 (noventa 
mil reais). Data de Assinatura do Termo Aditivo: 17/03/2020. Signatarios: Pela 
CODHAB/DF: Wellington Luiz de Souza Silva, na qualidade de Diretor Presidente; Pela 
Contratada: Carolinna Silva Paiva, na qualidade de Socia Administradora. (Contrato 
publicado no DODF no 94, de 21 de maio de 2019, pag. 29).
SECRETARIA DE ESTADO 
DE MEIO AMBIENTE
AGENCIA REGULADORA DE AGUAS, ENERGIA E 
SANEAMENTO BASICO
 
EXTRATO DO CONTRATO No 04/2020
Processo: 00197-00003111/2019-27. Partes: Adasa e a empresa Real JG Servicos Gerais 
Eireli. Objeto: prestacao dos servicos de natureza continuada de limpeza, conservacao, 
higienizacao e dedetizacao das instalacoes e copeiragem para a Adasa, com o fornecimento 
de todo o material de consumo de limpeza, higiene e de copa, bem como maquinas, 
equipamentos e utensilios necessarios a adequada execucao dos servicos. Prazo/vigencia: 30 
(trinta) meses, contados a partir do dia 1o de abril de 2020. Valor: o valor global estimado 
deste contrato e de R$ 2.282.619,96 (dois milhoes, duzentos e oitenta e dois mil seiscentos e 
dezenove  reais  e  noventa  e  seis  centavos).  Dotacao  orcamentaria:  PT 
04.122.6001.8504.9560; ND 3.3.90.39; Fonte 150/151. Nota de Empenho: 2020NE001430, 
de 20/03/2020, R$ 200.000,00 (duzentos mil reais). Data de Assinatura: 20 de marco de 
2020. SIGNATARIOS: pela Adasa, Paulo Sergio Bretas de Almeida Salles, Diretor-
Presidente; pela Contratada: Flavia Macena Sousa, Representante Legal.
SUPERINT",EXTRATO DO CONTRATO
