,local,text,
0,83323712-83323734,"DE JUNHO DE 2019
Tornar sem efeito a Resolucao no 347 de 10 de junho de 2019 e determina realizacao de Investigacao
Preliminar, na Companhia de Desenvolvimento Habitacional do Distrito Federal - CODHAB-DF e da
outras providencias.
O DIRETOR-PRESIDENTE DA COMPANHIA DE DESENVOLVIMENTO HABITACIONAL DO
DISTRITO FEDERAL - CODHAB/DF, no uso da competencia que lhe confere o art. 21, inciso VI do
Estatuto Social, aprovado na 112a reuniao do Conselho de Administracao, em 26 de junho de 2018,
registrado na Junta Comercial do Distrito Federal sob o no 1082442, considerando a necessidade de
promover maior seguranca juridica a todos os documentos emitidos pela Companhia ou na figura de um
de seus signatarios, resolve:
Art. 1o Determinar a realizacao de Investigacao Preliminar, com a finalidade de reunir informacoes
necessarias a apuracao dos fatos constantes do Processo SEI no 00392-00004146/2019-21, nos termos da
Instrucao Normativa - STC no 04, de 13/07/2012.
Art. 2o Designar DAYANNE FERREIRA VIANA BORGES, matricula - 734-X, para conduzir os trabalhos
de investigacao, concedendo-lhe o prazo de 60 (sessenta) dias para a conclusao dos mesmos, a partir da
data de publicacao desta Resolucao.
Art. 3o Para bem cumprir as suas atribuicoes, o agente publico ora designado tera acesso a toda a
documentacao necessaria ao bom desenvolvimento dos trabalhos, reduzindo a termo as suas conclusoes,
considerando as disposicoes contidas no art. 1o da Instrucao Normativa - STC no 04.
Art. 4o Tornar sem efeito a Resolucao no 347 de 10 de junho de 2019.
Art. 5o Esta Resolucao entra em vigor na data de sua publicacao.
WELLINGTON LUIZ
SECRETARIA DE ESTADO DO MEIO AMBIENTE
AGENCIA REGULADORA DE AGUAS, ENERGIA E SANEAMENTO
DO DISTRITO FEDERAL
PORTARIA No 102, DE 02 DE JULHO DE 2019
O DIRETOR-PRESIDENTE  DA AGENCIA REGULADORA DE  AGUAS, ENERGIA E
SANEAMENTO BASICO DO DISTRITO FEDERAL, no uso de suas atribuicoes regimentais, tendo em
vista deliberacao pela Diretoria Colegiada, e o que consta do Processo:00197-00002702/2019-87,
resolve:
Art. 1o Designar os servidores GERALDO ALVES BARCELLOS, matricula no 172.491-6, como
Integrante Requisitante; LEONARDO MATOS DE SOUZA, matricula no 182.196-2, como Integrante
Tecnico; e, CLESIO GOMES DE ARAUJO, matricula no 264.643-9, como Integrante Administrativo, para
constituirem Equipe de Planejamento, objetivando a contracao de servico de impressao corporativa para a
Adasa, nos termos da Instrucao Normativa no 01, de 04 de abril de 2019 do Ministerio da
Economia/Secretaria Especial de Desburocratizacao, Gestao e Governo Digital/Secretaria de Governo
Digital.
Art. 2o Esta Portaria entra em vigor na data de sua publicacao.
PAULO SALLES
SECRETARIA DE ESTADO DE
DESENVOLVIMENTO SOCIAL
CHEFIA DE GABINETE
PORTARIA No 81, DE 04 DE JULHO DE 2019.
O CHEFE DE GABINETE, DA SECRETARIA DE ESTADO DE DESENVOLVIMENTO SOCIAL
DO DISTRITO FEDERAL, com fundamento na competencia delegada por meio do art. 2o, VI, VII
e VIII, da Portaria No 215, de 06 de agosto de 2018, publicada no DODF no 2",Designar
1,288193441-288193463,"aes, na qualidade de Presidente. (Publicacao do Contrato
003/2017 DODF no 19 de 26/01/2017 pag. 34, Primeiro Termo Aditivo ao Contrato 003/2017 DODF
no 17 de 24/01/2018 pag. 34, Segundo Termo Aditivo ao Contrato 003/2017 DODF no 17 de
24/01/2019 pag. 30).
COMISSAO PERMANENTE DE LICITACAO
AVISO DE LICITACAO DO PREGAO ELETRONICO No 1/2020
A COMPANHIA DE DESENVOLVIMENTO HABITACIONAL DO DISTRITO FEDERAL, no uso de
suas atribuicoes, torna publico o Aviso de Licitacao do Pregao Eletronico n.o 01/2020 - Processo no
00392-00012129/2019-68, cujo OBJETO: Contratacao de empresa especializada para a prestacao de
servicos de tratamento de dados dos Contratos de Financiamento Habitacional da CODHAB/DF, com
vistas a Depuracao-Habilitacao/Homologacao-Validacao/Novacao de creditos da CODHAB-DF,
conforme especificacoes constantes no Anexo I deste Edital. RECEBIMENTO DAS PROPOSTAS
ATE: 09h59min do dia 05/02/2020 (horario de Brasilia), ABERTURA DAS PROPOSTAS: as
10h00min do dia 05/02/2020 (horario de Brasilia), INICIO DA SESSAO DE DISPUTA DE PRECOS:
as 10h00min do dia 05/02/2020 (horario de Brasilia). EDITAL: As propostas serao recebidas
exclusivamente por meio eletronico no endereco sitio www.comprasnet.gov.br, Edital disponivel no
endereco eletronico http://www.codhab.df.gov.br.
Brasilia/DF, 23 de janeiro de 2020
CLAYLTON FERREIRA ARAGAO
Presidente/Pregoeiro
PAGINA 44
No 17, sexta-feira, 24 de janeiro de 2020
Diario Oficial do Distrito Federal
Este documento pode ser verificado no endereco eletronico h t t p : / / w w w. i n . g o v. b r / a u t e n t i c i d a d e . h t m l
pelo codigo 50012020012400044
Documento assinado digitalmente conforme MP no 2.200-2 de 24/08/2001, que institui a
Infraestrutura de Chaves Publicas Brasileira - ICP-Brasil.
SECRETARIA DE ESTADO DO MEIO AMBIENTE
AGENCIA REGULADORA DE AGUAS, ENERGIA E SANEAMENTO
BASICO DO DISTRITO FEDERAL
AVISO DE ABERTURA DE LICITACAO
PREGAO ELETRONICO No 14/2019
Pregao Eletronico: 14/2019 (Modo de disputa: Aberto). Processo SEI 00197-00002702/2019-87. Objeto:
Contratacao de solucao integrada de servicos de impressao corporativa, (i.e., impressao, copia e
digitalizacao) na modalidade de franquia mensal de paginas mais excedentes compreendendo o
fornecimento de equipamentos de reprografia (i.e., impressoras multifuncionais monocromaticas),
incluindo a instalacao, configuracao e manutencao; o fornecimento de suprimentos e consumiveis
necessarios ao pleno funcionamento dos equipamentos, exceto papel; o fornecimento de solucao de gestao
(i.e., sistema de informacao) para monitoramento e gerenciamento dos equipamentos, alem da bilhetagem
e contabilizacao de impressoes, copias e digitalizacoes; o atendimento, compreendendo o suporte a todos
os itens (i.e., equipamentos e solucao) que contemplam a prestacao dos servicos objeto do Termo de
Referencia; bem como o treinamento de usuarios, gestores e tecnicos na utilizacao dos equipamentos e
solucao de gestao disponibilizada. Valor de referencia: R$127.987,20 (cento e vinte e sete mil novecen",AVISO DE ABERTURA DE LICITACAO
2,299651686-299651708,"esso No 00431-00004301/2019-13; Maria Pereira dos Santos - CPF ***.986.103-** 
- Processo No 00431-00017185/2019-94; Nara Raquel da Silva - CPF ***.045.423-** - Processo 
No 00431-00009681/2018-93; Paulo Mendes da Silva - CPF: ***.082.231-** - Processo No 
00431-00013038/2019-45; Rafaela Vieira de Jesus Nunes - CPF ***.078.531-** - Processo 
No 00431-00012352/2019-19; Rayane Cristina do Carmo - CPF ***.865.291-** - Processo No 
00431-00023201/2018-05; Tatiana Araujo de Cerqueira - CPF ***.044.061-** - Processo No 
00431-00006772/2019-58; e Zely Soares Gomes - CPF ***.099.421-** - Processo No 00431-
00015317/2019-43, para comprovacao de dados, via aplicativo, ate a data de 31/05/2020, com 
vistas a habilitacao.
Brasilia/DF, 10 de fevereiro de 2020
WELLINGTON LUIZ DE SOUZA SILVA
Diretor-Presidente
EDITAL N 20/2020
O Governo do Distrito Federal, representado pela Companhia de Desenvolvimento Habitacional 
do Distrito Federal (CODHAB), no uso das atribuicoes legais, notadamente da Lei distrital no 
4.020/2007 e do art. 4o do Decreto distrital no 31.698/2010 com a redacao dada pelo Decreto 
distrital no 31.755/2010 considerando a Lei distrital no 4.996, de 26 de dezembro de 2012 e de 
seu decreto regulamentados no 34.210/2013, que dispoe sobre a Politica Habitacional do Distrito 
Federal, resolve TORNAR PUBLICO A DISTRIBUICAO do imovel localizado a Quadra 22, 
Conjunto J, Lote 07, Setor Residencial Leste, Planaltina/DF, em nome de Luciene Moreira dos 
Anjos, CPF no ***.053.991-**.
Brasilia/DF, 11 de fevereiro de 2020
WELLINGTON LUIZ DE SOUZA SILVA
Diretor-Presidente
SECRETARIA DE ESTADO DO MEIO AMBIENTE
AGENCIA REGULADORA DE AGUAS, ENERGIA E
SANEAMENTO BASICO DO DISTRITO FEDERAL
AVISO DE RESULTADO FINAL DE LICITACAO
PREGAO ELETRONICO No 14/2019
O Pregoeiro da Adasa, atendendo aos art. 17, VIII e IX c/c art. 46 do Decreto no 10.024/2019 
(recepcionado no DF pelo Decreto no 40.205/2019), torna publico o resultado final da licitacao 
Pregao Eletronico no 14/2019 (processo: 00197-00002702/2019-87), tipo menor preco global 
realizado na forma de disputa Aberta, para contratacao do servico de impressao corporativa 
(outsourcing) para um periodo de 48 (quarenta e oito) meses, que teve como vencedora a empresa 
MUNDIAL MAQUINAS, COPIADORAS E SUPRIMENTOS EIRELI, CNPJ 13.047.819/0001-
56, com proposta de preco de R$ 127.960,00 (cento e vinte e sete mil novecentos e sessenta reais) 
para todo o periodo da contratacao. Conferida a habilitacao e nao tendo havido recurso, o objeto 
foi adjudicado a vencedora. As informacoes relativas ao certame estao disponibilizadas no sitio 
da Adasa na internet (www.adasa.df.gov.br), link: Licitacoes e Contratos -  Licitacoes encerradas; 
em cumprimento do art. 1o da Lei Distrital no 5.453/2015. 
EDUARDO LOBATO BOTELHO
Pregoeiro
INSTITUTO DO MEIO AMBIENTE E DOS RECURSOS HIDRICOS 
DO DISTRITO FEDERAL  BRASILIA AMBIENTAL
EXTRATO DO 3o TERMO ADITIVO AO CONTRATO No 09/2016
Processo: 0391-002479-2016. Partes: IBRAM/DF X TELEFONICA BRASIL S/A. Objeto: O 
p",AVISO DE RESULTADO FINAL DE LICITACAO
3,305785885-305785907,"alita Vyvian dos Santos Melo
119 Thallison Davi Souza dos Anjos
120 Thamyres Vieira de Oliveira
121 Thayanni Moreira de Jesus
122 Thays Lopes Moreira Ferreira
123 Tiffani da Silva Verissimo
124 Tiphanny Celia Pereira dos Santos
125 Victor Hugo Souza dos Santos
126 Victor Manoel do Nascimento Valadares
127 Victoria Moreira Abreu
128 Vinicius da Silva Dias
129 Vitoria Valadares de Sousa
130 Wareadny Conceicao Machado Magalhaes
131 Wescley da Costa Araujo
132 Wysthaly Danniel Cardoso Silva
133 Yasmin da Paixao Lopes
SECRETARIA DE ESTADO DE EDUCACAO
RATIFICACAO DE INEXIGIBILIDADE DE LICITACAO
Processo: 00080-00055149/2020-90. Considerando o disposto no Decreto no 40.475/2020; 
no Decreto no 40.519/2020; no Decreto no 40.523/2020; no Decreto no 32.767/2011 e no 
Art. 3o, 1o da Lei no 6.273/2019, e suas respectivas alteracoes posteriores, o Subsecretario 
de Administracao Geral no uso das atribuicoes previstas no Art. 128 do Regimento Interno 
da SEEDF, aprovado pelo Decreto no 38.631/2017, reconheceu com fundamento no caput 
do Art. 25 da Lei 8.666/1993, e alteracoes posteriores, a necessidade de contratacao por 
INEXIGIBILIDADE DE LICITACAO no valor de R$ 1.771.200 (um milhao, setecentos e 
setenta e um mil e duzentos reais) do BANCO DE BRASILIA S/A, instituicao financeira 
de economia mista, inscrita sob o CNPJ/MF sob o n.o 00.000.208/0001-00, com sede em 
Brasilia - DF, no SBS, Quadra 01, Bloco E, Ed. Brasilia, 3o andar, razao pela qual ora 
RATIFICO a presente contratacao por INEXIGIBILIDADE DE LICITACAO com o 
objetivo de implementar o custeio de refeicoes atraves de repasse financeiro aos alunos 
beneficiarios do Programa Bolsa Familia por meio do Cartao Material Escolar, na forma 
do Decreto no 40.523/2020. Em 17 de marco de 2020. Quintino dos Reis Borges Filho, 
Secretario Executivo de Estado de Educacao do Distrito Federal.
SECRETARIA DE ESTADO 
DE MEIO AMBIENTE
AGENCIA REGULADORA DE AGUAS, ENERGIA E 
SANEAMENTO BASICO
 
EXTRATO DO CONTRATO No 03/2020
Processo: 00197-00002702/2019-87. Partes: Adasa e a empresa Mundial Maquinas 
Copiadoras e Suprimentos Eireli (CNPJ no 13.047.819/0001-56). Objeto: contratacao de 
solucao integrada de servicos de impressao corporativa, (i.e., impressao, copia e 
digitalizacao) na modalidade de franquia mensal de paginas mais excedentes, conforme 
Termo de Referencia. Valor: o valor global estimado do presente Contrato e de R$ 
127.960,00 (cento e vinte e sete mil novecentos e sessenta reais). Prazo/vigencia: 48 
(quarenta e oito) meses, a partir do dia 16 de marco de 2020. Dotacao orcamentaria: PT 
04.126.8210.2557.2606; ND 3.3.90.39; Fontes 150. Nota de Empenho: 2020NE00137, 
13/03/2019, no valor total de R$ 23.992,50 (vinte e tres mil novecentos e noventa e dois 
reais e cinquenta centavos). DATA DE ASSINATURA: 16 de marco de 2020. 
Signatarios: pela Adasa, Paulo Sergio Bretas de Almeida Salles, Diretor-Presidente; pela 
Contratada: Lucimar de Souza Rios, Socio Diretor.
EXTRATO DO TERCEIRO TERMO ADITIVO AO CONTRATO No 20/2017
Proc",EXTRATO DO CONTRATO
4,321364852-321364874," ASSINATURA: 31/03/2020; LEGISLACAO: Lei no 934/2017 e Decreto no 
38.933/2018; DO EXECUTOR: Comissao Permanente de Execucao dos Projetos do FAC; Pelo 
FAC/SECEC/DF: Bartolomeu Rodrigues da Silva; AGENTE CULTURAL: GUYLHERME 
DE ALMEIDA FERNANDES.
PAGINA 60
Diario Oficial do Distrito Federal       
No 63, QUINTA-FEIRA, 02 DE ABRIL DE 2020
Documento assinado digitalmente, original em https://www.dodf.df.gov.br
SECRETARIA DE ESTADO DE 
DESENVOLVIMENTO URBANO E HABITACAO
COMPANHIA DE DESENVOLVIMENTO HABITACIONAL
 
EDITAL N 32/2020
O DISTRITO FEDERAL, representado pela COMPANHIA DE DESENVOLVIMENTO 
HABITACIONAL DO DISTRITO FEDERAL- CODHAB/DF, no uso das atribuicoes 
legais, notadamente da Lei no 4.020/2007, da Lei no 3.877/2006 e do Decreto no 
33.965/2012. Resolve tornar publico o cancelamento da habilitacao do senhor ORITON 
PEREIRA SILVA  CPF no ***.***.231-87, por ter renda superior a permitida pelo 
projeto Riacho Fundo II  4a etapa e do senhor Wanderly Martins Carneiro CPF no 
***.***451-00 por nao cumprimento da Lei distrital no 3.877/2006.
Brasilia/DF, 30 de marco de 2020.
WELLINGTON LUIZ
Diretor-Presidente
EDITAL N 33/2020
O DISTRITO FEDERAL, representado pela COMPANHIA DE DESENVOLVIMENTO 
HABITACIONAL DO DISTRITO FEDERAL- CODHAB/DF, no uso das atribuicoes 
legais, com fundamentacao na Lei distrital no 3.877/06, de 26 de junho de 2006, que 
dispoe sobre a Politica Habitacional do Distrito Federal, resolve: convocar o indicado 
THIAGO FERREIRA GONCALVES - CPF no ***.***.721-17 para apresentacao da 
documentacao, via aplicativo CODHAB, bem como habilitar 09 (nove) indicados para 
compor EXCLUSIVAMENTE a demanda do projeto Samambaia, pela entidade 
SINPROEP Edital de Chamamento no 15/2013.
Brasilia/DF, 30 de marco de 2020.
WELLINGTON LUIZ
Diretor Presidente
SECRETARIA DE ESTADO 
DE MEIO AMBIENTE
AGENCIA REGULADORA DE AGUAS, ENERGIA E 
SANEAMENTO BASICO
SUPERINTENDENCIA DE ADMINISTRACAO E FINANCAS
 
EXTRATO DO PRIMEIRO TERMO ADITIVO AO CONTRATO No 03/2020
Processo: 00197-00002702/2019-87. Partes: Adasa e a empresa Mundial Maquinas 
Copiadoras e Suprimentos Eireli. Objeto: SUSPENSAO, pelo prazo de 120 (cento e vinte) 
dias, do Contrato no 03/2020, celebrado em 16 de marco de 2020, para a prestacao de 
servicos de outsorcing de impressao (solucao integrada de servicos de impressao 
corporativa), motivada por necessidade e interesse da Administracao, com fulcro no 
disposto no paragrafo unico do art. 8o, e inciso XIV, do art. 78, ambos da Lei Federal no 
8.666/1993 (Lei de Licitacoes). Prazo/vigencia: A medida avencada tem eficacia desde a 
data da assinatura do contrato original, devendo vigorar de 16/03/2020 a 14/07/2020, 
periodo em que fica suspensa a execucao contratual sem a configuracao de 
inadimplemento para nenhuma das partes envolvidas. DATA DE ASSINATURA: 01 de 
abril de 2020. SIGNATARIOS: pela Adasa, MAGNA MARIA COSTA DOS SANTOS 
MOREIRA, Superintendente de Administracao e Financas; pela contratada, LUCIMAR 
DE SOUZA RIOS, Socio-Diretor.
INEDITORIAL
PARLAMEN",EXTRATO DO PRIMEIRO TERMO ADITIVO AO CONTRATO
