,local,text,
0,79260689-79260711," emergencial de empresa
especializada em supervisao e apoio a fiscalizacao de servico de implantacao, operacao e manutencao do Aterro
Sanitario de Brasilia (ASB), localizado na Regiao Administrativa de Samambaia - Distrito Federal, bem como
a avaliacao dos projetos das Etapas 1 e 2, incluindo o projeto de correcao da Etapa 1, de acordo com o
estabelecido no Projeto Basico (ANEXO I).
O Servico de Limpeza Urbana do Distrito Federal comunica a reabertura da Dispensa acima epigrafada, tendo
em vista que houve necessidade de adequacao do Edital da DL no 05/2019, com fundamento na Sumula no 473
STF. Tipo: menor preco. Valor estimado para ate 180 (cento e oitenta dias) e de R$ 165.000,00 (cento e sessenta
e cinco mil reais). Entrega das propostas ate o dia 28/06/2019 as 18h00min, impreterivelmente, pelo e-mail
copel@slu.df.gov.br ou no protocolo do SLU/DF. Outras informacoes serao disponibilizadas no site do SLU:
www.slu.df.gov.br e pelo telefone 3213-0200.
QUEZIA ALCANTARA VILA NOVA
Diretora
APLICACAO DE PENALIDADE
Processo: 00094-00011346/2018-32; Contrato no 68/2018; Interessado: Servico de Limpeza Urbana - SLU/DF;
Assunto: aplicacao de penalidade; a vista das instrucoes contidas nos autos e com fulcro nos inciso I do artigo
87 da Lei no 8.666/1993 e art. 2o, inciso I do Decreto no 26.851, de 30/05/2006, aplico a Associacao Central de
Reciclagem do Varjao - CRV, pessoa juridica de direito privado, inscrita no CNPJ sob o no 10.340.277/0001-17,
a penalidade de ADVERTENCIA, pelo o descumprimento do item 23.2.10 do Projeto Basico, parte integrante
do Contrato. Publique no Diario Oficial do Distrito Federal. QUEZIA ALCANTARA VILA NOVA -
Diretora.
SECRETARIA DE ESTADO DO MEIO AMBIENTE
AGENCIA REGULADORA DE AGUAS, ENERGIA E
SANEAMENTO DO DISTRITO FEDERAL
AVISO DE ABERTURA DE LICITACAO (EXCLUSIVA PARA ME E EPP)
PREGAO ELETRONICO No 04/2019
Objeto: Aquisicao de materiais de expediente, materiais de manutencao e itens de informatica, divididos
em 03 (tres) lotes. Processo SEI no 00197-00001607/2019-66. Valor estimado: R$ 35.332,83 (Lote I -
material de expediente: R$ 5.611,22; Lote II - material de manutencao: R$ 6.792,95; Lote III - material de
TI: R$ 22.928,66). Programa de trabalho 04.122.6001.8517.9649, naturezas da despesa 3.3.90.30. Copia do
Edital  encontra-se a  disposicao  sem onus,  no  sitio www.comprasgovernamentais.gov.br  e
www.adasa.df.gov.br e no endereco: Setor Ferroviario - Parque Ferroviario de Brasilia - Estacao
Rodoferroviaria, Sobreloja Ala Norte, Cep: 70631-900 - Brasilia - DF. Abertura da licitacao: 11/07/2019
as 10:00h em sessao publica processada no sitio do Comprasgovernamentais, nos termos do Edital.
EDUARDO LOBATO BOTELHO
Pregoeiro
SECRETARIA DE ESTADO DE
DESENVOLVIMENTO SOCIAL
COMISSAO DE CHAMAMENTO PUBLICO
AVISO DE CHAMAMENTO PUBLICO 01/2019
PROCESSO: 00431-00003581/2019-34
A COMISSAO DE CHAMAMENTO PUBLICO, criada por forca da Portaria no 65, de 06 de junho de
2019, publicada no DODF no 107, de 07 de junho de 2019, pagina 49, com objetivo de firmar pa",AVISO DE ABERTURA DE LICITACAO
1,102133059-102133081,"no 34.320, de 26 de abril de 2013, publicado no DODF
no 87, de 29 de abril de 2013, as atribuicoes delegadas pelo art. 1o, incisos I, II, VII, e XXII, da
Portaria no 141, de 5 de julho de 2019, publicada no DODF no 127, de 9 de julho de 2019, e ainda,
considerando os termos do Processo SEI-GDF no 00400-00026542/2019-45, resolve:
Art. 1o Aprovar o Plano Diretor de Tecnologia da Informacao - PDTI da Secretaria de Estado de
Justica e Cidadania do Distrito Federal, para o periodo de 2019/2022, em conformidade com o
disposto Decreto no 37.354, de 20 de maio de 2016, e no Decreto no 37.574, de 26 de agosto de
2016.
Art. 2o A primeira revisao do Plano Diretor de Tecnologia da Informacao da Secretaria de Estado de
Justica e Cidadania do Distrito Federal sera realizada em ate 1(um) ano apos a sua publicacao.
Art. 3o O Plano Diretor de Tecnologia da Informacao - PDTI encontra-se disponivel no sitio
eletronico: http://sejus.df.gov.br na aba ""Servicos"".
Art. 4o Esta Portaria entra em vigor na data da sua publicacao.
MAURICIO ANTONIO DO AMARAL CARVALHO
No 154, quinta-feira, 15 de agosto de 2019
PAGINA 21
Diario Oficial do Distrito Federal
Este documento pode ser verificado no endereco eletronico h t t p : / / w w w. i n . g o v. b r / a u t e n t i c i d a d e . h t m l
pelo codigo 50012019081500021
Documento assinado digitalmente conforme MP no 2.200-2 de 24/08/2001, que institui a
Infraestrutura de Chaves Publicas Brasileira - ICP-Brasil.
SECRETARIA DE ESTADO DO MEIO AMBIENTE
AGENCIA REGULADORA DE AGUAS, ENERGIA E
SANEAMENTO DO DISTRITO FEDERAL
DESPACHO No 122, DE 14 DE AGOSTO DE 2019
O DIRETOR-PRESIDENTE  DA AGENCIA REGULADORA DE  AGUAS, ENERGIA E
SANEAMENTO BASICO DO DISTRITO FEDERAL, no uso das atribuicoes regimentais, conforme
o disposto no artigo 14, inciso VII, da Lei no 4.285, de 26 de dezembro de 2008, Lei no 8.666/93
e suas alteracoes posteriores, Lei no 10.520/2002, conforme deliberacao da Diretoria Colegiada, tendo
em vista o que consta nos autos do Processo SEI no 00197-00001607/2019-66, Pregao Eletronico no
04/2019, que versa sobre a contratacao de empresa para o fornecimento de materiais de expediente,
materiais de manutencao e itens de informatica, tendo em vista a adjudicacao de seu objeto pelo
pregoeiro, em favor da empresa JT Papelaria Ltda. - ME, CNPJ no 31.246.107/0001-48, para o Lote
01 e MP Importacao, Exportacao, Produtos e Servicos Eireli, CNPJ 26.962.292/0001-37, para o Lote
03, resolve: homologar o certame.
PAULO SALLES
SECRETARIA DE ESTADO DE CULTURA E
ECONOMIA CRIATIVA
SECRETARIA EXECUTIVA
PORTARIA No 310, DE 14 DE AGOSTO DE 2019
O SECRETARIO EXECUTIVO DA SECRETARIA DE ESTADO DE CULTURA E ECONOMIA
CRIATIVA DO DISTRITO FEDERAL, no uso das competencias e atribuicoes que lhe sao delegadas por
meio da Portaria no 27, de 28 de janeiro de 2019, publicada no DODF no 23, de 01 de fevereiro de 2019,
pag. 5, e para atender ao interesse da Administracao Publica, resolve:
Art. 1o Os servidores relacionados no Anexo I desta Portaria serao remanejados, para as lota",DESPACHO
