,local,text,
0,58330091-58330113,"por item. Valor estimado:R$ 7.818,80 (sete mil oitocentos e dezoito reais e oitenta
centavos). Unidade Orcamentaria: 22214, UASG: 926254, Elemento de Despesa: 33.90.30. PT:
15.122.6001.8517.9762. Entrega das Propostas: a partir de 14/05/2019, exclusivamente por meio do
sistema eletronico. DATA DA SESSAO PUBLICA: 29/05/2019, as 09h (horario de Brasilia) no endereco
www.comprasgovernamentais.gov.br.O  Edital  ficara disponivel  nos  sitios
www.comprasgovernamentais.gov.br e do SLU http://www.slu.df.gov.br/pregao-eletronico-2019/. Outras
informacoes e esclarecimentos poderao ser obtidos nos telefones 3213-0200 e 3213-0197, no horario de 9h
as 12h e das 14h as 17h.
Brasilia/DF, 13 de maio de 2019.
NEIDE APARECIDA BARROS DA SILVA
Pregoeira
SECRETARIA DE ESTADO DO MEIO AMBIENTE
AGENCIA REGULADORA DE AGUAS, ENERGIA
E SANEAMENTO DO DISTRITO FEDERAL
COMISSAO PERMANENTE DE LICITACAO
AVISO DE ABERTURA DE LICITACAO - CONCORRENCIA No 02/2019
A AGENCIA REGULADORA DE AGUAS, ENERGIA E SANEAMENTO BASICO DO DISTRITO
FEDERAL - Adasa, por intermedio de sua Comissao Permanente de Licitacao, torna publica a realizacao
de licitacao, na modalidade Concorrencia, tipo Tecnica e Preco, para contratacao de consultoria
especializada para validacao do Laudo de Avaliacao dos Ativos Imobilizados em Servico, a ser apresentado
pela Companhia de Saneamento Ambiental do Distrito Federal - CAESB a Adasa, para definicao da Base
de Ativos Regulatoria- BAR referente a 3a Revisao Tarifaria Periodica, com a verificacao da correta
aplicacao da metodologia aprimorada e dos criterios estabelecidos na legislacao e regulamentos pertinentes,
bem como seu acompanhamento ate o final do processo revisional, conforme especificacoes do Projeto
Basico, Anexo I do Edital. A sessao publica de abertura do certame sera realizada no dia 04 de julho de
2019, as 10:00h, no Auditorio da Adasa, localizado na sobreloja da Estacao Rodoferroviaria de Brasilia
(Estacao Rodoferroviaria, Ala Norte, SAIN, CEP 70631-900). Processo SEI 00197-00000863/2019-36.
Valor estimado: R$ 492.338,21 (Quatrocentos e noventa e dois mil trezentos e trinta e oito reais e vinte e
um centavos). Vigencia do contrato: 12 meses. Programa de trabalho: 17.125.6210.2695.0003. Natureza da
Despesa: 3.3.90.35. Fonte de Recursos: 100/150. Copia do Edital disponivel em www.adasa.df.gov.br, no
link ""Licitacoes e Contratos / Licitacoes em Andamento / Comissao Permanente de Licitacao"". Outras
informacoes pelo telefone: (61) 3961-5017 ou pelo e-mail: cpl@adasa.df.go v. b r.
EDUARDO LOBATO BOTELHO
Presidente da Comissao
INSTITUTO DO MEIO AMBIENTE E DOS RECURSOS HIDRICOS
DO DISTRITO FEDERAL - BRASILIA AMBIENTAL
EXTRATO DO 2o TERMO ADITIVO AO CONTRATO
DE PRESTACAO DE SERVICOS No. 02/2017
PROCESSO: 391-002409/2016. PARTES: IBRAM/DF X CENTRO VETERINARIO DO GAMA LT D A .
OBJETO: O presente Termo Aditivo objetiva a prorrogacao do prazo de vigencia do contrato por mais 12
(doze) meses com vigencia de 31/03/2019 a 30/03/2020, com base no art. 62, 3o, inciso I, da Lei no
8.666/19",AVISO DE ABERTURA DE LICITACAO
1,58659308-58659330,"o, designado por meio da Portaria no
31, de 14 de marco de 2019, no uso das atribuicoes que lhe sao conferidas pelo artigo 17, inciso VIII,
da Lei 4.285, de 26 de dezembro de 2008, c/c o artigo 7o, inciso X, do Regimento Interno da Adasa,
tendo em vista deliberacao pela Diretoria Colegiada, e o que consta do Processo SEI no 00197-
00000305/2018-90, resolve:
Art. 1o Designar IVAN PEREIRA PRADO, matricula no 262.621-7, para exercer a funcao de Chefe
da Assessoria Juridico-Legislativa da Agencia Reguladora de Aguas, Energia e Saneamento Basico do
Distrito Federal.
Art. 2o Esta Portaria entra em vigor na data de sua publicacao.
JOSE WALTER VAZQUEZ FILHO
PORTARIA No 58, DE 14 DE MAIO DE 2019
O DIRETOR-PRESIDENTE  DA AGENCIA REGULADORA DE  AGUAS, ENERGIA E
SANEAMENTO BASICO DO DISTRITO FEDERAL, Substituto, designado por meio da Portaria no
31, de 14 de marco de 2019, no uso das atribuicoes que lhe sao conferidas pelo artigo 17, inciso VIII,
da Lei 4.285, de 26 de dezembro de 2008, c/c o artigo 7o, inciso X, do Regimento Interno da Adasa,
tendo em vista deliberacao pela Diretoria Colegiada, e o que consta do Processo SEI no 00197-
00000305/2018-90, resolve:
Art. 1o Designar MARIA FERNANDA DE MIRANDA SILVA, matricula no 272.224-0, para substituir
o titular da Assessoria Juridico-Legislativa da Agencia Reguladora de Aguas, Energia e Saneamento
Basico do Distrito Federal, em suas ausencias e impedimentos.
Art. 2o Esta Portaria entra em vigor na data de sua publicacao.
JOSE WALTER VAZQUEZ FILHO
PORTARIA No 61, DE 14 DE MAIO DE 2019
O DIRETOR-PRESIDENTE SUBSTITUTO DA AGENCIA REGULADORA DE AGUAS, ENERGIA
E SANEAMENTO BASICO DO DISTRITO FEDERAL - Adasa, designado por meio da Portaria no
31, de 14 de marco de 2019, no uso de suas atribuicoes que lhe confere o art. 7o, incisos III e VII,
do Regimento Interno, aprovado pela Resolucao no 16, de 17 de setembro de 2014 e suas alteracoes
posteriores, tendo em vista deliberacao pela Diretoria Colegiada, e o que consta do Processo SEI no
00197-00000863/2019-36, resolve:
Art. 1o Designar IGOR MEDEIROS DA SILVA, matricula no 197.726-1 (Coordenador), PABLO
ARMANDO SERRADOURADA SANTOS, matricula no 261.284-4 (membro) e PATRICIA SI LVA
CACERES,  matricula  no  266.966-8  (suplente)  para  comporem  a  Comissao  Tecnica  de
acompanhamento e apoio aos trabalhos da Comissao Permanente de Licitacao - CPL no processo
licitatorio de que trata o Edital de Concorrencia no 02/2019.
Art. 2o Esta Portaria entra em vigor na data de sua publicacao.
JOSE WALTER VAZQUEZ FILHO
No 90, quarta-feira, 15 de maio de 2019
PAGINA 23
Diario Oficial do Distrito Federal
Este documento pode ser verificado no endereco eletronico h t t p : / / w w w. i n . g o v. b r / a u t e n t i c i d a d e . h t m l
pelo codigo 50012019051500023
Documento assinado digitalmente conforme MP no 2.200-2 de 24/08/2001, que institui a
Infraestrutura de Chaves Publicas Brasileira - ICP-Brasil.
PORTARIA No 62, DE 14 DE MAIO DE 2019
O DIRETOR-PRESIDENTE SUBSTITUTO DA AGENCIA REGULADORA DE AGUAS",Designar
2,85035231-85035253," 18horas
do dia 01/08/2019, exclusivamente por meio do aplicativo CODHAB, de acordo com as informacoes
constantes no portal www.codhab.df.gov.br.
Brasilia/DF, 04 de julho de 2019
WELLINGTON LUIZ
D i r e t o r- P r e s i d e n t e
SECRETARIA DE ESTADO DO MEIO AMBIENTE
AGENCIA REGULADORA DE AGUAS, ENERGIA E
SANEAMENTO DO DISTRITO FEDERAL
AVISO DE AUDIENCIA PUBLICA No 004/2019
O DIRETOR-PRESIDENTE  DA AGENCIA REGULADORA DE  AGUAS, ENERGIA E
SANEAMENTO BASICO DO DISTRITO FEDERAL - Adasa, no uso das atribuicoes regimentais, de
acordo com o que estabelece o art. 28 da Lei no 4.285, de 26 de dezembro de 2008, e conforme deliberacao
da Diretoria Colegiada, COMUNICA: Aos usuarios, agentes e demais interessados na gestao, regulacao e
fiscalizacao de recursos hidricos, que realizara a Audiencia Publica no 004/2019/ADASA, na modalidade
ao vivo-presencial. OBJETIVO: obter subsidios e informacoes adicionais referente a minuta de resolucao
que define os criterios a serem observados na instalacao de sistema de monitoramento de volumes captados
em corpos hidricos de dominio do Distrito Federal e naqueles delegados pela Uniao e estados, e altera
dispositivos da Resolucao Adasa n 350/2006. DATA: 16/07/2019, das 09 horas as 12 horas. LOCAL:
Auditorio Humberto Ludovico - Adasa - Setor Ferroviario, Estacao Rodoferroviaria, Terreo, Ala Norte.
ENVIO DE CONTRIBUICOES: pelo endereco eletronico ap_004_2019@adasa.df.gov.br ou por
correspondencia enderecada ao Protocolo Geral da Adasa, Setor Ferroviario, Parque Ferroviario de
Brasilia, Estacao Rodoferroviaria, Terreo, Ala Norte, CEP: 70.631-900, Brasilia-DF, ate as 18 horas do dia
16 de julho de 2019. INSCRICOES: pelo endereco eletronico ouvidoria@adasa.df.gov.br, no Protocolo-
Geral da Adasa ou no local e dia do evento, entre 08h15 e 09h00 (horario de Brasilia). INFORMACOES:
3961-4900 ou www.adasa.df.gov.br.
PAULO SALLES
COMISSAO PERMANENTE DE LICITACAO
AVISO DE RESULTADO DE JULGAMENTO DA FASE DE HABILITACAO
CONCORRENCIA No 02/2019 - PROCESSO 00197-00000863/2019-36
A AGENCIA REGULADORA DE AGUAS, ENERGIA E SANEAMENTO BASICO DO DISTRITO
FEDERAL - Adasa, por meio de sua Comissao Permanente de Licitacao, torna publico o resultado da
fase de habilitacao (Envelope no 01) da Concorrencia 02/2019 - Tipo tecnica e preco - para contratacao
de consultoria especializada para realizacao de trabalho de validacao do Laudo de Avaliacao dos
Ativos Imobilizados em Servico, a ser apresentado pela Companhia de Saneamento Ambiental do
Distrito - CAESB a Adasa para definicao da Base de Ativos Regulatoria- BAR, referente a 3a Revisao
Tarifaria Periodica. Foram julgadas habilitadas, por terem atendido as exigencias editalicias e, portanto,
No 127, terca-feira, 9 de julho de 2019
PAGINA 49
Diario Oficial do Distrito Federal
Este documento pode ser verificado no endereco eletronico h t t p : / / w w w. i n . g o v. b r / a u t e n t i c i d a d e . h t m l
pelo codigo 50012019070900049
Documento assinado digitalmente conforme MP no 2.200-2 de 24/08/2001, que institui a
I",AVISO DE RESULTADO DE JULGAMENTO DA FASE DE HABILITACAO
3,90568989-90569011,"mo Aditivo ao Contrato 8533/2015, publicado no DODF em 18/03/2015. ASS I N AT U R A :
12/07/2019. ALTERACAO DE CLAUSULAS: PRECO/VALOR: R$ 12.516.927,18 (doze milhoes e
quinhentos e dezesseis mil e novecentos e vinte e sete reais e dezoito centavos). PRAZO DE VIGENCIA:
Prorrogado por 245 (duzentos e quarenta e cinco) dias consecutivos. DA GARANTIA: 5% (cinco por
cento) sobre o valor ora aditado. ASSINANTES: Pela CAESB: Carlos Augusto Lima Bezerra - Presidente
e Virgilio de Melo Peres - Diretor de Diretor de Operacao e Manutencao em Exercicio. Pela SHOX DO
BRASIL CONSTRUCOES LTDA EPP: Denilson Rezende Bonfim.
5 Termo Aditivo ao Contrato 8535/2015, publicado no DODF em 18/03/2015. ASS I N AT U R A :
12/07/2019. ALTERACAO DE CLAUSULAS: PRECO/VALOR: R$ 12.335.699,32 (doze milhoes e
trezentos e trinta e cinco mil e seiscentos e noventa e nove reais e trinta e dois centavos). PRAZO DE
VIGENCIA: Prorrogado por 245 (duzentos e quarenta e cinco) dias consecutivos. DA GARANTIA: 5%
(cinco por cento) sobre o valor ora aditado. ASSINANTES: Pela CAESB: Carlos Augusto Lima Bezerra
- Presidente e Virgilio de Melo Peres - Diretor de Operacao e Manutencao em Exercicio. Pela GERENTEC
ENGENHARIA LTDA: Helio Hiroshi Toyota.
AVISO DE RESULTADO DE LICITACAO
PREGAO ELETRONICO PE No 132/2019
A Pregoeira da CAESB no uso de suas atribuicoes, torna publico o resultado de julgamento do pregao
supracitado, realizado no www.comprasnet.gov.br, UASG: 974200, cujo objeto e Aquisicao de lacres azuis
para lacracao de hidrometros, da forma que se segue: Empresa SAFELOCK PRODUTOS DE
SEGURANCA INDUSTRIA E COMERCIO LTDA, CNPJ: 42.153.841/0001-89, vencedora dos itens 1 e
2 com o valor total de R$ 116.000,00.
NARA MAGALHAES DA SILVA
SECRETARIA DE ESTADO DO MEIO AMBIENTE
AGENCIA REGULADORA DE AGUAS, ENERGIA E
SANEAMENTO DO DISTRITO FEDERAL
COMISSAO PERMANENTE DE LICITACAO DA ADASA
CONVOCACAO DOS LICITANTES HABILITADOS PARA A SESSAO PUBLICA
DE ABERTURA DAS PROPOSTAS TECNICAS
CONCORRENCIA No 02/2019 - PROCESSO 00197-00000863/2019-36
A AGENCIA REGULADORA DE AGUAS, ENERGIA E SANEAMENTO BASICO DO DISTRITO
FEDERAL - ADASA, por meio de sua Comissao Permanente de Licitacao, convoca as empresas LMDM
CONSULTORIA EMPRESARIAL LTDA EPP - CNPJ 11.985.753/0001-10; MFC AVALIACAO E
GESTAO DE ATIVOS LTDA EPP - CNPJ: 11.908.707/0001-17 e DELOITTE TOUCHE TOHMAT S U
CONSULTORES LTDA. - CNPJ: 02.189.924/0001-03, habilitadas na primeira fase da Concorrencia no
02/2019, para a sessao publica de abertura dos Envelopes no 02 - Propostas Tecnicas, que acontecera no
dia 24/07/2019, as 10:00h, na sede da Adasa (Setor Ferroviario - Parque Ferroviario de Brasilia - Estacao
Rodoferroviaria, Sobreloja da Ala Norte - Brasilia - DF).
EDUARDO LOBATO BOTELHO
Presidente da Comissao
INSTITUTO DO MEIO AMBIENTE E DOS RECURSOS HIDRICOS
DO DISTRITO FEDERAL - BRASILIA AMBIENTAL
EXTRATO DO 5o TERMO ADITIVO AO CONTRATO DE PRESTACAO
DE SERVICOS No. 04/2015 - IBRAM/DF (PARQUES) x OI S.A. -
EM RECUPERACAO JUDICIAL
PROCESSO: 0391-001106/2015. PARTES: IBRAM/DF ",CONVOCACAO DOS LICITANTES HABILITADOS PARA A SESSAO PUBLICA DE ABERTURA DAS PROPOSTAS TECNICAS
4,114396724-114396746,"ades e
atitudes fundamentais para o exercicio da lideranca na administracao publica, proveniente do procedimento
de inexigibilidade de licitacao, com fundamento no art. 25, inc. II, da Lei no 8.666/93. Valor: R$ 32.000,00
(trinta e dois mil reais). Prazo/vigencia: 3 (tres) meses a contar da publicacao do contrato. Dotacao
orcamentaria: PT 04.128.6001.4088.0014; ND 33.90.39; Fonte 100. Nota de Empenho: 2019NE00602, de
27/08/2019, no valor de R$ 32.000,00 (trinta e dois mil reais). DATA DE ASSINATURA: 03 de setembro
de 2019. SIGNATARIOS: pela Adasa, JOSE WALTER VAZQUEZ FILHO, Diretor-Presidente Substituto;
pela Contratada: PATRICIA SANTOS GENELHU, Gerente Geral do Grupo IBMEC.
PAGINA 38
No 171, segunda-feira, 9 de setembro de 2019
Diario Oficial do Distrito Federal
Este documento pode ser verificado no endereco eletronico h t t p : / / w w w. i n . g o v. b r / a u t e n t i c i d a d e . h t m l
pelo codigo 50012019090900038
Documento assinado digitalmente conforme MP no 2.200-2 de 24/08/2001, que institui a
Infraestrutura de Chaves Publicas Brasileira - ICP-Brasil.
COMISSAO ESPECIAL DE LICITACAO
AVISO DE REALIZACAO DA SEGUNDA SESSAO PUBLICA
DA CONCORRENCIA No 01/2019
Processo 00197-00005228/2018-64. O Presidente da Comissao Especial de Licitacao da Adasa, instituida
pela Portaria no 220, de 11 de setembro de 2018, informa que a segunda sessao publica da Concorrencia
no 01/2019 (Contratacao de Agencia de Publicidade) sera realizada no dia 13 de setembro de 2019, sexta-
feira, as 10:00h, no Auditorio Humberto Ludovico (Setor Ferroviario - Estacao Rodoferroviaria, terreo, Ala
Norte - Brasilia/DF), quando serao abertos os Involucros no 02 - Plano de Comunicacao Publicitaria Via
Identificada - e realizados os demais procedimentos previstos no item 18.1 do Edital.
Brasilia/DF, 05 de setembro de 2019
EDUARDO LOBATO BOTELHO
Presidente da Comissao
DIVULGACAO DO RESULTADO DO JULGAMENTO
DAS PROPOSTAS TECNICAS
COMISSAO PERMANENTE DE LICITACAO
CONCORRENCIA No 02/2019 - PROCESSO 00197-00000863/2019-36
A AGENCIA REGULADORA DE AGUAS, ENERGIA E SANEAMENTO BASICO DO DISTRITO
FEDERAL, por meio de sua Comissao Permanente de Licitacao, torna publico o resultado do julgamento
das propostas tecnicas: LMDM Consultoria Empresarial, inscrita no CNPJ sob o n.o 11.985.753/0001-10:
88,16 pontos; Deloitte Touche Tohmatsu Consultores Ltda, inscrita no CNPJ sob o n.o 02.189.924/0001-03:
73,00 pontos; e MFC Avaliacao e Gestao de Ativos Ltda-EPP, inscrita no CNPJ sob o n.o 11.908.707/0001-
17: 54,71 pontos. A Ata de Julgamento esta disponivel no site da Adasa (www.adasa.df.gov.br - Licitacoes
e Contratos - Licitacoes em Andamento - Concorrencias - Concorrencia no 02/2019). O processo encontra-
se com vista franqueada aos interessados na sede da Adasa, ou mediante requisicao de acesso externo ao
processo eletronico SEI, conforme disciplinado no Edital. A partir do dia util seguinte a data desta
publicacao inicia-se o prazo recursal comum, de 05 dias uteis, para a apresentacao de recursos; apos inicia-
",AVISO DE REALIZACAO DA SEGUNDA SESSAO PUBLICA
5,128558677-128558699,"iciencia e produtividade, pode ser
um aliado direto na inclusao de pessoas com deficiencia. Portanto, coloco-me a disposicao de todos e
todas, para que juntos, possamos elaborar, executar e fiscalizar procedimentos, que venham a nos ajudar
na pratica"". O Subsecretario de Politicas de Direitos Humanos e Igualdade Racial, Juvenal Araujo Junior,
encerrou esta Reuniao Extraordinaria junto com a Presidente do CODDEDE-DF, agradecendo em nome da
Secretaria de Justica e Cidadania do DF, a presenca de todos (as). Nada mais havendo a constar, eu,
Willian Ferreira da Cunha, Secretario Executivo do CODDEDE-DF, juntamente com Lara Beatriz de
Miranda Belmonte, auxiliar, lavramos a presente ata que sera assinada por mim, por Lara, pela Presidente
e pelo Subsecretario.
SECRETARIA DE ESTADO DO MEIO AMBIENTE
AGENCIA REGULADORA DE AGUAS, ENERGIA
E SANEAMENTO DO DISTRITO FEDERAL
DESPACHO No 157, DE 08 DE OUTUBRO DE 2019
O DIRETOR-PRESIDENTE  DA AGENCIA REGULADORA DE  AGUAS, ENERGIA E
SANEAMENTO BASICO DO DISTRITO FEDERAL, no uso de atribuicoes regimentais, conforme
disposto no inciso VII do artigo 14 da Lei n.o 4.285, de 26 de dezembro de 2008, Lei n.o 8.666/93 e suas
alteracoes posteriores, Edital de Concorrencia n.o 002/2019, que versa sobre a contratacao de consultoria
especializada para realizacao de trabalho de validacao do Laudo de Avaliacao dos Ativos Imobilizados em
Servico, a ser apresentado pela Companhia de Saneamento Ambiental do Distrito - Caesb a Adasa, para a
definicao da Base de Ativos Regulatoria - BAR, referente a 3a Revisao Tarifaria Periodica, com a
verificacao da correta aplicacao da metodologia aprimorada e dos criterios estabelecidos na legislacao e
regulamentos pertinentes, e acompanhamento ate o final do processo revisional, e considerando o recurso
administrativo interposto pela empresa MFC - Avaliacao e Gestao de Ativos Ltda. - EPP, referente ao
resultado do julgamento das propostas tecnicas do processo licitatorio e o que consta nos autos do Processo
SEI no 00197-00000863/2019-36, resolve: conhecer do recurso administrativo interposto pela empresa
licitante MFC Avaliacao e Gestao de Ativos Ltda. - EPP, eis que tempestivo, e no merito, dar provimento
parcial, alterando a pontuacao tecnica atribuida inicialmente a recorrente de 54,70 (cinquenta e quatro
virgula setenta pontos) para 73,60 (setenta e tres virgula sessenta pontos), mantendo-se as demais
pontuacoes, nos termos do voto do Diretor-Relator.
PAULO SALLES
DESPACHO No 159, DE 08 DE OUTUBRO DE 2019.
Fixa os valores da Taxa de Fiscalizacao sobre os Servicos Publicos de Abastecimento de Agua e
Esgotamento Sanitario (TFS) e Taxa de Fiscalizacao dos Usos dos Recursos Hidricos (TFU) do mes de
agosto/2019, a ser repassado pela Companhia de Saneamento Ambiental do Distrito Federal - CAESB.
O DIRETOR-PRESIDENTE  DA AGENCIA REGULADORA DE  AGUAS, ENERGIA E
SANEAMENTO BASICO DO DISTRITO FEDERAL, no uso de suas atribuicoes e tendo em vista o
disposto nos arts. 1o, 3o e 12 da Lei Complementar no 711, de 13 de setembro ",DESPACHO 
6,130258413-130258435,"odesicos na modalidade de
Pregao Eletronico, destinados ao Grupo de Trabalho de Topografia e Analises Geograficas/GT-
Topografia da CODHAB, de acordo com as especiGcacoes e quantitativos contidos neste Termo de
Referencia constante do Anexo I do Edital. Data de abertura: 10h00min do dia 23 de outubro de 2019.
O respectivo edital podera ser retirado no endereco www.comprasnet.gov.br e www.codhab.df.gov.br.
Processo no 00392.00003999/2019-46. Informacoes referentes ao certame por meio do site ou por
telefone: (61) 3214.1830.
Brasilia/DF, 09 de outubro de 2019
CLAYTON ARAGAO
Presidente da Comissao
AVISO DE LICITACAO DO EDITAL DE CONCORRENCIA N 04/2019
A Companhia de Desenvolvimento Habitacional do Distrito Federal - CODHAB, no uso de suas
atribuicoes legais, torna publico, para o conhecimento dos interessados, que fara realizar licitacao na
modalidade de EDITAL DE CONCORRENCIA N 04/2019, do tipo TECNICA E MENOR PRECO
POR UNIDADE HABITACIONAL, para O objeto do edital consiste na promocao de empreendimentos
habitacionais por meio da producao e comercializacao de Unidades Habitacionais a serem
disponibilizadas ao cadastro de habitacao, em terrenos de propriedade do Distrito Federal localizados
em Santa Maria RAXIII, em atendimento a politica habitacional do Governo do Distrito Federal, de
acordo com as especiGcacoes e quantitativos contidos neste Termo de Referencia constante do Anexo I
do Edital. Data de abertura: 10h00min do dia 04 de novembro de 2019. O respectivo edital podera ser
retirado no  endereco www.comprasnet.gov.br e www.codhab.df.gov.br.  Processo  no  00392-
00007210/2019-26. Informacoes referentes ao certame por meio do site ou por telefone: (61)
3214.1830.
Brasilia/DF, 10 de outubro de 2019
CLAYTON ARAGAO
Presidente da Comissao
SECRETARIA DE ESTADO DO MEIO AMBIENTE
AGENCIA REGULADORA DE AGUAS, ENERGIA E SANEAMENTO
DO DISTRITO FEDERAL
COMISSAO PERMANENTE DE LICITACAO
AVISO DE ABERTURA DA PROPOSTA DE PRECOS
(3o ENVELOPE)
CONCORRENCIA No 02/2019 - Processo: 00197-00000863/2019-36
A AGENCIA REGULADORA DE AGUAS, ENERGIA E SANEAMENTO BASICO DO DISTRITO
FEDERAL - Adasa, por intermedio da Comissao Permanente de Licitacao, comunica a todos os
interessados que a Sessao Publica de Abertura dos Envelopes relativos a PROPOSTA DE PRECO da
Concorrencia em epigrafe, cujo objeto e a contratacao de consultoria especializada para realizacao de
trabalho de validacao do Laudo de Avaliacao dos Ativos Imobilizados em Servico, a ser apresentado pela
Companhia de Saneamento Ambiental do Distrito - Caesb a Adasa para definicao da Base de Ativos
Regulatoria- BAR, referente a 3a Revisao Tarifaria Periodica, sera realizada no dia 18/10/2019, as
9h30min, na Sala de Reunioes da Adasa, sobreloja, localizada no Setor Ferroviario - Parque Ferroviario de
Brasilia - Estacao Rodoferroviaria, Sobreloja Ala Norte - Brasilia - DF. Outras informacoes poderao ser
obtidas nos telefones no (61) 3961-5017, (61) 3961-4961 e ou (61) 3961-5026, ou por meio do e-mail
c p l @ a d a s a . d f . g o v. b r.
",AVISO DE ABERTURA DA PROPOSTA DE PRECOS
7,134192023-134192045," 22 de outubro
de 2019 ate 22 de outubro de 2020. Data da assinatura do Termo Aditivo: 16/10/2019. Signatarios: Pela
CODHAB/DF: Wellington Luiz de Souza Silva, na qualidade de Diretor Presidente; Pela Contratada:
Edmilson Rosa Martins de Carvalho, na qualidade de Diretor Geral. (Contrato no 098/2018 publicado no
DODF no 202, pag. 58, de 23 de outubro de 2018).
PRIMEIRO TERMO ADITIVO DO CONTRATO No 099/2018
Processo: 00392-00001926/2018-39 - Contratante: Companhia de Desenvolvimento Habitacional do
Distrito Federal/CODHAB- CNPJ 09.335.575/0001-30; Contratada: LUIZ CAIO AVILA DINIZ - CNPJ
05.795.987/0001-00. Constitui objeto do presente Termo o Aditivo a prorrogacao por mais 6 (seis) meses
do contrato no 099/2018, entre o periodo de 22 de outubro de 2019 ate 22 de outubro de 2020. Data da
assinatura do Termo Aditivo: 16/10/2019.Signatarios: Pela CODHAB/DF: Wellington Luiz de Souza Silva,
na qualidade de Diretor Presidente; Pela Contratada: Luiz Caio Avila Diniz, na qualidade de Diretor Geral.
(Contrato no 099/2018 publicado no DODF no 202, pag. 58, de 23 de outubro de 2018).
EDITAL N 92/2019
O  DISTRITO FEDERAL,  representado pela  COMPANHIA DE  DESENVOLVIMENTO
HABITACIONAL DO DISTRITO FEDERAL- CODHAB/DF, no uso das atribuicoes legais, notadamente
da Lei no 4.020/2007, da Lei no 3.877/2006 e do Decreto no 33.965/2012. resolve tornar publica a
convocacao de 60 (sessenta) indicados, sendo 20 (vinte) pela entidade ASSICAFE, 20(vinte) pela
COOHAPLANSAD e 20(vinte) da entidade CERNEGRO, para apresentacao da documentacao via
aplicativo CODHAB, a fim de compor exclusivamente as demandas do projeto Recanto das Emas -Edital
Chamamento no 13/2011.
Brasilia/DF, 15 de outubro de 2019
WELLINGTON LUIZ
D i r e t o r- P r e s i d e n t e
SECRETARIA DE ESTADO DO MEIO AMBIENTE
AGENCIA REGULADORA DE AGUAS, ENERGIA E
SANEAMENTO DO DISTRITO FEDERAL
COMISSAO PERMANENTE DE LICITACAO
DIVULGACAO DA CLASSIFICACAO PROVISORIA
APOS ABERTURA DAS PROPOSTAS DE PRECO
CONCORRENCIA No 02/2019 PROCESSO 00197-00000863/2019-36
A AGENCIA REGULADORA DE AGUAS, ENERGIA E SANEAMENTO BASICO DO DISTRITO
FEDERAL, Adasa, por meio de sua Comissao Permanente de Licitacao, torna publico o resultado
provisorio da Concorrencia no 02/2019 (tipo: tecnica e preco): 1a colocada: LMDM Consultoria
Empresarial, inscrita no CNPJ sob o n.o 11.985.753/0001-10: 91,71 pontos (preco: R$ 281.600,00); 2a
colocada: Deloitte Touche Tohmatsu Consultores Ltda, inscrita no CNPJ sob o n.o 02.189.924/0001-
03: 78,26 pontos (preco: R$ 311.100,00); e 3a colocada: MFC Avaliacao e Gestao de Ativos Ltda-EPP,
inscrita no CNPJ sob o n.o 11.908.707/0001-17: 76,03 pontos (preco: R$ 344.636,72). A Ata de
Julgamento da Terceira Etapa esta disponivel no site da Adasa (www.adasa.df.gov.br - Licitacoes e
Contratos - Licitacoes em Andamento - Concorrencias - Concorrencia no 02/2019). O processo
encontra-se com vista franqueada aos interessados na sede da Adasa, ou mediante requisicao de acesso
externo ao processo eletronico SEI, conforme disciplinado no Edi",DIVULGACAO DA CLASSIFICACAO PROVISORIA APOS ABERTURA DAS PROPOSTAS DE PRECO
8,144590798-144590820,"s estudos de forma mais detalhada, para nao ocorrer
engano, a exemplo do processo do SIG que nao houve encaminhamento de PLC devido a falta do estudo
de impacto de transito. A Secretaria Executiva Giselle Moll esclareceu que nao houve engano, o que
houve foi um pronunciamento a fim de acalmar as criticas infundadas e que o projeto foi, inclusive,
apreciado e aprovado em audiencia publica. Por fim, finalizando os trabalhos, passou para o Item 4.
Encerramento, que por nao haver mais discussoes ou debates, considerou encerrada a reuniao,
agradecendo a presenca de todos. RICARDO SILVA MARTINS, Membro Suplente - SEFP; LEONARDO
LUCIO LOPES CANCADO, Membro Suplente- SEFP; SELENE SIMAN, Membro Suplente - CUT;
KARINE KAREN MARTINS SANTOS, Membro Suplente - IBRAM; JUNIA SALOMAO
FEDERMAN,Membro Suplente  - CODHAB;  FRANCISCO NORMANDO  FEITOSA DE
MELO,Membro Suplente  - SEDS; SERGIO AUGUSTO  FONSECA MARTINS,Membro -
TERRACAP;NILVAN VITORINO DE ABREU,Membro Titular -Representante de Entidades dos
Movimentos Populares da Area de Habitacao; ANTONIO BATISTA DE MORAIS,Membro Titular -
Representante de Entidades dos Movimentos Populares da Area de Habitacao; IGOR DE FARIAS
BASILIO, Membro Titular - Representante de Entidades dos Movimentos Populares da Area de
Habitacao; ROBERTO RUBINGER BOTELHO, Membro Titular - SINDUSCON. GISELLE MOLL
MASCARENHAS Secretaria Executiva - SEDUH Vice-Presidente.
SECRETARIA DE ESTADO DO MEIO AMBIENTE
AGENCIA REGULADORA DE AGUAS, ENERGIA E SANEAMENTO
DO DISTRITO FEDERAL
DESPACHO No 175, DE 12 DE NOVEMBRO DE 2019
O DIRETOR-PRESIDENTE  DA AGENCIA REGULADORA DE  AGUAS, ENERGIA E
SANEAMENTO BASICO DO DISTRITO FEDERAL, Substituto, designado por meio da Portaria no
31, de 14 de marco de 2019, no uso das atribuicoes regimentais, conforme o disposto no inciso VII
do artigo 14 da Lei no. 4.285, de 26 de dezembro de 2008, Lei no. 8.666/93 e suas alteracoes
posteriores, tendo em vista deliberacao da Diretoria Colegiada, e o que consta nos autos do Processo
SEI n.o 00197-00000863/2019-36, referente a Licitacao Concorrencia n.o 02/2019, que versa sobre a
contratacao de consultoria especializada para realizacao de trabalho de validacao do Laudo de
Avaliacao dos Ativos Imobilizados em Servico, a ser apresentado pela Companhia de Saneamento
Ambiental do Distrito - Caesb a Adasa, para a definicao da Base de Ativos Regulatoria - BAR,
referente a 3a Revisao Tarifaria Periodica, com a verificacao da correta aplicacao da metodologia
aprimorada e dos criterios estabelecidos na legislacao e regulamentos pertinentes, e acompanhamento
ate o final do processo revisional, resolve: adjudicar o objeto da licitacao em favor da empresa
LMDM Consultoria Empresarial Ltda. - EPP, CNPJ n.o 11.985.753/0001-10; (ii) homologar o certame,
nos termos do voto do Diretor-Relator.
JOSE WALTER VAZQUEZ FILHO
PAGINA 10
No 217, quarta-feira, 13 de novembro de 2019
Diario Oficial do Distrito Federal
Este documento pode ser verificado no endereco eletronico h t t p : / / w w w. i n . g o v. b r / a u t e",DESPACHO
