,local,text,
0,60264789-60264811,"00370-00001322/2018-13. Objeto: Contratacao de consultor para atuar na elaboracao de estudo
tecnico que defina quais os locais, nas areas de interesse economico do Distrito Federal, onde ha: vocacao,
aglomerado, arranjo, ou atividade economica (latente ou pujante) que justifique a implantacao de parques
tecnologicos, polos industriais ou fomento governamental para a atividade. A SDE informa a
ADJUDICACAO, com o fulcro no inciso VI do Artigo 43 da LEI 8.666/93, a contratacao do consultor
selecionado no certame o Sr. Neantro Saavedra-Rivano CPF n 592.374.577-15, no valor total de R$
74.400,00 e a HOMOLOGACAO do certame, de acordo com a citada lei.
SELECAO BASEADA NA QUALIDADE (SBQ) (*)
PROCIDADES - PROGRAMA DE DESENVOLVIMENTO ECONOMICO
DO DISTRITO FEDERAL - ADES
Processo: 00370-00001333/2018-01. Objeto: Contratacao de consultor a ser contratado para atuar na
elaboracao de um estudo tecnico que identifique, mapeie e georreferencie as atividades economicas de
inovacao industrial e de servicos relevantes, ou com potencial para o ecossistema de inovacao no Distrito
Federal. A SDE informa a ADJUDICACAO, com o fulcro no inciso VI do Artigo 43 da LEI 8.666/93,
a contratacao do consultor selecionado no certame o Sr. Neantro Saavedra-Rivano CPF n 592.374.577-15,
no valor total de R$ 111.600,00 e a HOMOLOGACAO do certame, de acordo com a citada lei.
RUY COUTINHO DO NASCIMENTO
Secretario de Estado
(*) Republicado por ter saido com incorrecao, publicado no DODF no 91, de 16/05/2019, pagina 45.
COMISSAO ESPECIAL DE LICITACAO
AVISO DE ABERTURA DE LICITACAO PUBLICA NACIONAL
PROJETO BR-L 1076 - SDE-DF/BID
PROCIDADES - PROGRAMA DE DESENVOVIMENTO ECONOMICO
DO DISTRITO FEDERAL - ADES
Concorrencia LPN no 01/2019 - SDE/DF - do tipo empreitada por preco unitario, para Contratacao de
empresa para a execucao das obras das Pracas nas ADE's Setor de Materiais de Construcao e Setor de
Industrias de Ceilandia-DF, com financiamento do Banco Interamericano de Desenvolvimento - BID. -
processo n.o 00370.00004359/2018-01 - valor estimado da contratacao: R$ 5.244.413,12 - Programa de
Trabalho 22.661.6207.5021.0001 - Modernizacao e Melhoria da Infraestrutura das Areas de
Desenvolvimento Economico do DF, PROCIDADES /DF, natureza de despesa 4.4.90.51, Obras e
Instalacoes - fonte 100 e fonte 136 - Prazo de Execucao: 120 (cento e vinte) dias corridos - Prazo de
Vigencia do contrato: 210 (duzentos e dez) dias corridos - Data e horario de realizacao da licitacao: 18 de
junho de 2019 - as 10:30 horas (horario de Brasilia). A Comissao Especial de Licitacao da SDE torna
publico aos interessados a abertura da licitacao acima na data e horario indicados, na sede desta SDE, sito
no Setor Comercial Norte, Quadra 02, Bloco ""C"", N 900, 2o andar - Asa Norte - Brasilia - DF. O edital
e seus anexos deverao ser retirados conforme instrucoes contidas exclusivamente no endereco eletronico
site: http://www.sde.df.gov.br//, na pagina principal, aba ""licitacoes"", bem como maiores informacoes e
respeito do certame.
Brasilia/DF,",AVISO DE ABERTURA DE LICITACAO
1,63039095-63039117,"o, nos termos do Artigo 24, caput, da Lei 8.666, de 21
de junho de 1993; ratifica nos termos do Artigo 26 do mesmo diploma legal a dispensa de licitacao;
Determina de acordo com o Artigo 106, Inciso XXII do Regimento aprovado pelo Decreto no 37.949, de
12 de janeiro de 2017, a emissao de nota de empenho conforme o valor acima discriminado, em favor da
SECRETARIA DE ESTADO DE FAZENDA DO DISTRITO FEDERAL. Em 22 de maio de 2019. FAUZI
NACFUR JUNIOR, Diretor-Geral.
SUPERINTENDENCIA ADMINISTRATIVA E FINANCEIRA
DIRETORIA DE MATERIAIS E SERVICOS
AVISO DE LICITACAO
PREGAO ELETRONICO No 33/2019
Contratacao de empresa especializada, por meio de registro de precos, para locacao de paineis de
mensagens variaveis (pmv) moveis e fixos, com sistema remoto de controle, incluindo os servicos com
deslocamento, manutencao, suporte tecnico e treinamento de usuarios, para atender as necessidades do
Departamento de Estradas de Rodagem do Distrito Federal - DER/DF, conforme especificacoes e
condicoes no anexo I do edital, Processo SEI no 00113.00015111/2019-71. Data e horario para recebimento
das propostas: ate 9h00min do dia 07 de junho de 2019, com valor estimado de R$ 7.926.000,00.
Os respectivos editais poderao ser retirados exclusivamente nos enderecos eletronicos www.der.df.gov.br e
www.licitacoes-e.com.br. Demais informacoes no proprio edital.
Brasilia/DF, 23 de maio de 2019.
CELIA MARIA SIQUEIRA LEAL
Diretora
SECRETARIA DE ESTADO DE
DESENVOLVIMENTO ECONOMICO
SUBSECRETARIA DE ADMINISTRACAO GERAL
COMISSAO ESPECIAL DE LICITACAO
AVISO DE ABERTURA DE LICITACAO PUBLICA NACIONAL
PROJETO BR-L 1076 - SDE-DF/BID
PROCIDADES - PROGRAMA DE DESENVOVIMENTO ECONOMICO DO DISTRITO FEDERAL -
ADES
Concorrencia LPN no 01/2019 - SDE/DF - do tipo empreitada por preco unitario, para Contratacao de
empresa para a execucao das obras das Pracas nas ADE's Setor de Materiais de Construcao e Setor de
Industrias de Ceilandia-DF, com financiamento do Banco Interamericano de Desenvolvimento - BID. -
processo n.o 00370.00004359/2018-01 - valor estimado da contratacao: R$ 5.244.413,12 - Programa de
Trabalho 22.661.6207.5021.0001 - Modernizacao e Melhoria da Infraestrutura das Areas de
Desenvolvimento Economico do DF, PROCIDADES /DF, natureza de despesa 4.4.90.51, Obras e
Instalacoes - fonte 100 e fonte 136 - Prazo de Execucao: 120 (cento e vinte) dias corridos - Prazo de
Vigencia do contrato: 210 (duzentos e dez) dias corridos - Data e horario de realizacao da licitacao: 18 de
junho de 2019 - as 10:30 horas (horario de Brasilia). A Comissao Especial de Licitacao da SDE torna
publico aos interessados a abertura da licitacao acima na data e horario indicados, na sede desta SDE, sito
no Setor Comercial Norte, Quadra 02, Bloco ""C"", N 900, 2o andar - Asa Norte - Brasilia - DF. O edital
e seus anexos deverao ser retirados conforme instrucoes contidas exclusivamente no endereco eletronico
site: http://www.sde.df.gov.br//, na pagina principal, aba ""licitacoes"", bem como maiores informacoes e
respeito do certame.
Brasilia/DF,",AVISO DE ABERTURA DE LICITACAO
2,279278904-279278926,"ude, da Diretoria Executiva, da Fundacao de Ensino e Pesquisa em
Ciencias da Saude, em seus afastamentos ou impedimentos legais.
MARCOS DE SOUSA FERREIRA
SECRETARIA DE ESTADO DE
DESENVOLVIMENTO ECONOMICO
SUBSECRETARIA DE ADMINISTRACAO GERAL
ORDEM DE SERVICO No 128, DE 26 DE DEZEMBRO DE 2019 (*)
O SUBSECRETARIO DE ADMINISTRACAO GERAL, DA SECRETARIA DE ESTADO DE
DESENVOLVIMENTO ECONOMICO DO DISTRITO FEDERAL, no uso das atribuicoes conferidas pelo
Decreto no 39.041, de 10 de maio de 2018, considerando o disposto na Lei no 8.666, de 21 de junho de
1993, e no Decreto no 32.598, de 15 de dezembro de 2010, bem como considerando a instrucao SEI-GDF
no 0370-000475/2016, resolve:
Art. 1o Designar YUDI ALISSON ALVES MOURAO, matricula 274.924-6, como coordenador da
Comissao, SONIA MARIA ALENCAR CESAR, matricula 175.672-9, como como membro e coordenador
substituto da Comissao e ALYNE REGINA DA SILVA SOUZA, matricula 274.998-2, como membro da
Comissao do do Contrato no 040307/2019, referente a contratacao de empresa para a execucao das obras
de complementacao da infraestrutura de drenagem e pavimentacao asfaltica na ADE AMA do Gama.
Art. 2o Os servidores de que trata a presente Ordem de Servico devem observar e cumprir o disposto nos
artigos 67 e 73, da Lei no 8.666, de 21 de junho de 1993; no inciso II e no  5o, do art. 41, do Decreto
no 32.598, de 15 de dezembro de 2010; na Ordem de Servico no 134, de 28 de outubro de 2015; e demais
normativos vigentes que regem a materia.
Art. 3o Esta Ordem de Servico entra em vigor na data de sua publicacao.
LUIZ FERNANDO NASCIMENTO MEGDA
ORDEM DE SERVICO No 129, DE 26 DE DEZEMBRO DE 2019 (*)
O SUBSECRETARIO DE ADMINISTRACAO GERAL, DA SECRETARIA DE ESTADO DE
DESENVOLVIMENTO ECONOMICO DO DISTRITO FEDERAL, no uso das atribuicoes conferidas pelo
Decreto no 39.041, de 10 de maio de 2018, considerando o disposto na Lei no 8.666, de 21 de junho de
1993, e no Decreto no 32.598, de 15 de dezembro de 2010, bem como considerando a instrucao SEI-GDF
no 00370.00004359/2018-01, resolve:
Art. 1o Designar FABRICIO SILVEIRA MARTINS, matricula 043.867-7, como coordenador da Comissao,
RANDER BERNARDES QUEIROGA, matricula 040.769-0, como membro e coordenador substituto da
Comissao e GLEICE DAIANE DA SILVA, matricula 273.659-4 como como membro da Comissao do
Contrato no 040308/2019, referente a contratacao de empresa para a execucao das obras das pracas da ADE
Setor de Materiais de Construcao da Ceilandia e Setor De Industrias da Ceilandia do Programa Procidades-
D F.
Art. 2o Os servidores de que trata a presente Ordem de Servico devem observar e cumprir o disposto nos
artigos 67 e 73, da Lei no 8.666, de 21 de junho de 1993; no inciso II e no  5o, do art. 41, do Decreto
no 32.598, de 15 de dezembro de 2010; na Ordem de Servico no 134, de 28 de outubro de 2015; e demais
normativos vigentes que regem a materia.
Art. 3o Esta Ordem de Servico entra em vigor na data de sua publicacao.
LUIZ FERNANDO NASCIMENTO MEGDA
___________________
(*) Republicadas por terem sido e",Designar 
3,279672051-279672073,"E MORAIS NETO na qualidade de representante legal.
EXTRATO DECIMO SEGUNDO TERMO ADITIVO AO CONTRATO DE PRESTACAO DE
SERVICOS No 26/2014
Processo: 00002-00007054/2017-04- DAS PARTES: SECRETARIA DE ESTADO DE CIENCIA,
TECNOLOGIA E INOVACAO  DO DF na qualidade  de CONTRATANTE; Consorcio
GLOBALIZACAO EMPRESA DE SERVICOS GERAIS LTDA, CNPJ no 16.551.249/0001-25, na
qualidade de CONTRATADA. DO OBJETO: a prorrogacao do prazo de execucao e de vigencia do
contrato, em carater excepcional, pelo periodo de 12 (doze) meses ou ate a finalizacao dos tramites dos
processos de contratacao em andamento (Processos: 04008-00000383/2019-05, 04008-00000404/2019-84,
04008-00000373/2019-61, 04008-00000372/2019-17 e 04008-00000487/2019-10), o que ocorrer
primeiro. DA ASSINATURA: 04/12/2019. DOS SIGNATARIOS: Pelo Contratante: GILVAM MAXIMO
na qualidade de Secretario de Estado e pelo contratado PATROCINIO VALVERDE DE MORAIS NETO
na qualidade de representante legal.
EXTRATO DO PRIMEIRO TERMO ADITIVO AO CONTRATO No 37381/2018
Processo: 0370-000448/2016 DAS PARTES: SEC. DE ESTADO DE DESENVOLVIMENTO
ECONOMICO DO DF na qualidade de CONTRATANTE; Consorcio Supervisor DF (formado pelas
empresas EGIS Internacional e EGIS Engenharia e Consultoria LTDA), inscrito no CNPJ no
31.929.613/0001-73,, na qualidade de CONTRATADA. DO OBJETO: fica prorrogada a vigencia do
Contrato por mais 12 (doze) Meses, com finalizacao em 19/12/2020, balizado na solicitacao da empresa
contratada na Carta Consorcio DF no 094/2019, de 07/11/2019 (Doc. Sei no 31193982) e anuencia da
Comissao Executora exarada na Nota Tecnica SEI-GDF n.o 2/2019 - SDE/GAB/CEC37381/2018 (Doc
Sei no 32807434), nos termos do Art. 57,  1o, inciso II, da Lei 8.666, de 21 de junho de 1993.DA
ASSINATURA: 18/12/2019. DOS SIGNATARIOS: Pelo Contratante: RUY COUTINHO DO
NASCIMENTO na qualidade de Secretario de Estado e pelo contratado ALEXANDRE ZUPPOLINI
NETO na qualidade de representante legal.
EXTRATO DO CONTRATO DE EXECUCAO DE OBRA No 040308/2019
Processo: 00370-00004359/2018-01. Partes: Secretaria de Estado de Desenvolvimento Economico e
SIGMA INCORPORACOES E CONSTRUCOES LTDA CNPJ 20.103.987/0001-87. Objeto: execucao
das obras das Pracas das ADE's Setor de Materiais de Construcao da Ceilandia e Setor de Industria da
Ceilandia. Valor: R$ 3.558.291,48 (tres milhoes, quinhentos e cinquenta e oito mil, duzentos e noventa
e um reais e quarenta e oito centavos). Dotacao Orcamentaria: 22.661.6207.5021.0001 - fonte 136,
natureza da despesa: 4.4.90.51, 22.661.6207.5021.0001 - fonte 100, natureza da despesa: 4.4.90.51. Data
de Assinatura: 18/12/2019. Signatarios: pelo contratante, RUY COUTINHO DO NASCIMENTO, na
qualidade de Secretario de Estado e, pela contratada, ATHUS RODRIGUES DE SOUZA, na qualidade
de Representante Legal.
EXTRATO DO CONTRATO DE EXECUCAO DE OBRA No 040307/2019
Processo: 0370-000475/2016. Partes: Secretaria de Estado de Desenvolvimento Economico e SIGMA
INCORPORACOES E CONSTRUCOES LTDA CNPJ 20.103.987/0001-87. Objeto: execucao das obras
de complemen",EXTRATO DO CONTRATO DE EXECUCAO DE OBRA
4,283280641-283280663,"s atribuicoes que lhe confere a Instrucao no 01, de 16 de
abril de 2018, publicada no Diario Oficial no 74 de 18 de abril de 2018 e em conformidade com os termos dos
artigos 44 e 45, da Lei Complementar n.o 840, de 23 de dezembro de 2011 e do Decreto no 39.002, de 24 de abril
de 2018, resolve: DESIGNAR JULIO CESAR MOTA, matricula 93.686-3, para substituir PAULO CESAR
LAPA DE SOUZA, matricula 93.720-7, no cargo de Corregedor do Departamento de Estradas de Rodagem do
Distrito Federal, Simbolo CNE-06, no periodo de 03/02/2020 a 03/03/2020, por motivo de ferias
regulamentares do(a) titular do cargo.
CARLOS GERALDO CAIXETA CRUZ
ORDEM DE SERVICO No 18, DE 09 DE JANEIRO DE 2020
O SUPERINTENDENTE ADMINISTRATIVO E FINANCEIRO, DO DEPARTAMENTO DE ESTRADAS
DE RODAGEM DO DISTRITO FEDERAL, no uso das atribuicoes que lhe confere a Instrucao no 01, de 16 de
abril de 2018, publicada no Diario Oficial no 74 de 18 de abril de 2018 e em conformidade com os termos dos
artigos 44 e 45, da Lei Complementar n.o 840, de 23 de dezembro de 2011 e do Decreto no 39.002, de 24 de abril
de 2018, resolve: DESIGNAR MANOEL DOS SANTOS, matricula 93.663-8, para substituir JULIO CESAR
MOTA, matricula 93.686-3, no cargo de Diretor de Instrucao, Execucao, Acompanhamento e Auditorias da
Corregedoria do Departamento de Estradas de Rodagem do Distrito Federal, Simbolo CNE-07, no periodo de
03/02/2020 a 03/03/2020, por motivo de o(a) titular do cargo estar substituindo o Corregedor no periodo.
CARLOS GERALDO CAIXETA CRUZ
SECRETARIA DE ESTADO DE
DESENVOLVIMENTO ECONOMICO
SUBSECRETARIA DE ADMINISTRACAO GERAL
ORDEM DE SERVICO No 12, DE 09 DE JANEIRO DE 2020
O SUBSECRETARIO DE ADMINISTRACAO GERAL, DA SECRETARIA DE ESTADO DE
DESENVOLVIMENTO ECONOMICO DO DISTRITO FEDERAL, no uso das atribuicoes conferidas
pelo Decreto no 39.041, de 10 de maio de 2018, considerando o disposto na Lei no 8.666, de 21 de
junho de 1993, e no Decreto no 32.598, de 15 de dezembro de 2010, bem como considerando a
instrucao do Processo no 00370.00004359/2018-01, resolve:
Art. 1o Designar MARIO CESAR FAUSTINO HONORIO, CREA: 2.011/D-PI, matricula: 74.718-1,
Engenheiro Civil, para auxiliar a Comissao de Execucao designada na Ordem de Servico no 03, de
02 de janeiro de 2020, na atribuicao de fiscalizacao do Contrato 040308/2019-SDE, referente a
execucao das obras das pracas da ADE Setor de Materiais de Construcao da Ceilandia e Setor De
Industrias  da Ceilandia  do Programa  Procidades-DF,  conforme Convenio  no 03/2015  -
U G P / S E D S T.
Art. 2o O servidor de que trata a presente Ordem de Servico devem observar e cumprir o disposto
nos artigos 67 e 73, da Lei no 8.666, de 21 de junho de 1993; no inciso II e no  5o, do art. 41,
do Decreto no 32.598, de 15 de dezembro de 2010; na Ordem de Servico no 134, de 28 de outubro
de 2015; e demais normativos vigentes que regem a materia.
Art. 3o Esta Ordem de Servico entra em vigor na data de sua publicacao.
LUIZ FERNANDES MAIA
ORDEM DE SERVICO No 13, DE 09 DE JANEIRO DE 2020
O SUBSECRETARIO DE ADMINIS",Designar
5,326668511-326668533,"65, de 30 de agosto de 2019, pagina 13, e o Decreto no 32.587, de 13 de 
dezembro de 2010, e tendo em vista o disposto no art. 2o, inciso VIII do Decreto no 
37.843, de 13 de dezembro de 2016, resolve:
Art. 1o Designar BRUNO MARIANO SOUZA LOPES FROTA - Matricula no 245.403-3 -
Analista de Atividades Culturais, DANILO REBOUCAS DOS REIS - Matricula no 
240.508-3 - Tecnico de Atividades Culturais, BRUNA ROSA BARRETO FONSECA 
DIAS NUNES - Matricula no 241.911-4 - Analista de Atividades Culturais e MARIA 
INES ALVES DE SOUZA - Matricula no 283.583-X - Analista de Atividades Culturais, 
para atuarem como Gestores da Parceria MROSC do Termo de Fomento, referente ao 
Projeto  1o  FESTIVAL  ONLINE  NO  SEU  QUADRADO    Processo: 
00150.00002010/2020-17, competindo-lhes acompanhar a parceria conforme atribuicoes 
previstas no art. 52 do Decreto no 37.843, de 13 de dezembro de 2016, nos termos do art. 
61 da Lei Nacional no 13.019, de 31 de julho de 2014, bem como responsabilizarem-se 
pelo cumprimento do Decreto Distrital no 39.437/2018, que regulamenta a Lei Distrital no 
5.163/2013, fazendo juntar no Relatorio fotografias e/ou videos da placa informativa 
contendo as informacoes necessarias da parceria, tais como valores dos recursos publicos, 
o orgao responsavel pela contratacao e a Organizacao da Sociedade Civil, observando a 
legislacao compilada no Processo: 00150-00006577/2019-11.
Art. 2o Esta Ordem de Servico entra em vigor na data de sua publicacao.
TIAGO RODRIGO GONCALVES
SECRETARIA DE ESTADO DE 
DESENVOLVIMENTO ECONOMICO
SUBSECRETARIA DE ADMINISTRACAO GERAL
 
ORDEM DE SERVICO No 55, DE 17 DE ABRIL DE 2020
O SUBSECRETARIO DE ADMINISTRACAO GERAL, DA SECRETARIA DE 
ESTADO DE DESENVOLVIMENTO ECONOMICO DO DISTRITO FEDERAL, no 
uso das atribuicoes conferidas pelo Decreto no 39.041, de 10 de maio de 2018, 
considerando o disposto na Lei no 8.666, de 21 de junho de 1993, e no Decreto no 32.598, 
de 15 de dezembro de 2010, bem como considerando a instrucao do Processo no 
00370.00004359/2018-01, resolve:
Art. 1o Designar BENITO FERREIRA JUNIOR, CREA no 8155/D-DF, Matricula: 43.592-
9, em substituicao ao engenheiro MARIO CESAR FAUSTINO HONORIO, CREA no 
2.011/D-PI, matricula: 74.718-1, durante a situacao de emergencia decretada no ambito da 
saude publica no Distrito Federal, em decorrencia da necessidade de contencao, prevencao 
e reducao dos riscos de disseminacao e contagio do novo coronavirus (COVID - 19), na 
atribuicao de fiscalizacao do Contrato 040308/2019 - SDE, referente a execucao das obras 
das pracas da ADE Setor de Materiais de Construcao da Ceilandia e Setor De Industrias 
da Ceilandia do Programa PROCIDADES - DF, conforme Convenio no 03/2015 - 
UGP/SEDST.
Art. 2o O servidor de que trata a presente Ordem de Servico deve observar e cumprir o 
disposto nos artigos 67 e 73, da Lei no 8.666, de 21 de junho de 1993; no inciso II e no  
5o, do art. 41, do Decreto no 32.598, de 15 de dezembro de 2010; na Ordem de Servico no 
134, de 28 de outubro de 2015; e demais nor",Designar
