,local,text,
0,102465883-102465905,"NPJ: 21.638.856/0001-67, vencedora do item 42 com
o valor total de R$ 45,00; Empresa NACIONAL SAFETY EQUIPAMENTOS DE SEGURANCA
EIRELI, CNPJ: 24.402.903/0001-67, vencedora dos itens 17, 18, 31, 32, 33 e 34 com o valor total
de R$ 30.194,25; Empresa J & A SERVICE SERVICOS LTDA, CNPJ: 24.497.955/0001-64,
vencedora dos itens 15 e 16 com o valor total de R$ 187.200,00; Empresa FORTE SINAL
EQUIPAMENTOS - EIRELI, CNPJ: 26.729.755/0001-15, vencedora dos itens 39 e 40 com o valor
total de R$ 9.728,00 e Empresa SIS COMERCIO DE MATERIAIS E EQUIPAMENTOS LTDA,
CNPJ: 29.926.189/0001-20, vencedora dos itens 11, 12, 13, 14, 37 e 38 com o valor total de R$
25.020,00. Os itens 1, 2, 3, 4, 5, 6, 9, 10, 21, 22, 23, 24, 25, 26, 29, 30, 35 e 36 restaram
fracassados.
NARA MAGALHAES DA SILVA
No 154, quinta-feira, 15 de agosto de 2019
PAGINA 45
Diario Oficial do Distrito Federal
Este documento pode ser verificado no endereco eletronico h t t p : / / w w w. i n . g o v. b r / a u t e n t i c i d a d e . h t m l
pelo codigo 50012019081500045
Documento assinado digitalmente conforme MP no 2.200-2 de 24/08/2001, que institui a
Infraestrutura de Chaves Publicas Brasileira - ICP-Brasil.
SECRETARIA DE ESTADO DE DESENVOLVIMENTO
URBANO E HABITACAO
COMPANHIA DE DESENVOLVIMENTO HABITACIONAL
DO DISTRITO FEDERAL
COMISSAO PERMANENTE DE LICITACAO
AVISO DE LICITACAO DO PREGAO ELETRONICO No 13/2019
A Comissao Permanente de Licitacao - CPL - CODHAB/DF, no uso de suas atribuicoes, torna publico o
aviso de abertura de Licitacao do Pregao Eletronico no 13/2019, cujo objeto: e a Contratacao de empresa
especializada na elaboracao de um Relatorio de Impacto Ambiental Complementar - RIAC, para o
parcelamento de solo situado no Setor Habitacional QNR 06 - Ceilandia - RA IX, da Companhia de
Desenvolvimento Habitacional do Distrito Federal - CODHAB/DF, Data de abertura: 10h00min do dia 02
de setembro de 2019. O respectivo edital podera ser retirado no endereco www.comprasnet.gov.br e
www.codhab.df.gov.br. Processo no 00392.00006516/2019-65. Informacoes referentes ao certame por meio
do site ou por telefone: (61) 3214.1830.
Brasilia/DF, 13 de agosto de 2019.
CLAYLTON ARAGAO
Presidente da Comissao
SECRETARIA DE ESTADO DO MEIO AMBIENTE
RATIFICACAO DE INEXIGIBILIDADE DE LICITACAO
Processo: 00393-00000836/2019-83. Interessado: Secretaria de Estado do Meio Ambiente do Distrito
Federal. Assunto: Ratificacao da Inexigibilidade de Licitacao. Tendo em vista as justificativas que instruem
os autos, em que a Subsecretaria de Administracao Geral reconheceu a Inexigibilidade de Licitacao em
favor da EMPRESA BRASILEIRA DE CORREIOS E TELEGRAFOS - ECT, CNPJ sob o no
34.028.316/0007-07, que tem por objeto a prestacao, pela ECT, de servicos e venda de produtos, que
atendam as necessidades da CONTRATANTE, mediante adesao ao(s) ANEXO(s) do Instrumento
contratual que, individualmente, caracteriza(m) cada modalidade envolvida. A Despesa foi autorizada no
valor de R$ 19.000,00 (dezenove mil reais) a favor da EMPRESA BRASILEIRA DE CORREIOS E
TE",AVISO DE LICITACAO
1,111971158-111971180,"encontram-se disponiveis no site: www.caesb.df.gov.br
- menu Licitacoes,  a partir do dia 04/09/2019. Fone:  (61) 3213-7340, E-mail:
l i c i t a c a o @ c a e s b . d f . g o v. b r.
NARA MAGALHAES DA SILVA
Pregoeira
SECRETARIA DE ESTADO DE DESENVOLVIMENTO
URBANO E HABITACAO
COMPANHIA DE DESENVOLVIMENTO HABITACIONAL
DO DISTRITO FEDERAL
COMISSAO PERMANENTE DE LICITACAO
AVISO DE RESULTADO DA CONCORRENCIA No 3/2019
A Comissao Permanente de Licitacao - CPL - CODHAB/DF, no uso de suas atribuicoes, torna publico o
Resultado da CONCORRENCIA No 3/201903 - Processo no 00392-00005412/2019-33, cujo objeto e a
Contratacao de empresa especializada para a execucao de servicos de finalizacao de obra, incluindo a
emissao do Habite-se, para 161 unidades habitacionais localizadas na Quadra 105 do Trecho II do Sol
Nascente em Ceilandia/DF.A INVERSAO DE FASES, do tipo MENOR PRECO, regime PRECO
UNITARIO esta de acordo com o disposto no art. 41, 51, 70, 77 e Secao V - DO Sistema eletronico na
conducao das concorrencias do REGULAMENTO INTERNO DE LICITACOES, CONTRATOS E
CONVENIOS DA CODHAB/DF-RILC/CODHAB em consonancia a Lei n' 13.303/16. O qual entrou em
vigor pela Resolucao SEI-GDF n 492/2018 de 15 de julho de 2019, na qual se sagrou vencedora a
empresa ALVORADA SERVICOS (Ltda.) CNPJ no 53923561172, com o valor total de R$ R$ 204.985,53
(duzentos e quatro mil novecentos e oitenta e cinco reais e cinquenta e tres centavos). O prazo para
RECURSO e de 03 (tres) dias uteis, CONTRARRAZOES e de 03 (tres) dias uteis, conforme o item 29 do
Edital, encontra-se disponiveis no sitio, http://www.codhab.df.gov.br, as documentacoes das empresas para
consulta dos interessados.
Brasilia/DF, 02 de setembro de 2019.
CLAYLTON FERREIRA ARAGAO
Presidente da Comissao
AVISO DE RESULTADO DO PREGAO ELETRONICO N 13/2019
O pregoeiro da Companhia de Desenvolvimento Habitacional do Distrito Federal - CODHAB no uso de
suas atribuicoes, torna publico o Aviso de Resultado da PREGAO ELETRONICO no 013/2019 - Processo
no 00392-00006516/2019-65 cujo objeto e a Contratacao de empresa especializada na elaboracao de um
Relatorio de Impacto Ambiental Complementar - RIAC, para o parcelamento de solo situado no Setor
Habitacional QNR 06 - Ceilandia - RA IX, da Companhia de Desenvolvimento Habitacional do Distrito
Federal - CODHAB/DF, o qual logrou exito como vencedora a empresa: INSTITUTO GEMOLOGICO
DO BRASIL LTDA, CNPJ: F: 4.071.218/0001-98, com o valor total de R$ 64.986,99 (sessenta e quatro
mil novecentos e oitenta e seis reais e noventa e nove centavos).
CLAYLTON FERREIRA ARAGAO
Presidente da Comissao
EDITAL No 71/2019
O  DISTRITO FEDERAL,  representado pela  COMPANHIA DE  DESENVOLVIMENTO
HABITACIONAL DO DISTRITO FEDERAL- CODHAB/DF, no uso das atribuicoes legais, resolve:
TORNAR PUBLICA a habilitacao da candidata Maria de Fatima Goncalves - CPF no 392.7xx.xxx-87, em
cumprimento ao acordao da 3a Turma Civel do Distrito Federal - processo judicial no 0712509-
03.2017.8.07.0018.
Brasilia/DF, 30 de agosto de 2019
WELLINGTON LUIZ
",AVISO DE RESULTADO DA CONCORRENCIA
2,121343946-121343968,"AMA DE TRABALHO/NATUREZA DE DESPESA:
18.122.6001.8517/6977.33.90.30; FONTE DE RECURSOS: RECURSOS PROPRIOS, CODIGO:
12.101.000.000-3; CODIGO 12.403.402.200-0. UG: 190.206. GESTAO: 19.206. PRAZO DE ENTREGA:
Ate 05 (cinco) dias uteis, a contar da data de recebimento e/ou retirada da Nota de Empenho, e/ou pedido
de fornecimento a empresa/representante legal. VIGENCIA: Validade de 365 (trezentos e sessenta e cinco)
dias consecutivos, contados a partir do primeiro dia util subsequente a data de publicacao no DODF.
EMPRESAS ADJUDICATARIAS: MIKA NACIONAL LTDA; VALOR: R$ 2.212.000,00 (dois milhoes e
duzentos e doze reais mil reais) para os itens 01 e 02. ASSINANTES: Pela CAESB: Daniel Beltrao de
Rossiter Correa - Presidente e Pedro Cardoso de Santana Filho - Diretor de Suporte a Negocio. Pela:
MIKA NACIONAL LTDA: Sebastiao Antonio dos Santos.
AVISOS DE RESULTADO DE LICITACAO
PREGAO ELETRONICO PE No 115/2019
O Pregoeiro da CAESB no uso de suas atribuicoes, torna publico o resultado de julgamento do pregao
supracitado, realizado no www.comprasnet.gov.br, UASG: 974200, cujo objeto e o Registro de precos para
aquisicao de cabos de aco, correntes, cordoalhas e acessorios, da forma que se segue: Empresa GRANDES
MARCAS DE MATERIAIS E EQUIPAMENTOS EIRELI, CNPJ: 14.396.046/0001-86, vencedora dos
itens 11, 12, 13, 14, 21, 22, 23, 24, 25 e 26 com o valor total de R$ 83.315,30. Os itens 1, 2, 3, 4, 5, 6,
7, 8, 9, 10, 15, 16, 17, 18, 19 e 20 restaram fracassados.
PAULO CESAR RIBEIRO DOS SANTOS
PREGAO ELETRONICO PE No 190/2019
A Caesb torna publico o resultado do julgamento do Pregao Eletronico PE 190/2019, processo no
092.003776/2019,  realizado no  www.comprasnet.gov.br (UASG:  974200), cujo  objeto e  a
CONTRATACAO DE ANALISES COMPLEMENTARES, da forma que se segue: O Pregao restou
fracassado.
ELISA TEREZINHA HAMMES
Pregoeira
SECRETARIA DE ESTADO DE DESENVOLVIMENTO
URBANO E HABITACAO
COMPANHIA DE DESENVOLVIMENTO HABITACIONAL
DO DISTRITO FEDERAL
EXTRATO DO CONTRATO No 031/2019
Processo: 00392-00006516/2019-65 - Contratante: Companhia de Desenvolvimento Habitacional do
Distrito Federal/CODHAB - CNPJ 09.335.575/0001-30; Contratada: INSTITUTO GEMOLOGICO DO
BRASIL LTDA, inscrita no CNPJ/MF sob o no 04.071.218/0001-98. Objeto: Contratacao de empresa
especializada na elaboracao de um Relatorio de Impacto Ambiental Complementar - RIAC, para o
parcelamento de solo situado no Setor Habitacional QNR 06 - Ceilandia - RA IX. Valor do Contrato: R$
64.986,99 (sessenta e quatro mil novecentos e oitenta e seis reais e noventa e nove centavos). Data da
Assinatura: 20/09/2019. Signatarios: Pela CODHAB/DF: Wellington Luiz de Souza Silva, na qualidade de
Diretor Presidente; Pela Contratada: Luiz Antonio Barboza, na qualidade de Diretor-Presidente e Tiago
Amaro de Souza, na qualidade de Gerente de Projetos.
SECRETARIA DE ESTADO DO MEIO AMBIENTE
AGENCIA REGULADORA DE AGUAS, ENERGIA E
SANEAMENTO DO DISTRITO FEDERAL
EXTRATO DO PRIMEIRO TERMO ADITIVO
AO CONTRATO No 23/2016/ANA-PROGESTAO
Processo: 0197-000464/2014.",EXTRATO DO CONTRATO
3,335761989-335762011,", em forma de texto, disponivel no canal de transmissao, 
devendo conter obrigatoriamente, a identificacao do interessado.
Paragrafo unico. A ordem das manifestacoes determinara a sequencia das respostas.
Capitulo IV
Da Realizacao
Art. 10 A Audiencia Publica tera a seguinte ordem:
I  leitura do regulamento e regras de funcionamento da Audiencia Publica online;
II  apresentacao;
III  exposicao resumida do conteudo da proposta, pela Equipe Tecnica da 
Subsecretaria de Politicas e Planejamento Urbano - SUPLAN/SEDUH;
IV  respostas as perguntas realizadas, em forma de texto, recebidas dos comentarios 
do chat;
V  encerramento.
Art. 11 As perguntas recebidas serao respondidas pela mesa e equipe tecnica em 
blocos, conforme sua similaridade, a criterio da mesa.
Art. 12 Os integrantes da mesa se manifestarao de forma concisa e direta em relacao as 
intervencoes escritas dos participantes.
Art. 13 Durante a Audiencia Publica serao permitidas filmagens, gravacoes ou outras 
formas de registro pelos participantes do evento.
Art. 14 A Audiencia Publica, assim como suas deliberacoes, sera registrada em ata 
sucinta, anexada a proposicao a ser apreciada e publicada no Diario Oficial do Distrito 
Federal, e no site da SEDUH, link da Audiencia Publica no prazo maximo de 30 dias 
(trinta) dias, contados da sua realizacao, conforme estabelecido no art. 9o da Lei no 
5.081, de 11 de marco de 2013.
Capitulo V
Das Disposicoes Finais
Art. 15 As opinioes, sugestoes, criticas ou informacoes colhidas durante a Audiencia 
Publica terao carater consultivo e nao-vinculante, destinando-se a motivacao do 
Executivo Distrital, quando da tomada das decisoes em face das contribuicoes 
recebidas, bem como zelar pelo principio da eficiencia e assegurar a participacao 
popular, na forma da lei, na conducao dos interesses publicos.
MATEUS LEANDRO DE OLIVEIRA
Secretario de Estado
DAR-351/2020
COMPANHIA DE DESENVOLVIMENTO HABITACIONAL
 
EXTRATO DO PRIMEIRO TERMO ADITIVO AO CONTRATO No 031/2019
Processo: 00392-00006516/2019-65  Contratante: Companhia de Desenvolvimento 
Habitacional do Distrito Federal/CODHAB- CNPJ 09.335.575/0001-30; Contratado: 
INSTITUTO GEMOLOGICO DO BRASIL LTDA - CNPJ/MF 04.071.218/0001-98. 
Objeto: Prorrogacao da vigencia ate 21/04/2021. Valor do Contrato: R$64.986,99 
(sessenta e quatro mil novecentos e oitenta e seis reais e noventa e nove centavos). Data 
da Assinatura do Termo Aditivo: 20/04/2020. Vigencia: 12 (doze) meses. Signatarios: 
Pela CODHAB/DF: Wellington Luiz Souza Silva, na qualidade de Diretor Presidente; 
Pela Contratada: por seu Diretor Luiz Antonio Barboza. (Contrato publicado no DODF no 
183, de 25 de setembro de 2019, pag. 53).
SECRETARIA DE ESTADO 
DE ESPORTE E LAZER
EDITAL DE CHAMAMENTO PUBLICO No 01/2020 (*)
O DISTRITO FEDERAL, por meio de sua Secretaria de Estado do Esporte e Lazer, cuja 
delegacao de competencia foi outorgada pelo Decreto No 40.075, de 03 de Setembro de 
2019, inscrita no Cadastro Nacional da Pessoa Juridica - CNPJ sob o no 02.977.827/0001-
8",EXTRATO DO PRIMEIRO TERMO ADITIVO AO CONTRATO
