,local,text,
0,99962396-99962418,"e
Estado de Desenvolvimento Urbano e Habitacao do Distrito Federal, no exercicio das atribuicoes que lhe
confere o artigo 1o, do Decreto n.o 35.566, de 25 de junho de 2014, que da nova redacao ao artigo 29,
inciso V, paragrafo 2o, do Decreto 29.590, de 09 de outubro de 2008, bem como o disposto no art. 7o do
Decreto no 36.339, de 28 de janeiro de 2015 resolve: RATIFICAR a inexigibilidade de licitacao
reconhecida pela Coordenadora da Coordenacao de Licenciamento da Central de Aprovacao de Projetos da
Secretaria de Estado de Desenvolvimento Urbano e Habitacao do Distrito Federal, nos autos do processo
administrativo em epigrafe, para a celebracao de Contrato de Concessao de Direito Real de Uso de forma
nao com fulcro no inciso I do Art. 4o, ambos da Lei Complementar n.o 755, de 28 de janeiro de 2008, entre
PREFEITURA MILITAR DE BRASILIA., CNPJ no 09.577.927/0001-63 e o Distrito Federal, para a
utilizacao de 255,76 m2 em nivel de subsolo para Garagem, conforme o Visto de Projeto no 048/2018
(Documento SEI no 16710784), em area contigua a Projecao no 07, da SQS-209. RICARDO AUGUSTO
DE NORONHA, Subsecretario.
COMPANHIA DE DESENVOLVIMENTO HABITACIONAL
DO DISTRITO FEDERAL
COMISSAO PERMANENTE DE LICITACAO
AVISO DE LICITACAO DO PREGAO ELETRONICO No 11/2019
A Comissao Permanente de Licitacao - CPL - CODHAB/DF, no uso de suas atribuicoes, torna publico o
aviso de abertura de licitacao do pregao eletronico cujo objeto e a contratacao de empresa especializada na
prestacao dos servicos de Agenciamento de Viagens para empregados, servidores, membros de conselhos,
colaboradores e eventuais prestadores de servicos da Companhia de Desenvolvimento Habitacional do
Distrito Federal - CODHAB/DF, que compreende a reserva, emissao, marcacao, remarcacao e
cancelamento de bilhetes de passagens aereas nacionais e internacionais. Data de abertura: 10h00min do
dia 22 de agosto de 2019. O respectivo edital podera ser retirado no endereco www.comprasnet.gov.br e
www.codhab.df.gov.br. Processo no 00392.00005945/2019-15. Informacoes referentes ao certame por meio
do site ou por telefone: (61) 3214.1830.
Brasilia/DF, 08 de agosto de 2019
CLAYTON ARAGAO
Presidente da Comissao
SECRETARIA DE ESTADO DO MEIO AMBIENTE
CONSELHO DE MEIO AMBIENTE DO DISTRITO FEDERAL
CAMARA JULGADORA DE AUTOS DE INFRACAO
NOTIFICACAO No 3/2019
PROCESSO: 0391-002454/2015; INTERESSADO: REGINALDO CLENIO DE LIMA; PROCURADOR:
O MESMO; ASSUNTO: Auto de Infracao Ambiental no 5840/2015 - Advertencia para ajustamento dos
ruidos aos niveis legais, bem como a realizacao de adequacoes que visem sanar os problemas de poluicao
sonora.
Fica o senhor Reginaldo Clenio de Lima, NOTIFICADO do julgamento da Camara Julgadora de Autos de
Infracao - CJAI, do Conselho de Meio Ambiente do Distrito Federal - Conam/DF, 3a instancia
administrativa, em sua 19a reuniao ordinaria, ocorrida no dia 25 de julho de 2019, referente ao Auto de
Infracao Ambiental no 5840/2015, que decidiu, por maioria, acompanhar o voto do pedido de vistas, para
declarar a nulidade ",AVISO DE LICITACAO
1,106628562-106628584," e COPY LINE COMERCIO
SERVICOS LTDA. DO OBJETO: Prorrogacao do prazo de vigencia, bem como o reajuste do Contrato no
566/2016 - ASJUR/PRES/NOVACAP, cujo objeto e prestacao de servicos de reprografia (copia, impressao,
digitalizacao e fax) a serem executados de forma continua, com fornecimento de maquinas, equipamentos,
servicos, incluindo o pessoal necessario, a instalacao, operacionalizacao de manutencao de todos os
equipamentos, todos os suprimentos originais do fabricante do equipamento (com emprego de papel A3 e
A4). DO PRAZO: Prorroga-se o prazo de vigencia por mais 12 (doze) meses, contados a partir de
24/08/2019. DO VALOR: Acrescenta-se o valor de R$ 15.068,20 (quinze mil sessenta e oito reais e vinte
centavos), correspondente a 4,66% (quatro virgula sessenta e seis por cento) do valor original do contrato.
Apos os ajustes descritos no presente Termo Aditivo o valor do Contrato passara de R$ 323.352,00
(trezentos e vinte e tres mil trezentos e cinquenta e dois reais), para R$ 338.420,20 (trezentos e trinta e oito
mil quatrocentos e vinte reais e vinte centavos), sendo este o valor da presente prorrogacao. DOS
RECURSOS: Programa de Trabalho: 15.122.6001.8517.0001, Natureza da Despesa: 33.90.39 e Fonte de
Recursos: 100, conforme Disponibilizacao Orcamentaria e Nota de Empenho no 2019NE00029 no valor de
R$ 10.000,00 (dez mil reais). DATA DA ASSINATURA: 21/08/2019. PELA NOVACAP: Candido Teles
de Araujo e Elzo Bertoldo Gomes. PELA CONTRATADA: Edna Maria Copatti.
(*) Republicado por ter sido encaminhado com incorrecao no original, publicado no DODF n 152, de
13/08/2019, pagina 40.
SECRETARIA DE ESTADO DE DESENVOLVIMENTO
URBANO E HABITACAO
COMPANHIA DE DESENVOLVIMENTO HABITACIONAL
DO DISTRITO FEDERAL
COMISSAO PERMANENTE DE LICITACAO
AVISO DE RESULTADO DO PREGAO ELETRONICO No 11/2019
A Companhia de Desenvolvimento Habitacional do Distrito Federal - CODHAB/DF, no uso de suas
atribuicoes, torna publico o AVISO DE RESULTADO DO PREGAO ELETRONICO No 11/2019 -
Processo no 00392-00005945/2019-15 cujo objeto e a Contratacao de empresa especializada na
prestacao dos servicos de Agenciamento de Viagens para empregados, servidores, membros de
conselhos, colaboradores e eventuais prestadores de servicos da Companhia de Desenvolvimento
Habitacional do Distrito Federal - CODHAB/DF, o qual logrou exito como vencedora a empresa:
DECOLANDO TURISMO E REPRESENTACAO LTDA EPP, CNPJ:05.917.540/0001-58, com o valor
total de R$ 0,01 (hum centavos de reais).
CLAYLTON FERREIRA ARAGAO
Presidente da Comissao
PAGINA 44
No 161, segunda-feira, 26 de agosto de 2019
Diario Oficial do Distrito Federal
Este documento pode ser verificado no endereco eletronico h t t p : / / w w w. i n . g o v. b r / a u t e n t i c i d a d e . h t m l
pelo codigo 50012019082600044
Documento assinado digitalmente conforme MP no 2.200-2 de 24/08/2001, que institui a
Infraestrutura de Chaves Publicas Brasileira - ICP-Brasil.
SECRETARIA DE ESTADO DO MEIO AMBIENTE
INSTITUTO DO MEIO AMBIENTE E DOS RECURSOS HIDRICOS
DO DISTRITO",AVISO DE RESULTADO DO PREGAO ELETRONICO
2,118665837-118665859," certificadas para controles microbiologicos. CRITERIO DE JULGAMENTO: Menor Preco;
DOTACAO ORCAMENTARIA: UO: 22.202; PROGRAMA DE TRABALHO: 17.122.6001.8517/6977;
NATUREZA DE DESPESA: 33.90.30; Codigo de Aplicacao: 22.206.013.021-0. FONTE DE RECURSO:
Recursos Proprios, CODIGO: 11.101.000.000-3 ENTREGA: 120 dias. ABERTURA: 02/10/2019, as 09
horas no site www.comprasnet.gov.br (UASG: 974200). INFORMACOES: O edital e seus anexos
encontram-se disponiveis no site: www.caesb.df.gov.br - menu Licitacoes, a partir do dia 18/09/2019.
Fone: (61) 3213-7575 E-mail: licitacao@caesb.df.gov.br.
ELISA TEREZINHA HAMMES
Pregoeira
AVISO DE ERRATA
PREGAO ELETRONICO No 206/2019
A Caesb TORNA SEM EFEITO a REPUBLICACAO do Pregao Eletronico no 206/2019, publicado no
DODF no 177, de 17 de setembro de 2019, pagina 43, por ter saido com incorrecao no original.
PAULO CESAR RIBEIRO DOS SANTOS
Pregoeiro
AVISO DE PRORROGACAO DE LICITACAO
PREGAO ELETRONICO No 206/2019 (*)
A Caesb torna publico que o Pregao Eletronico PE 206/2019, PROCESSO no 092.004005/2019,
CRITERIO DE JULGAMENTO: Menor Preco, OBJETO: Aquisicao de valvulas do tipo borboleta bi
excentrica com atuadores eletricos, para serem implantados nos barriletes de succao e recalque das
bombas de Elevatoria de Agua Tratada do Lago Norte (EAT.LNT.002), marcada anteriormente para:
Data de Abertura da Sessao Publica: 19/09/2019, as 09h, foi prorrogada passando a ter a seguinte
data: Data final para recebimento das Propostas: 25/09/2019, as 15h. O edital e seus anexos poderao
ser encontrados no site www.comprasnet.gov.br, UASG: 974200, a partir do dia 13/09/2018.
Informacoes: (61) 3213-7233, licitacao@caesb.df.gov.br.
PAULO CESAR RIBEIRO DOS SANTOS
Pregoeiro
(*) Republicado por ter sido encaminhado com incorrecoes no original, publicado no DODF no 175,
de 13 de setembro de 2019, pag. 44.
SECRETARIA DE ESTADO DE DESENVOLVIMENTO
URBANO E HABITACAO
COMPANHIA DE DESENVOLVIMENTO HABITACIONAL
DO DISTRITO FEDERAL
EXTRATO DO CONTRATO No027/2019
Processo: 00392.00005945/2019-15 - Contratante: Companhia de Desenvolvimento Habitacional do
Distrito Federal/CODHAB- CNPJ 09.335.575/0001-30; Contratada: DECOLANDO TURISMO E
REPRESENTACAO LTDA EPP, inscrita no CNPJ/MF sob o no 05.917.540/0001-58. Objeto:
Contratacao de empresa especializada na prestacao dos servicos de Agenciamento de Viagens para
empregados, servidores, membros de conselhos, colaboradores e eventuais prestadores de servicos da
Companhia de Desenvolvimento Habitacional do Distrito Federal - CODHAB/DF, que compreende a
reserva, emissao, marcacao, remarcacao e cancelamento de bilhetes de passagens aereas nacionais e
internacionais. Fundamentacao Legal: conforme Edital de Pregao Eletronico no 011/2019. Dotacao
Orcamentaria: UO 28.209. Programa de Trabalho: 16.122.6001.8517.9625. Natureza da Despesa:
33.90.33. Fonte: 100. Nota de Empenho inicial no valor de R$ 5.000,00 (cinco mil reais) conforme Nota
de Empenho no 2019NE00734, emitida em 27/08/2019. Valor do Contrato R$ 64.000,00 (sessenta e
quatro mil ",EXTRATO DO CONTRATO
