,local,text,
0,77845510-77845532,"934, de 7 de dezembro
de 2017 (Lei Organica da Cultura), Decreto n.o 38.445, de 29 de agosto de 2017 (Programa Lugar de
Cultura), Portaria n.o 381, de 25/10/2018, da Secretaria de Estado do Distrito Federal. 1.2 O uso do
equipamento se dara considerando as seguintes condicoes e especificacoes: a) Equipamento Cultural: Cine
Brasilia; b) Especificacao da area a ser ocupada: Cine Brasilia; c) Nome do projeto: SLOW FILME -
FESTIVAL INTERNACIONAL DE CINEMA E ALIMENTACAO. d) Modalidade de fomento: Patrocinio
do BRB (Banco do Brasilia). e) Finalidade da ocupacao: Promover um festival brasileiro a relacionar
cinema e gastronomia, inspirado nos conceitos do movimento Slow Food. f) Prazo de utilizacao:
01/08/2019 a 04/08/2019. g) Horarios e datas de utilizacao: 01/08 e 02/08/2019, das 14:00 as 23:00 horas,
03/08 e 04/08/2019, das 10:00 as 23:00 horas. 1.3 O(A) OCUPANTE somente podera utilizar a area
especificada na Clausula 1.2 acima. 1.4 Atuara como fiscal deste Termo o servidor RODRIGO
RODRIGUES TORRES, CPF n 096.013.537-55, matricula n 0242718-4. Brasilia/DF, 17 de junho de
2019. Pelo Distrito Federal ADAO CANDIDO LOPES DOS SANTOS. p/ OCUPANTE: GIOCONDA
CAPUTO GUEDES.
DEFENSORIA PUBLICA DO DISTRITO FEDERAL
EXTRATO DE ADESAO
Especie: Termo de Adesao ao Acordo de Cooperacao Tecnica n 03/2018. Participes: Procuradoria
Regional do Trabalho da 1a Regiao/Ministerio Publico do Trabalho; Secretaria de Estado de Justica
e Cidadania do DF; Superintendencia Regional do Trabalho do DF; Tribunal de Justica do Distrito
Federal e Territorios; Ministerio Publico do Distrito Federal e Territorios; Defensoria Publica do
Distrito Federal; Servico Nacional de Aprendizagem Industrial - Departamento Regional do DF
(SENAI/DF); Servico Nacional de Aprendizagem Comercial - Administracao Regional no DF
(SENAC/DF). Objeto: Adesao do SENAC/DF ao Acordo de Cooperacao Tecnica n 03/2018,
AVISO DE ABERTURA DE LICITACAO
PREGAO ELETRONICO No 06/2019 - (UASG: 926314)
SISTEMA DE REGISTRO DE PRECOS
Processo: 00401-00021375/2018-37. Objeto: contratacao de empresa especializada na prestacao de
servicos graficos, com garantia de qualidade - a serem executados por demanda - incluindo todo
material e mao de obra necessarios para executar a criacao, impressao e acabamento de materiais
graficos (livros, livretos, revistas, cartilhas, cartazes, folders, convites, envelopes, certificados, pastas,
blocos, adesivos, banners e outros produtos) conforme especificacoes, quantitativos e condicoes
estabelecidas neste instrumento. Conforme especificacoes, quantitativos e condicoes estabelecidas neste
Edital e seus anexos, mediante SISTEMA DE REGISTRO DE PRECOS (SRP). A despesa com a
execucao do objeto desta licitacao e estimada para o Grupo 1 (composto por 11 itens) esta estimado
em R$ 174.460,00 (cento e setenta e quatro mil quatrocentos e sessenta reais), e sera licitado para
Ampla Participacao/Concorrencia e para o Grupo 2 (composto por 03 itens) esta estimado em R$
14.519,50 (quatorze mil quinhentos e dezenove reais e cinqu",AVISO DE ABERTURA DE LICITACAO
1,88209795-88209817,"rial de consumo, para atender as necessidades desta Secretaria e seus Proprios
Culturais, conforme especificacoes e condicoes estabelecidas no presente processo de contratacao,
referente pregao eletronico 011/2019-SEFP - ARP no08/2019. Item 6 - flanela limpeza, material:
algodao, cor: amarela, comprimento: 60 cm, largura: 40 cm, caracteristicas adicionais: com bainha.
marca: mt; Item 8 - luva, aplicacao: uso domestico, material: borracha, caracteristicas adicionais:
antiderrapante, tamanho: a escolhe. marca: volk e Item 13 - pano para copa, material: tecido 100%
algodao, apresentacao: com bainha, dimensoes minimas: 46 x 66 cm, cor: branca. marca: mt. Prazo:
15 dias. Valor: R$ 166,95 (cento e sessenta e seis reais e noventa e cinco centavos). Da Classificacao
Orcamentaria: UO 16101; Gestao: 00001. Programa de Trabalho no 13.122.6002.8517.9634; Fonte
100000000, Natureza de Despesa 339030; Modalidade: Ordinario. Data da Emissao da Nota de
Empenho: 11 de julho de 2019.
SUBSECRETARIA DE ADMINISTRACAO GERAL
EDITAL DE CONVOCACAO No 01, DE 11 DE JULHO DE 2019
PROCESSO: 00150-00005064/2018-10. INTERESSADO: Associacao dos Moradores da Ceilandia
Centro. Solicitamos o comparecimento do responsavel a Secretaria de Estado de Cultura e Economia
Criativa do DF - Subsecretaria de Administracao Geral - Diretoria de Gestao de Parcerias e Contratos,
SCN Via N2, Anexo do Teatro Nacional Claudio Santoro - Brasilia - DF, no prazo de 05 (cinco) dias,
a contar da data dessa publicacao, para tomar conhecimento do Oficio SEI-GDF No 9/2019 -
SECEC/SUAG/DGPC/GPC, da Diretoria de Gestao de Parcerias e Contratos, desta Pasta, referente a
analise da conformidade da prestacao de contas do projeto ""Festival Up Crew"". Publique-se.
TIAGO RODRIGO GONCALVES
Subsecretario
DEFENSORIA PUBLICA DO DISTRITO FEDERAL
AVISO DE RESULTADO
PREGAO ELETRONICO No 006/2019 - (UASG: 926314)
A Defensoria Publica do Distrito Federal comunica aos interessados que, apos abertura do Pregao
Eletronico no 06/2019, Processo no 00401-00021375/2018-37, que tem por objeto a Contratacao de
empresa especializada na prestacao de servicos graficos, a serem executados por demanda, incluindo
todo material e mao de obra necessarios para executar a criacao, impressao e acabamento de materiais
graficos (livros, livretos, revistas, cartilhas, cartazes, folders, convites, envelopes, certificados, pastas,
blocos, adesivos, banners e outros produtos) para a Defensoria Publica do Distrito Federal - DPDF,
conforme condicoes, quantidades, exigencias e especificacoes tecnicas estabelecidas em Edital e seus
anexos. Sagrou-se Vencedora as empresas ARTECOR GRAFICA E EDITORA LTDA, consignando
proposta com valor ja negociado de R$ 44.280,00 (quarenta e quatro mil duzentos e oitenta reais) para
o Grupo 1 e D COLAR GRAFICA E ETIQUETAS EIRELI, consignando proposta com valor ja
negociado de R$ 9.340,00 (nove mil trezentos e quarenta reais) para o Grupo 2. A ata e o termo de
adjudicacao do pregao podem ser visualizados nos sites www.comprasgovernamentais.gov.",AVISO DE RESULTADO
2,88211713-88211735," aos interessados que, apos abertura do Pregao
Eletronico no 06/2019, Processo no 00401-00021375/2018-37, que tem por objeto a Contratacao de
empresa especializada na prestacao de servicos graficos, a serem executados por demanda, incluindo
todo material e mao de obra necessarios para executar a criacao, impressao e acabamento de materiais
graficos (livros, livretos, revistas, cartilhas, cartazes, folders, convites, envelopes, certificados, pastas,
blocos, adesivos, banners e outros produtos) para a Defensoria Publica do Distrito Federal - DPDF,
conforme condicoes, quantidades, exigencias e especificacoes tecnicas estabelecidas em Edital e seus
anexos. Sagrou-se Vencedora as empresas ARTECOR GRAFICA E EDITORA LTDA, consignando
proposta com valor ja negociado de R$ 44.280,00 (quarenta e quatro mil duzentos e oitenta reais) para
o Grupo 1 e D COLAR GRAFICA E ETIQUETAS EIRELI, consignando proposta com valor ja
negociado de R$ 9.340,00 (nove mil trezentos e quarenta reais) para o Grupo 2. A ata e o termo de
adjudicacao do pregao podem ser visualizados nos sites www.comprasgovernamentais.gov.br e
w w w. d e f e n s o r i a . d f . g o v. b r.
CINTHIA MARIA SANTOS DOMINGUES DE OLIVEIRA
Pregoeira
AVISO DE HOMOLOGACAO E CONVOCACAO
PREGAO ELETRONICO SRP No 00006/2019- (UASG: 926314)
A Defensoria Publica do Distrito Federal, tendo em vista a homologacao do Pregao Eletronico SRP
no 0006/2019, que trata de Registro de Precos visando a a Contratacao de empresa especializada na
prestacao de servicos graficos, a serem executados por demanda, incluindo todo material e mao de
obra necessarios para executar a criacao, impressao e acabamento de materiais graficos (livros,
livretos, revistas, cartilhas, cartazes, folders, convites, envelopes, certificados, pastas, blocos, adesivos,
banners e outros produtos) para a Defensoria Publica do Distrito Federal - DPDF, conforme condicoes,
quantidades, exigencias e especificacoes tecnicas estabelecidas em Edital e seus anexos. Processo SEI
n.o 00401-00021375/2018-37, CONVOCA as Empresa vencedoras: as empresas ARTECOR GRAFICA
E EDITORA LTDA, CNPJ No 38.013.991/0001-10 consignando proposta com valor ja negociado de
R$ 44.280,00 (quarenta e quatro mil, duzentos e oitenta reais) para o Grupo 1 e D COLAR
GRAFICA E ETIQUETAS EIRELI, CNPJ No 16.640.717/0001-38, consignando proposta com valor ja
negociado de R$ 9.340,00 (nove mil, trezentos e quarenta reais) para o Grupo 2, do pregao em
epigrafe, que teve  HOMOLOGADO em seu favor, a  manifestar-se no e-mail:
licitacaosuag@defensoria.df.gov.br ou por telefone 61-2196-4387, nos proximos 3 (tres) dias, no
horario de 12h as 18h, para orientacoes relativas a assinatura da Ata de Registro de Precos que devera
ocorrer de forma presencial ou eletronicamente via Sistema Oficial - SEI, conforme condicoes e
prazos do Edital e seus anexos. INFORMA que fica registrada a empresa LM COMUNICACAO
VISUAL E PROJETOS, CNPJ 01.608.702/0001- 15 no cadastro de reserva.
FEBO CAMARA GONCALVES
Subsecretario de Administracao Geral",AVISO DE HOMOLOGACAO E CONVOCACAO
3,91372890-91372912,"istrito Federal, VANESSA
CHAVES DE MENDONCA, na qualidade de Secretaria de Estado de Turismo e pela Organizacao da
Sociedade Civil, EDUARDO FAAD, na qualidade de Presidente.
No 136, segunda-feira, 22 de julho de 2019
PAGINA 49
Diario Oficial do Distrito Federal
Este documento pode ser verificado no endereco eletronico h t t p : / / w w w. i n . g o v. b r / a u t e n t i c i d a d e . h t m l
pelo codigo 50012019072200049
Documento assinado digitalmente conforme MP no 2.200-2 de 24/08/2001, que institui a
Infraestrutura de Chaves Publicas Brasileira - ICP-Brasil.
DEFENSORIA PUBLICA DO DISTRITO FEDERAL
AVISO DE CHAMAMENTO PUBLICO No 03/2019
LOCACAO DE IMOVEL
A Defensoria Publica do Distrito Federal, por intermedio da Diretoria de Licitacao, torna publico que
pretende locar imovel localizado, preferencialmente, na zona central, nas proximidades do nas
proximidades do Forum de Planaltina, Brasilia-DF, com Area total edificada minima aproximada de 400
m2 (nao sendo contabilizada area de garagem) com area util minima aproximada de 350 m2 a 400 m2 e 15
(QUINZE) vagas de garagem cobertas e privativas, a ser utilizado para instalacao dos Nucleos de
Assistencia de Planaltina-DF, unidade funcional da Defensoria Publica do Distrito Federal. Os interessados
poderao protocolar sua (s) proposta (s), conforme condicoes estabelecidas no Edital e seus anexos, no
prazo maximo de 15 (quinze) dias corridos, apos a data de publicacao do Aviso de Chamamento no DODF,
na Diretoria de Apoio Operacional - DIAP/SUAG DIAP- Sala 101, no Setor de Industria e Abastecimento
Trecho 17 Rua 7 Lote 45 - Brasilia - DF - CEP: 71.200-219, ou terreo, Protocolo. O Edital de
Chamamento Publico para Locacao de Imovel na integra encontra-se disponivel no
link:
h t t p : / / t r a n s p a r e n c i a . d e f e n s o r i a . d f . g o v. b r / i n d e x . p h p / c h a m a m e n t o / .
CINTHIA MARIA S. D. DE OLIVEIRA
Pregoeira
SUBSECRETARIA DE ADMINISTRACAO GERAL
EXTRATO DA ATA DE REGISTRO DE PRECOS
Processo: 00401-00021375/2018-37, Pregao Eletronico n.o 006/2019, HOMOLOGADO, em 09 de julho de
2019, objeto: Registro de precos para a eventual contratacao de empresa especializada na prestacao de
servicos graficos, com garantia de qualidade - a serem executados por demanda - incluindo todo material
e mao de obra necessarios para executar a criacao, impressao e acabamento de materiais graficos (livros,
livretos, revistas, cartilhas, cartazes, folders, convites, envelopes, certificados, pastas, blocos, adesivos,
banners e outros produtos), especificado (s) no Edital de Pregao no 06/2019 e seus anexos; vigencia: 12
meses a contar da publicacao no DODF. Empresa adjudicadas e homologadas: ARTECOR GRAFICA E
EDITORA LTDA, CNPJ No 38.013.991/0001-10, consignando proposta com valor ja negociado de R$
44.280,00 (quarenta e quatro mil, duzentos e oitenta reais) para o Grupo 1 e D COLAR GRAFICA E
ETIQUETAS EIRELI, CNPJ No 16.640.717/0001-38, consignando proposta com valor ja negociado de R$
9.340,00 (nove mil trezentos e quare",EXTRATO DA ATA DE REGISTRO DE PRECOS
