,local,text
0,99999578-99999600,"2, por meio de pleito eleitoral que ocorrera no dia 24 de setembro de 2019, com a seguinte
composicao. Diretoria Executiva: Presidente: Jeovania Rodrigues Silva; Vice-presidente: Kilderson
Bezerra Silva; Secretario Geral: Daniella Goncalves Torres Miguel; Tesoureiro Geral: Jose Arnaldo
Pereira Diniz; Secretaria de Convenios e Credenciamentos: Titulares: Roger Oliveira Paiva e Maria
Ines Borba de Araujo, Suplente: Edevaldo Vilela; Secretaria de Assuntos Juridicos e Trabalhistas:
Titulares: Aroldo Pinheiro de Moura Neto e Wendel Teixeira Santos, Suplente: Isa Helena Moraes
Alves Patrao; Secretaria de Formacao e Politica Sindical: Titulares: Conrado Alvares do Nascimento
e Georges Brito de Azevedo, Suplente: Patricia Zampronha Moraes; Secretaria de Saude do
Trabalhador e Condicoes de Trabalho: Titulares: Maria de Fatima Cardoso e Evandro Diniz Satiro,
Suplente: Ismenia Mesquita Mota Linhares; Secretaria de Comunicacao, Social, Esporte e Cultura:
Titulares: Rozangela Fernandes Camapum e Alexsandro Lopes Lima, Suplente: Leticia Costa Santos;
Conselho Fiscal Efetivos: Helmer Jose Chaves Lopes , Maria do Socorro Rodrigues Ayres e Maria Iris
Rachid Cancado; Suplentes: Helenise Aparecida Bernardes de Oliveira, Themis Lima Diaz e Reuben
Lucena Moraes. Nos termos do Artigo ja supracitado acima, o prazo para impugnacao de candidatura
e de 5 (cinco) dias uteis, a contar da data de publicacao deste aviso. Brasilia/DF, 08 de agosto de
2019, MARLUCE NAVES DE DEUS, Presidente da Comissao Eleitoral.
DAR-817/2019
FARO ENERGY GESTAO COMERCIO E LOCACAO
DE PROJETOS LTDA
COMUNICADO
A Faro Energy Gestao Comercio e Locacao de Projetos LTDA., torna publico que protocolou na
Companhia Energetica de Brasilia - CEB, a Solicitacao de Acesso de usina solar fotovoltaica com
potencia nominal de 2,5 MW, localizada na regiao administrativa do Paranoa - DF. PEDRO MIGUEL
DE ARAUJO MATEUS, Administrador.
DAR-818/2019
AVISO DE ABERTURA DE LICITACAO
PREGAO ELETRONICO No 10/2019 - (UASG: 926314)
Processo: 00401-00004300/2019-72. Objeto: Contratacao de empresa para fornecimento de subscricao
de software de seguranca (antivirus), incluindo garantia, atualizacao de versao, suporte tecnico por 36
(trinta e seis) meses, transferencia de conhecimento e servicos tecnicos especializados para atender as
necessidades da Defensoria Publica do Distrito Federal, conforme especificacoes, quantitativos e
condicoes estabelecidas no Edital e seus anexos. A despesa com a execucao do objeto desta licitacao
e estimada em R$ 1.379.923,26 (Hum milhao, trezentos e setenta e nove mil, novecentos e vinte e
tres reais e vinte e seis centavos). Do tipo MENOR PRECO, representado pelo menor valor global.
Data e horario de abertura do certame: 14h30 do dia 21 de agosto de 2019. O Edital podera ser
retirado  nos  enderecos  eletronicos  www.comprasgovernamentais.gov.br  e
http://transparencia.defensoria.df.gov.br/. Informacoes pelo telefone: (61) 2196-4387.
CINTHIA MARIA SANTOS DOMINGUES DE OLIVEIRA
Pregoeira
DEFENSORIA PUBLICA DO DISTRIT"
1,111507018-111507040,"aves da gestao estrategica, gestao de
processos e conhecimento. FUNDAMENTO LEGAL: Inexigibilidade de licitacao baseada no inciso II, art.
25, c/c incisos I, III e VI, art. 13 e art. 26. VALOR DO CONTRATO: R$ 950.000,00 (novecentos e
cinquenta mil reais). DOTACAO ORCAMENTARIA: UNIDADE ORCAMENTARIA - 48101;
PROGRAMA DE TRABALHO - 03.122.6002.8517.9632; NATUREZA DA DESPESA - 33.90.35;
FONTE DE RECURSO - 100. UNIDADE GESTORA: 480101; o empenho inicial e de R$ 269.886,36
(duzentos e sessenta e nove mil, oitocentos e oitenta e seis reais e trinta e seis centavos), conforme Nota
de Empenho no 2019NE00451, emitida em 28/08/2019, sob o evento no 400091, na modalidade estimativo,
procedente do Orcamento do Distrito Federal nos termos da Lei no 6254, de 09/01/2019. VIGENCIA: 18
(dezoito) meses, a contar da data de sua assinatura, permitida a prorrogacao na forma da lei vigente. DATA
DE ASSINATURA: 30/08/2019. SIGNATARIOS: pela CONTRATANTE, MARIA JOSE SILVA SOUZA
DE NAPOLIS, na qualidade de Defensora Publica-Geral, e pela CONTRATADA, ALAN TORQUETTI
DOS SANTOS JUNIOR, na qualidade de Diretor Administrativo e Financeiro e ROSINEIA DE LIMA
BERNARDES, na qualidade de Diretora de Vendas.
(*) Republicado por ter sido encaminhado com incorrecao no original, publicado no DODF no 166, de
02/09/2019, pagina 50.
SUBSECRETARIA DE ADMINISTRACAO GERAL
AVISO DE HOMOLOGACAO E CONVOCACAO
PREGAO ELETRONICO No 10/2019- (UASG: 926314)
A Defensoria Publica do Distrito Federal, tendo em vista a homologacao do Pregao Eletronico no
0010/2019, que tem por objeto a Contratacao de empresa para fornecimento de subscricao de software de
seguranca (antivirus), incluindo garantia, atualizacao de versao, suporte tecnico por 36 (trinta e seis) meses,
transferencia de conhecimento e servicos tecnicos especializados, para atender as necessidades da
Defensoria Publica do Distrito Federal - DPDF, conforme condicoes, quantidades, exigencias e
especificacoes tecnicas estabelecidas em Edital e seus anexos. Processo: 00401-00004300/2019-72,
CONVOCA a Empresa vencedora: ALLTECH - SOLUCOES EM TECNOLOGIA LTDA, CNPJ No
21.547.011/0001-66 consignando proposta com valor ja negociado de R$ 1.276.221,00 (um milhao,
duzentos e setenta e seis mil duzentos e vinte e um reais) para o Grupo 1, do pregao em epigrafe, que teve
HOMOLOGADO em seu favor, para assinatura do contrato nos termos do Edital.
FEBO CAMARA GONCALVES
Subsecretario
AVISO DE RESULTADO
PREGAO ELETRONICO No 10/2019 - (UASG: 926314)
A Defensoria Publica do Distrito Federal comunica aos interessados que, apos abertura do Pregao
Eletronico no 10/2019, Processo: 00401-00004300/2019-72, que tem por objeto a Contratacao de
empresa para fornecimento de subscricao de software de seguranca (antivirus), incluindo garantia,
atualizacao de versao, suporte tecnico por 36 (trinta e seis) meses, transferencia de conhecimento e
servicos tecnicos especializados, para atender as necessidades da Defensoria Publica do Distrito
Federal - DPDF. Sagrou-se vencedora a empresa ALLTECH - SOLU"
2,111507624-111507646,"emitida em 28/08/2019, sob o evento no 400091, na modalidade estimativo,
procedente do Orcamento do Distrito Federal nos termos da Lei no 6254, de 09/01/2019. VIGENCIA: 18
(dezoito) meses, a contar da data de sua assinatura, permitida a prorrogacao na forma da lei vigente. DATA
DE ASSINATURA: 30/08/2019. SIGNATARIOS: pela CONTRATANTE, MARIA JOSE SILVA SOUZA
DE NAPOLIS, na qualidade de Defensora Publica-Geral, e pela CONTRATADA, ALAN TORQUETTI
DOS SANTOS JUNIOR, na qualidade de Diretor Administrativo e Financeiro e ROSINEIA DE LIMA
BERNARDES, na qualidade de Diretora de Vendas.
(*) Republicado por ter sido encaminhado com incorrecao no original, publicado no DODF no 166, de
02/09/2019, pagina 50.
SUBSECRETARIA DE ADMINISTRACAO GERAL
AVISO DE HOMOLOGACAO E CONVOCACAO
PREGAO ELETRONICO No 10/2019- (UASG: 926314)
A Defensoria Publica do Distrito Federal, tendo em vista a homologacao do Pregao Eletronico no
0010/2019, que tem por objeto a Contratacao de empresa para fornecimento de subscricao de software de
seguranca (antivirus), incluindo garantia, atualizacao de versao, suporte tecnico por 36 (trinta e seis) meses,
transferencia de conhecimento e servicos tecnicos especializados, para atender as necessidades da
Defensoria Publica do Distrito Federal - DPDF, conforme condicoes, quantidades, exigencias e
especificacoes tecnicas estabelecidas em Edital e seus anexos. Processo: 00401-00004300/2019-72,
CONVOCA a Empresa vencedora: ALLTECH - SOLUCOES EM TECNOLOGIA LTDA, CNPJ No
21.547.011/0001-66 consignando proposta com valor ja negociado de R$ 1.276.221,00 (um milhao,
duzentos e setenta e seis mil duzentos e vinte e um reais) para o Grupo 1, do pregao em epigrafe, que teve
HOMOLOGADO em seu favor, para assinatura do contrato nos termos do Edital.
FEBO CAMARA GONCALVES
Subsecretario
AVISO DE RESULTADO
PREGAO ELETRONICO No 10/2019 - (UASG: 926314)
A Defensoria Publica do Distrito Federal comunica aos interessados que, apos abertura do Pregao
Eletronico no 10/2019, Processo: 00401-00004300/2019-72, que tem por objeto a Contratacao de
empresa para fornecimento de subscricao de software de seguranca (antivirus), incluindo garantia,
atualizacao de versao, suporte tecnico por 36 (trinta e seis) meses, transferencia de conhecimento e
servicos tecnicos especializados, para atender as necessidades da Defensoria Publica do Distrito
Federal - DPDF. Sagrou-se vencedora a empresa ALLTECH - SOLUCOES EM TECNOLOGIA
LTDA, CNPJ No 21.547.011/0001-66, consignando proposta com valor de R$ 1.276.221,00 (um
milhao, duzentos e setenta e seis mil duzentos e vinte e um reais). A ata e o termo de adjudicacao
do pregao  podem ser visualizados nos  sites www.comprasgovernamentais.gov.br  e
w w w. d e f e n s o r i a . d f . g o v. b r.
CINTHIA MARIA SANTOS DOMINGUES DE OLIVEIRA
Pregoeira
CONSELHO SUPERIOR
EDITAL No 19/2019-DPDF, DE 28 DE AGOSTO DE 2019
DE PUBLICACAO DOS NOMES DOS CANDIDATOS AO CARGO DE OUVIDOR (*)
A PRESIDENTE DO CONSELHO SUPERIOR DA DEFENSORIA PUBLICA DO DISTRITO
FEDERAL, no uso de sua"
3,114770287-114770309,"olve: RETIFICAR, na Ordem de
Servico de 8 de abril 2003, publicada no DODF no 73, de 15 de abril de 2003, pag. 18, e na Ordem
de Servico no 3 de 2 de marco de 2009, publicada no DODF no 49, de 12 de marco de 2009, pag.
36/37, que concedeu Licenca Premio por Assiduidade ao servidor MANUEL ALVES PIRES, matricula
091.200-X, ONDE SE LE: ""...1o quinquenio, referente ao periodo de 06/02/98 a 05/02/2003, 2o
quinquenio, MANOEL ALVES PIRES..."", LEIA-SE: ""...1o quinquenio, referente ao periodo de
06/02/1998 a 04/02/2003, 2o quinquenio, MANUEL ALVES PIRES..."".
MARIA JOSE SILVA SOUZA DE NAPOLIS
SUBSECRETARIA DE ADMINISTRACAO GERAL
ORDEM DE SERVICO No 126, DE 06 DE SETEMBRO DE 2019
O SUBSECRETARIO DE ADMINISTRACAO-GERAL, DA DEFENSORIA PUBLICA DO
DISTRITO FEDERAL, no uso de suas atribuicoes legais, tendo em vista a delegacao de competencia
prevista na Portaria no 205, de 11 de julho de 2019, publicada no DODF no 130 de 12 de julho de
2019, resolve:
ORDEM DE SERVICO No 127, DE 09 DE SETEMBRO DE 2019
O SUBSECRETARIO DE ADMINISTRACAO-GERAL, DA DEFENSORIA PUBLICA DO
DISTRITO FEDERAL, no uso de suas atribuicoes legais, tendo em vista a delegacao de competencia
prevista na Portaria no 205, de 11 de julho de 2019, publicada no DODF no 130 de 12 de julho de
2019, resolve:
Art. 1o Designar os servidores relacionados abaixo para compor a Comissao Executora do Contrato
no 021/2019, celebrado entre a Defensoria Publica do Distrito Federal - DPDF e a empresa ALLTECH
SOLUCOES EM TECNOLOGIA LTDA, cujo objeto consiste na contratacao de empresa para
fornecimento de subscricao de software de seguranca, incluindo garantia, atualizacao de versao,
suporte tecnico por 36 meses, transferencia de conhecimento e servicos tecnicos especializados,
conforme especificacoes e quantidades previstas no Termo de Referencia, para atender as necessidades
da Defensoria Publica do Distrito Federal, consoante especifica o Edital de Pregao Eletronico no
10/2019 e Proposta da contratada, conforme consta do processo no 00401-00004300/2019-72, a saber:
WILLIAM DA SILVA GANZELA, matricula no 242.293-X (Fiscal Requisitante); DIEGO SOUSA
MATOS, matricula no 242.303-0 (Fiscal Tecnico) e MIRIAN SANTANA NASCIMENTO, matricula no
267.087-9 (Fiscal Administrativo).
Art. 2o Os servidores designados no artigo anterior deverao observar o disposto nos artigos 67, 73 e
116 da Lei Federal no 8.666/93, no artigo 41, inciso II e paragrafo 5o e incisos, do Decreto n
32.598/2010 e nas Portarias no 29 e 125/2004, da Secretaria de Estado de Planejamento, Orcamento
e Gestao do Governo do Distrito Federal.
Art. 3o A Gerencia de Contratos e Convenios desta DPDF devera disponibilizar aos servidores, copia
do respectivo Contrato, bem como prestar orientacoes quanto ao correto cumprimento das funcoes de
executor, com base nos normativos vigentes.
Art. 4o Esta Ordem de Servico entra em vigor na data de sua publicacao.
FEBO CAMARA GONCALVES
CONTROLADORIA GERAL DO DISTRITO FEDERAL
CONTROLADORIA GERAL EXECUTIVA
PORTARIA N 390, DE 06 DE SETEMBRO DE 2019
"
4,114862078-114862100,"tembro de
2019.
APLICACAO DE PENALIDADE
Processo: 0150-001745/2017. Interessado: INSTITUTO BOGEA DE EDUCACAO, ESPORTE E
MUSICA - IBEM. Assunto: APLICACAO DE PENALIDADE. Tendo em vista o constante dos autos em
epigrafe, considerando o estabelecido nos art. 69 e 73 da Lei no 13.019/2014 e com base no disposto no
inciso I, art. 74 do Decreto 37.843/2016, aplico sancao de ADVERTENCIA a Organizacao de Sociedade
Civil por descumprimento do prazo na entrega da prestacao de contas dos recursos recebidos. Termo de
Fomento (MROSC) No 017/2017. Projeto ""CARNAVALESCA"". Publique-se e encaminhem-se os autos a
SUAG/SECEC para os demais procedimentos administrativos. ADAO CANDIDO LOPES DOS
SANTOS, Secretario de Estado.
AVISO DE RESULTADO
PREGAO ELETRONICO No 10/2019
A Secretaria de Estado de Cultura do Distrito Federal torna publico aos interessados, que o processo
licitatorio referente ao Pregao Eletronico no 010/2019-SECEC, tendo por objeto ""contratacao de
empresas especializadas no fornecimento de equipamentos e servicos afins, classificados por lotes
conforme demonstrado: para o fornecimento de alimentacao e bebida; planejamento operacional;
organizacao;  execucao, acompanhamento;  recursos  humanos;  infraestrutura; apoio  logistico;
ornamentacao, confeccao e impressao de comunicacao visual"", foi adjudicado em favor das empresas
abaixo relacionadas. O resultado do Julgamento do Pregao acima citado encontra-se discriminado e
disponivel no  sistema eletronico, no site:  http://www.licitacoes-e.com.br.  Processo  00150-
00004213/2019-04.
. Empresa/CNPJ Lote VA L O R
ADJUDICADO
. JOSE BONIFACIO GONCALVES DA SILVA ME (CNPJ
04.826.064/0001-05)
02
06
5.700,00
3.700,00
. SMART PROMOCOES E EVENTOS LTDA - ME (CNPJ
10.201.909/0001-61)
03
04
05
585,00
2.999,44
3.047,86
. TOTAL DO PREGAO 16.032,30
OBS.: O Lote 01 restou fracassado.
Brasilia/DF, 06 de setembro de 2019
CARLOS AUGUSTO ANDRADE DO AMARAL
Pregoeiro
DEFENSORIA PUBLICA DO DISTRITO FEDERAL
EXTRATO DO CONTRATO No 021/2019
PROCESSO: 00401-00004300/2019-72 - PARTES: DEFENSORIA PUBLICA DO DISTRITO
FEDERAL E ALLTECH SOLUCOES EM TECNOLOGIA LTDA. OBJETO: fornecimento de
subscricao de software de seguranca, incluindo garantia, atualizacao de versao, suporte tecnico por 36
meses, transferencia de conhecimento e servicos tecnicos especializados, conforme especificacoes e
quantidades previstas no Termo de Referencia, para atender as necessidades da Defensoria Publica do
Distrito Federal, consoante especifica o Edital de Pregao Eletronico no 10/2019 e Proposta da
contratada, que passam a integrar o presente Termo. FUNDAMENTO LEGAL: Pregao Eletronico no
10/2019-DPDF, Lei no 8.666/1993 e Lei 10.520/2002. VALOR DO CONTRATO: R$ 1.276.221,00 (um
milhao, duzentos e setenta e seis mil duzentos e vinte e um reais). DOTACAO ORCAMENTARIA:
UNIDADE ORCAMENTARIA - 48101; PROGRAMA DE TRABALHO - 03.126.6002.2557.2626;
NATUREZA DA DESPESA - 33.90.39; FONTE DE RECURSO - 100. UNIDADE GESTORA:
480101; o empenho inicial e de R$ 400.000,00 (quatrocentos mil reais), "
