,local,text,
0,35170189-35170211," Distrito Federal, conforme delegacao de competencia outorgada
pelo Decreto no 32.598/2010, Capitulo VII e nomeacao pelo Decreto de 01 de janeiro de 2019,
resolve: EXPEDIR, o presente APOSTILAMENTO, referente ao Termo de Fomento no 79/2018 -
Projeto ""CRIAR TV"", consoante Processo no 00150-00010316/2018-14, firmado entre esta Secretaria
de Estado de Cultura, CNPJ no 03.658.028/0001-09 e a Organizacao da Sociedade Civil - INSTITUTO
SOUBRAS - CNPJ no 03.108.835/0001-58. Conforme Apostilamento fica prorrogado de oficio o prazo
de vigencia do Termo de Fomento no 79/2018-SEC ate 27/05/2019, de acordo com a Lei no 13.019,
de 31/07/2014, Artigo 57, com o Decreto no 37.843, de 13/12/2016, Artigo 43, 1o e com a Portaria
no 67, de 09/03/2018, e em consonancia com a Clausula Terceira, item 3.3 do Termo de Fomento no
79/2018-SEC. Em 20 de marco de 2019. ADAO CANDIDO LOPES DOS SANTOS, Secretario de
Estado de Cultura.
TERMO DE APOSTILAMENTO No 5/2019
O Secretario de Estado de Cultura do Distrito Federal, conforme delegacao de competencia outorgada
pelo Decreto no 32.598/2010, Capitulo VII e nomeacao pelo Decreto de 01 de janeiro de 2019,
resolve: EXPEDIR, o presente APOSTILAMENTO, referente ao Termo de Fomento no 79/2018 -
Projeto ""CRIAR TV"", consoante Processo no 00150-00010316/2018-14, firmado entre esta Secretaria
de Estado de Cultura, CNPJ no 03.658.028/0001-09 e a Organizacao da Sociedade Civil - INSTITUTO
SOUBRAS - CNPJ no 03.108.835/0001-58. Conforme Apostilamento fica aprovado novo Plano de
Trabalho com as devidas readequacoes, de acordo com o Parecer, em conformidade com a Lei no
13.019, de 31/07/2014, Artigo 57, com o Decreto no 37.843, de 13/12/2016, Artigo 44, 3o e com a
Portaria no 67, de 09/03/2018, e em consonancia com a Clausula Oitava, item 8.3 do Termo de
Fomento no 79/2018-SEC. ADAO CANDIDO LOPES DOS SANTOS, Secretario de Estado de
Cultura.
DEFENSORIA PUBLICA DO DISTRITO FEDERAL
AVISO DE ABERTURA DE LICITACAO
PREGAO ELETRONICO No 02/2019 (UASG:926314)
PROCESSO: 00401-00022075/2018-75 Objeto: Contratacao de empresa especializada para prestacao
de servicos de controle de vetores e pragas urbanas, denominados desinsetizacao, desratizacao,
descupinizacao e desalojamento nas areas internas e externas das unidades da Defensoria Publica do
Distrito Federal - DPDF, conforme condicoes, quantidades, exigencias e especificacoes tecnicas
estabelecidas em Edital e seus anexos. Valor total do contrato estimado: R$ 11.808,27 (onze mil
oitocentos e oito reais e vinte e sete centavos). Do tipo menor preco, representado pelo menor valor
global por grupo/lote, sob a forma de execucao indireta, no regime de empreitada por preco unitario.
Data e horario de abertura do certame as 10h do dia 11 de abril de 2019. O Edital podera ser retirado
nos  enderecos eletronicos  www.comprasgovernamentais.gov.br e
http://transparencia.defensoria.df.gov.br/. Informacoes pelo telefone: (61) 2196-4387.
CINTHIA MARIA SANTOS DOMINGUES DE OLIVEIRA
Pregoeira
I N E D I TO R I A I S
ENERGETICA CORUMBA III S",AVISO DE ABERTURA DE LICITACAO
1,44814635-44814657,"2 de agosto de 2019.
[...]
9.1 As provas discursivas serao aplicadas nas datas provaveis de 14 e 15 de setembro de 2019, terao a duracao
de 5 horas cada, valerao 100,00 pontos cada e consistirao de:
[...]
9.9.1 O padrao preliminar de resposta das provas discursivas sera divulgado na internet, no endereco eletronico
http://www.cebraspe.org.br/concursos/dp_df_19_defensor, a partir das 19 horas da data provavel de 16 de
setembro de 2019 (horario oficial de Brasilia/DF).
9.9.2 O candidato que desejar interpor recursos contra o padrao preliminar de resposta das provas discursivas
dispora do periodo das 9 horas do dia 17 de setembro de 2019 as 18 horas do dia 30 de setembro de 2019
(horario oficial de Brasilia/DF) para faze-lo, por meio do Sistema Eletronico de Interposicao de Recurso,
disponivel no endereco eletronico http://www.cebraspe.org.br/concursos/dp_df_19_defensor, e seguir as
instrucoes ali contidas.
[...]
JOAO CARNEIRO AIRES
Defensor Publico-Geral Substituto do Distrito Federal
RATIFICACAO DE INEXIBILIDADE DE LICITACAO
Processo: 00401-00000922/2019-21.Interessado: Defensoria Publica do Distrito Federal. Assunto:
lnexigibilidade de licitacao. O Ordenador de Despesa e Subsecretario de Administracao Geral,
autorizou e eu RATIFICO, nos termos do art. 26 da Lei n8.666/93, a inexigibilidade de licitacao,
com fulcro no art. 25, caput, do mesmo diploma legal, no valor total de R$ 7.990,00 (sete mil e
novecentos e noventa reais), em favor da empresa NP CAPACITACAO E SOLUCOES
TECNOLOGICAS LTDA, CNPJ: 07.797.967/0001-95 referente ao fornecimento de licenca de uso dos
servicos do sistema Banco de Precos (ferramenta on line de pesquisa e comparacao de precos
praticados pela Administracao Publica). Em 11 de abril de 2019. MARIA JOSE SILVA SOUZA DE
NAPOLIS. Defensora Publica-Geral.
AVISO DE RESULTADO
PREGAO ELETRONICO No 002/2019 - (UASG: 926314)
A DEFENSORIA PUBLICA DO DISTRITO FEDERAL comunica aos interessados que, apos abertura do
Pregao Eletronico no 02/2019, Processo no 00401-00022075/2018-75, que tem por objeto a Contratacao de
empresa especializada para o fornecimento, sob demanda, para prestacao de servicos de controle de vetores
e pragas urbanas, denominados desinsetizacao, desratizacao, descupinizacao e desalojamento nas areas
internas e externas das unidades da Defensoria Publica do Distrito Federal - DPDF, conforme condicoes,
quantidades, exigencias e especificacoes tecnicas estabelecidas em Edital e seus anexos. Sagrou-se
Vencedora a empresa J.C DA SILVA DEDETIZACAO - EIRELI - CNPJ: 21.997.019/0001-24, no valor R$
11.803,57 (onze mil oitocentos e tres reais e cinquenta e sete centavos). A ata e o termo de adjudicacao
do pregao  podem ser visualizados nos  sites www.comprasgovernamentais.gov.br  e
w w w. d e f e n s o r i a . d f . g o v. b r.
CINTHIA MARIA SANTOS DOMINGUES DE OLIVEIRA
Pregoeira
SUBSECRETARIA DE ADMINISTRACAO GERAL
TERMO DE HOMOLOGACAO E CONVOCACAO
PREGAO ELETRONICO No 002/2019 - (UASG: 926314)
A Defensoria Publica do Distrito Federal comunica aos i",RATIFICACAO DE INEXIBILIDADE DE LICITACAO
2,44815733-44815755,"ublica do Distrito Federal. Assunto:
lnexigibilidade de licitacao. O Ordenador de Despesa e Subsecretario de Administracao Geral,
autorizou e eu RATIFICO, nos termos do art. 26 da Lei n8.666/93, a inexigibilidade de licitacao,
com fulcro no art. 25, caput, do mesmo diploma legal, no valor total de R$ 7.990,00 (sete mil e
novecentos e noventa reais), em favor da empresa NP CAPACITACAO E SOLUCOES
TECNOLOGICAS LTDA, CNPJ: 07.797.967/0001-95 referente ao fornecimento de licenca de uso dos
servicos do sistema Banco de Precos (ferramenta on line de pesquisa e comparacao de precos
praticados pela Administracao Publica). Em 11 de abril de 2019. MARIA JOSE SILVA SOUZA DE
NAPOLIS. Defensora Publica-Geral.
AVISO DE RESULTADO
PREGAO ELETRONICO No 002/2019 - (UASG: 926314)
A DEFENSORIA PUBLICA DO DISTRITO FEDERAL comunica aos interessados que, apos abertura do
Pregao Eletronico no 02/2019, Processo no 00401-00022075/2018-75, que tem por objeto a Contratacao de
empresa especializada para o fornecimento, sob demanda, para prestacao de servicos de controle de vetores
e pragas urbanas, denominados desinsetizacao, desratizacao, descupinizacao e desalojamento nas areas
internas e externas das unidades da Defensoria Publica do Distrito Federal - DPDF, conforme condicoes,
quantidades, exigencias e especificacoes tecnicas estabelecidas em Edital e seus anexos. Sagrou-se
Vencedora a empresa J.C DA SILVA DEDETIZACAO - EIRELI - CNPJ: 21.997.019/0001-24, no valor R$
11.803,57 (onze mil oitocentos e tres reais e cinquenta e sete centavos). A ata e o termo de adjudicacao
do pregao  podem ser visualizados nos  sites www.comprasgovernamentais.gov.br  e
w w w. d e f e n s o r i a . d f . g o v. b r.
CINTHIA MARIA SANTOS DOMINGUES DE OLIVEIRA
Pregoeira
SUBSECRETARIA DE ADMINISTRACAO GERAL
TERMO DE HOMOLOGACAO E CONVOCACAO
PREGAO ELETRONICO No 002/2019 - (UASG: 926314)
A Defensoria Publica do Distrito Federal comunica aos interessados que, apos abertura do Pregao
Eletronico no 02/2019, Processo no 00401-00022075/2018-75, que tem por objeto a Contratacao de
empresa especializada para o fornecimento, sob demanda, para prestacao de servicos de controle de vetores
e pragas urbanas, denominados desinsetizacao, desratizacao, descupinizacao e desalojamento nas areas
internas e externas das unidades da Defensoria Publica do Distrito Federal, conforme condicoes,
quantidades, exigencias e especificacoes tecnicas estabelecidas em Edital e seus anexos, e CONVOCA a
empresa J.C DA SILVA DEDETIZACAO - EIRELI - CNPJ: 21.997.019/0001-24, que teve homologado
em seu favor o grupo 1, para assinatura do contrato nos termos do Edital.
FEBO CAMARA GONCALVES
Subsecretario de Administracao Geral
I N E D I TO R I A I S
CORUMBA CONCESSOES S.A.
CNPJ/MF no 04.066.598/0001-72 - NIRE 53.300.006.288
EDITAL DE CONVOCACAO
1a ASSEMBLEIA GERAL ORDINARIA DE 2019
Ficam os senhores acionistas e auditores externos independentes da Corumba Concessoes S.A., convocados
para participar da Assembleia Geral Ordinaria que sera realizada no dia 24",AVISO DE RESULTADO
3,52571135-52571157,"os trabalhos, um fluxograma para os futuros atendimentos e modelos de documentos a serem
implementados.
Art. 11. Os documentos descritos no artigo anterior serao submetidos para aprovacao do Secretario de Estado de
Atendimento a Comunidade.
Art. 12. Esta Portaria entra em vigor na data da sua publicacao.
SEVERINO CAJAZEIRAS DE SOUSA OLIVEIRA
SECRETARIA DE ESTADO DE ATENDIMENTO A
C O M U N I DA D E
DEFENSORIA PUBLICA DO DISTRITO FEDERAL
PORTARIA No 133, DE 30 DE ABRIL DE 2019
A DEFENSORA PUBLICA-GERAL DA DEFENSORIA PUBLICA DO DISTRITO FEDERAL, no uso
das atribuicoes que lhe confere o art. 21, inciso X, da Lei Complementar Distrital n 828, de 26 de julho
de 2010 c/c art. 211, da Lei Complementar Distrital no 840, de 23 de dezembro de 2011, art. 97-A, inciso
VI da Lei Complementar 80/94, resolve:
Art. 1o Instaurar o Processo Administrativo Disciplinar com a finalidade de apurar possivel irregularidade
administrava descrita no Processo no 00401-00001868/2019-31.
SUBSECRETARIA DE ADMINISTRACAO GERAL
ORDEM DE SERVICO No 70, DE 30 DE ABRIL DE 2019
O SUBSECRETARIO DE ADMINISTRACAO GERAL, DA DEFENSORIA PUBLICA DO DISTRITO
FEDERAL, no uso de suas atribuicoes legais, com base na Lei Complementar no 828 de 26 de julho de 2010, em
sua nova redacao dada pela Lei Complementar no 908/2016, bem como consoante a delegacao de competencia
prevista na Portaria no 125, de 26 de abril de 2016, republicada no DODF no 129 em 07 de julho de 2016,
resolve:
Art. 1o Designar os servidores relacionados abaixo para compor a Comissao Executora do Contrato no 011/2019,
celebrado entre a Defensoria Publica do Distrito Federal - DPDF e a empresa J.C DA SILVA DEDETIZACAO
- EIRELI, cujo objeto consiste na Contratacao de empresa especializada para prestacao de servicos de controle
de vetores e pragas urbanas, denominados desinsetizacao, desratizacao, descupinizacao e desalojamento nas
areas internas e externas das unidades da Defensoria Publica do Distrito Federal - DPDF, conforme consta do
processo no 00401-00022075/2018-75, a saber: a servidora POLLYANA BARROS SAKAYO, matricula no
0240728-0, o servidor IRINEU COSTA BRITO, matricula no 184.316-8, e a servidora MONICA APARECIDA
DOS REIS, matricula no 174.472-0, como executora e suplentes, respectivamente.
Art. 2o Os servidores designados no artigo anterior deverao observar o disposto nos artigos 67, 73 e 116 da Lei
Federal no 8.666/93, no artigo 41, inciso II e paragrafo 5o e incisos, do Decreto n 32.598/2010 e nas Portarias
no 29 e 125/2004, da Secretaria de Estado de Planejamento, Orcamento e Gestao do Governo do Distrito
Federal.
Art. 3o A Gerencia de Contratos e Convenios desta DPDF devera disponibilizar aos servidores, copia do
respectivo Contrato, bem como prestar orientacoes quanto ao correto cumprimento das funcoes de executor,
com base nos normativos vigentes.
Art. 4o Esta Ordem de Servico entra em vigor na data de sua publicacao.
FEBO CAMARA GONCALVES
ORDEM DE SERVICO No 71, DE 02 DE MAIO DE 2019
O SUBSECRETARIO DE ADMINISTRACAO GERAL, DA DEFENS",Designar
4,52800045-52800067,"nte
designado simplesmente AUTORIZATARIO(A), de outro. Clausula Terceira - Do Objeto: O Termo tem
por objeto a autorizacao de uso da area publica do CENTRO DE DANCA DO DISTRITO FEDERAL -
Sala no 2 e Sala no 5, com a finalidade de realizacao de ENSAIOS E AULAS - FORMACAO E
PRODUCAO COREOGRAFICA DE TANGO DANCA. Clausula Quarta - Do prazo de vigencia: 4.1 - O
Termo tera vigencia ate 24/06/2019, a contar da data de sua assinatura, facultada sua prorrogacao
mediante manifestacao escrita, com antecedencia minima de 30 (trinta) dias, observado o interesse da
Administracao e da legislacao pertinente. 4.2 - O prazo concedido sera: AULAS: SALA 2 - de 22/04/2019
ate 24/06/2019 todas as segundas-feiras, pelo horario da 20:00 as 22:00. ENSAIOS: SALA 5 - de
27/04/2019 ate 22/06/2019 todos os sabados pelo horario das 10:00 as 12:30. Clausula Quinta - do Valor:
5.1 - Fica estipulado o preco publico minimo no valor de R$200,00 (duzentos reais) pela ocupacao da area
para atividades com cobranca de taxas (aulas), e o valor de R$ 112,5 (cento e doze reais e cinquenta
centavos) para atividades gratuitas (ensaios), totalizando R$ 312,5 (trezentos e doze reais e cinquenta
centavos) pela ocupacao, obtido pela aplicacao dos coeficientes estabelecidos nos termos do Artigo 6o da
Portaria n 381, de 25/10/2018. 5.2 - Sera cobrado pela Autorizataria(o) o valor de R$13,00 (treze reais)
a hora aula por participante das aulas. Data da assinatura: 02 de maio de 2019. Pelo Distrito Federal:
ADAO CANDIDO LOPES DOS SANTOS e Pela Autorizataria: ANA VELIA VELEZ DE SANCHES
OSELLA.
No 82, sexta-feira, 3 de maio de 2019
PAGINA 61
Diario Oficial do Distrito Federal
Este documento pode ser verificado no endereco eletronico h t t p : / / w w w. i n . g o v. b r / a u t e n t i c i d a d e . h t m l
pelo codigo 50012019050300061
Documento assinado digitalmente conforme MP no 2.200-2 de 24/08/2001, que institui a
Infraestrutura de Chaves Publicas Brasileira - ICP-Brasil.
EXTRATO DO CONTRATO No 11/2019
PROCESSO: 00401-00022075/2018-75 - PARTES: DEFENSORIA PUBLICA DO DISTRITO
FEDERAL E A EMPRESA J.C DA SILVA DEDETIZACAO - EIRELI. OBJETO: Contratacao de
empresa especializada para prestacao de servicos de controle de vetores e pragas urbanas,
denominados desinsetizacao, desratizacao, descupinizacao e desalojamento nas areas internas e
externas das unidades da Defensoria Publica do Distrito Federal - DPDF. FUNDAMENTO LEGAL:
Pregao Eletronico no 02/2019. VALOR DO CONTRATO: R$ 11.803,57 (onze mil, oitocentos e tres
reais e cinquenta e sete centavos). DOTACAO ORCAMENTARIA: UNIDADE ORCAMENTARIA -
48101; PROGRAMA DE TRABALHO - 03.122.6002.8517.9632; NATUREZA DA DESPESA -
33.90.39; FONTE DE RECURSO - 100. UNIDADE GESTORA: 480101; O empenho inicial e de R$
11.803,57 (onze mil, oitocentos e tres reais e cinquenta e sete centavos), conforme Nota de Empenho
no 2019NE00205, emitida em 22/04/2019, sob o evento no 400091, na modalidade estimativo,
procedente do Orcamento do Distrito Federal nos termos da Lei no 6254, de 09/01/2019.",EXTRATO DO CONTRATO
5,62337420-62337442," Analista Politicas Publicas e Gestao
Governamental, 1a, V, 50, 40, 90, 00, 18/04/2019, 00401-00007919/2019-39; KELLY CRISTINE
COSTA LIMA, 172.575-0, Analista Politicas Publicas e Gestao Governamental, 2a, V, 52, 40, 92, 00,
1a, I, 13/11/2019, 00401-000034641/2019-82; LEONARDO MAIA DE MEDEIROS, 125742-0, Gestor
Politicas Publicas e Gestao Governamental, 1a, V, 55, 40, 95, 00, ESP, I, 29/04/2019, 00401-
00003366/2019-45;  LILIAN DIA  ROSA,  126.803-1, Gestor  Politicas  Publicas e  Gestao
Governamental, 1a, V, 57, 40, 97, 00, ESP, I, 05/05/2019, 00401-00003950/2019-09; LUANY
No 96, quinta-feira, 23 de maio de 2019
PAGINA 27
Diario Oficial do Distrito Federal
Este documento pode ser verificado no endereco eletronico h t t p : / / w w w. i n . g o v. b r / a u t e n t i c i d a d e . h t m l
pelo codigo 50012019052300027
Documento assinado digitalmente conforme MP no 2.200-2 de 24/08/2001, que institui a
Infraestrutura de Chaves Publicas Brasileira - ICP-Brasil.
SUBSECRETARIA DE ADMINISTRACAO GERAL
ORDEM DE SERVICO No 84, DE 22 DE MAIO DE 2019
O SUBSECRETARIO DE ADMINISTRACAO GERAL, DA DEFENSORIA PUBLICA DO
DISTRITO FEDERAL, no uso de suas atribuicoes legais, com base na Lei Complementar no 828 de
26 de julho de 2010, em sua nova redacao dada pela Lei Complementar no 908/2016, bem como
consoante a delegacao de competencia prevista na Portaria no 125, de 26 de abril de 2016, republicada
no DODF no 129 em 07 de julho de 2016, resolve:
Art. 1o Designar os servidores relacionados abaixo para compor a Comissao Executora do Contrato
no 011/2019, celebrado entre a Defensoria Publica do Distrito Federal - DPDF e a empresa J.C DA
SILVA DEDETIZACAO - EIRELI, cujo objeto consiste na contratacao de empresa especializada para
prestacao de servicos de controle de vetores e pragas urbanas, denominados desinsetizacao,
desratizacao, descupinizacao e desalojamento nas areas internas e externas das unidades da Defensoria
Publica do Distrito Federal - DPDF, conforme consta do processo no 00401-00022075/2018-75, a
saber: POLLYANA BARROS SAKAYO, matricula no 240.728-0 (gestora administrativa), IRINEU
COSTA BRITO, matricula no 184.316-8 (fiscal tecnico), MONICA APARECIDA DOS REIS GOMES,
matricula no 174.472-0 (fiscal administrativa) e REBECA NEVES ALVES, matricula 1.430.945-9
(fiscal administrativa).
Art. 2o Os servidores designados no artigo anterior deverao observar o disposto nos artigos 67, 73 e
116 da Lei Federal no 8.666/93, no artigo 41, inciso II e paragrafo 5o e incisos, do Decreto n
32.598/2010 e nas Portarias no 29 e 125/2004, da Secretaria de Estado de Planejamento, Orcamento
e Gestao do Governo do Distrito Federal.
Art. 3o A Gerencia de Contratos e Convenios desta DPDF devera disponibilizar aos servidores, copia
do respectivo Contrato, bem como prestar orientacoes quanto ao correto cumprimento das funcoes de
executor, com base nos normativos vigentes.
Art. 4o Fica revogada a Ordem de Servico no 70, de 30/04/2019, publicada no DODF no 82, de
03/05/2019, pag. 43.
Art. 5o Esta Ordem ",Designar 
6,108659474-108659496," III, VII e XV, e 21, incisos I e XIII, da Lei Complementar Distrital no 908/2016,
que promoveu alteracoes na Lei Complementar Distrital no 828/2010, resolve:
EXONERAR, a pedido, LUIZ CLAUDIO DE SOUZA, matricula no 180.762-5, do Cargo em
Comissao, Simbolo DFG 13, de Coordenador, do Nucleo de Assistencia Judiciaria de Fazenda Publica,
da Defensoria Publica do Distrito Federal, a contar de 29 de agosto de 2019.
NOMEAR LUIZ MARCELO DIAS MARTINS, matricula no 238.119-2, para exercer o Cargo em
Comissao, Simbolo DFG 13, de Coordenador, do Nucleo de Assistencia Judiciaria de Fazenda Publica,
da Defensoria Publica do Distrito Federal.
MARIA JOSE SILVA SOUZA DE NAPOLIS
SUBSECRETARIA DE ADMINISTRACAO GERAL
ORDEM DE SERVICO No 120, DE 29 DE AGOSTO DE 2019
O SUBSECRETARIO DE ADMINISTRACAO GERAL, DA DEFENSORIA PUBLICA DO
DISTRITO FEDERAL, no uso de suas atribuicoes legais, com base na Lei Complementar no 828 de
26 de julho de 2010, em sua nova redacao dada pela Lei Complementar no 908/2016, bem como
consoante a delegacao de competencia prevista na Portaria no 125, de 26 de abril de 2016, republicada
no DODF no 129 em 07 de julho de 2016, resolve:
Art. 1o Substituir no Artigo 1o, da Ordem de Servico/SUAG n.o 08, de 22/05/2019, publicada no
DODF no 96, de 23/05/2019, pag. 27, MONICA APARECIDA DOS REIS GOMES, matricula
174.472-0 por JOYCE VANACI DE ABRANTES SILVA,-matricula n.o 234.419-X e REBECA
NEVES ALVES, matricula 1.430.945-9 por TATIANA MARIA DAL MAGRO - matricula n.o
242.887-3, para atuarem ambas como fiscais administrativas do Contrato no 11/2019, firmado entre a
Defensoria Publica do Distrito Federal - DPDF e empresa J.C DA SILVA DEDETIZACAO - EIRELI,
cujo objeto consiste na contratacao de empresa especializada para prestacao de servicos de controle
de vetores e pragas urbanas, denominados desinsetizacao, desratizacao, descupinizacao e desalojamento
nas areas internas e externas das unidades da Defensoria Publica do Distrito Federal - DPDF,
conforme consta do processo no 00401-00022075/2018-75.
Art. 2o As servidoras designadas no artigo anterior deverao observar o disposto nos artigos 67, 73 e
116 da Lei Federal no 8.666/93, no artigo 41, inciso II e paragrafo 5o e incisos, do Decreto n
32.598/2010 e nas Portarias no 29 e 125/2004, da Secretaria de Estado de Planejamento, Orcamento
e Gestao do Governo do Distrito Federal.
Art. 3o A Gerencia de Contratos e Convenios desta DPDF devera disponibilizar aos servidores, copia
do respectivo Contrato, bem como prestar orientacoes quanto ao correto cumprimento das funcoes de
executor, com base nos normativos vigentes.
Art. 4o Esta Ordem de Servico entra em vigor na data de sua publicacao.
FEBO CAMARA GONCALVES
CONTROLADORIA GERAL DO DISTRITO FEDERAL
CONTROLADORIA GERAL EXECUTIVA
PORTARIA N 377, DE 28 DE AGOSTO DE 2019
O CONTROLADOR-GERAL EXECUTIVO, DA CONTROLADORIA GERAL DO DISTRITO
FEDERAL, no uso das atribuicoes que lhe confere a Portaria no 70, de 26 de fevereiro de 2019, c/c
o Decreto no 29.290, de 22 de julho de 2008 e o Decreto",N�o idententificado
