,local,text,
0,116486153-116486175,"e organizacao de eventos e correlatos a serem realizados pela Subsecretaria de
Fomento e Incentivo a Cultura/Secretaria de Estado de Cultura e Economia Criativa do Distrito Federal,
abrangendo planejamento operacional, organizacao, execucao, acompanhamento e fornecimento de bens,
infraestrutura e apoio logistico, em regime de empreitada por preco global"", Processo no 00150-
00004192/2019-19, foi adjudicado em favor da empresa STAR LOCACAO DE SERVICOS GERAIS
LTDA, CNPJ no 37.131.539/0001-90, no valor total de R$ 94.750,00. O resultado do Julgamento do
Pregao acima citado encontra-se discriminado e disponivel no sistema eletronico, no site:
h t t p : / / w w w. l i c i t a c o e s - e . c o m . b r.
Brasilia/DF, 10 de setembro de 2019.
CARLOS AUGUSTO ANDRADE DO AMARAL
Pregoeiro
DEFENSORIA PUBLICA DO DISTRITO FEDERAL
EXTRATO DO CONVENIO DE PATROCINIO COLETIVO EMPRESARIAL No 01/2019
Processo: 00401-00007772/2019-87. Partes: DEFENSORIA PUBLICA DO DISTRITO FEDERAL -
DPDF E FUNDACAO ASSISTENCIAL DOS SERVIDORES DO MINISTERIO DA FAZENDA -
ASSEFAZ. Objeto: Proporcionar aos servidores do PATROCINADOR, ativos ou inativos, e seus
respectivos dependentes e agregados do grupo familiar definidos, bem como aos pensionistas, a
possibilidade de ingresso nos Planos de Saude da ASSEFAZ denominados: ASSEFAZ RUBI (registro ANS
466490126), ASSEFAZ DIAMANTE (registro na ANS 466498121), ASSEFAZ ESMERALDA
APARTAMENTO (registro na ANS 466489122), ASSEFAZ SAFIRA APARTAMENTO (registro na ANS
466500127) e a piano ASSEFAZ CRISTAL EMPRESARIAL (registro ANS 479966186), com adesao
espontanea e opcional. VIGENCIA: 60 (sessenta) meses a contar da assinatura. DATA DE ASSINATURA:
09/09/2019. SIGNATARIOS: pela DPDF, MARIA JOSE SILVA DE SOUZA NAPOLIS, na qualidade de
Defensora Publica-Geral e pela ASSEFAZ, PEDRO CLOVIS SANTARO ARAKE, na qualidade de
Presidente.
SUBSECRETARIA DE ADMINISTRACAO GERAL
DIRETORIA DE LICITACAO
AVISO DE ABERTURA DE LICITACAO
PREGAO ELETRONICO No 11/2019 - (UASG: 926314)
Processo: 00401-00005714/2019-19. Objeto: Contratacao de empresa especializada no fornecimento de solucao
integrada de Firewall NEXT GENERATION via subscricoes, compreendendo suporte tecnico, atualizacoes e
servicos tecnicos para o periodo de 36 (trinta e seis) meses, conforme condicoes, quantidades e exigencias
estabelecidas no Edital e seus anexos. A despesa com a execucao do objeto desta licitacao e estimada em R$
1.597.173,63 (um milhao, quinhentos e noventa e sete mil cento e setenta e tres reais e sessenta e tres centavos).
Tipo de Licitacao: menor preco global. Data e horario de abertura do certame as 14h30 do dia 24 de setembro de
2019. O Edital podera ser retirado nos enderecos eletronicos www.comprasgovernamentais.gov.br e
http://transparencia.defensoria.df.gov.br/. Informacoes pelo telefone: (61) 2196-4387.
SIDNEY FERREIRA DE SOUSA
Diretor de Licitacao - Substituto
No 174, quinta-feira, 12 de setembro de 2019
PAGINA 55
Diario Oficial do Distrito Federal
Este documento pode ser verificado no endereco eletro",AVISO DE ABERTURA DE LICITACAO
1,133649811-133649833,"resa POSITIVO TECNOLOGIA S.A, no valor de R$ 598,48 (quinhentos e noventa e oito reais e
quarenta e oito centavos) e a quantidade de 720 Unidades, CNPJ: 81.243.735/0001-48, ITEM 04 -
SCANNER a empresa METDATA TECNOLOGIA DA INFORMACAO EIRELI, no valor de R$ 1.137,40
e a quantidade de 34 Unidades, CNPJ: 28.584.157/0002-01, ITEM 05 - MODEM ROTEADOR a empresa
DONE FLEX SOLUCOES INOVADORAS EM INFORMATICA LTDA, no valor de R$ 333,80 (trezentos
e trinta e tres reais e oitenta centavos) e a quantidade de 36 Unidades, CNPJ: 31.462.753/0001-42, ITEM
07 - MICROCOMPUTADOR (Cota Reservada) a empresa KL LOCACAO E COMERCIO DE
EQUIPAMENTOS DE INFORMATICA EIRELI, no valor de R$ 3.399,00 (tres mil trezentos e noventa e
nove reais) e a quantidade de 40 Unidades, CNPJ: 32.159.298/0001-73 , ITEM 08 - MONITOR
COMPUTADOR (Cota Reservada) a empresa GASKAM COMERCIO E CONSTRUCAO CIVIL EIRELI,
no valor de R$ 638,51 (seiscentos e trinta e oito reais e cinquenta e um centavos) e a quantidade de 80
Unidades, CNPJ: 32.519.346/0001-97, ITEM 09 - SCANNER (Cota Reservada) a empresa METDATA
TECNOLOGIA DA INFORMACAO EIRELI, no valor ja negociado de R$ 1.137,40 (um mil cento e trinta
e sete reais e quarenta centavos) e a quantidade de 6 Unidades, CNPJ: 28.584.157/0002-01, ITEM 10 -
MODEM ROTEADOR (Cota Reservada) a empresa VJV DA SILVA SERV DE ACABAMENTOS EM
CONSTRUCOES E COM V, no valor de R$ 327,95 (trezentos e vinte e sete reais e noventa e cinco
centavos)  e  a  quantidade  de  4 Unidades,  CNPJ:  27.230.551/0001-06.  Os  ITENS  02-
MICROCOMPUTADOR, 06-NOTEBOOK e 11-NOTEBOOK (Cota Reservada), restaram fracassados
(Cancelados na Aceitacao). A ata e o termo de adjudicacao do pregao podem ser visualizados nos sites
www.comprasgovernamentais.gov.br e www.defensoria.df.gov.br.
CINTHIA MARIA SANTOS DOMINGUES DE OLIVEIRA
Pregoeira
PREGAO ELETRONICO No 11/2019 - (UASG: 926314)
A Defensoria Publica do Distrito Federal comunica aos interessados que, apos abertura do Pregao
Eletronico no 11/2019, Processo no 00401-00005714/2019-19, que tem por objeto a Contratacao de empresa
especializada no fornecimento de solucao integrada de Firewall NEXT GENERATION via subscricoes,
compreendendo suporte tecnico, atualizacoes e servicos tecnicos para o periodo de 36 (trinta e seis) meses,
conforme condicoes, quantidades e exigencias estabelecidas no Edital e seus anexos, para atender as
necessidades da Defensoria Publica do Distrito Federal - DPDF. Sagrou-se vencedora a empresa 5
INSTITUTO TECNOLOGICO - SOCIEDADE CIVIL DE PROFISSIONAIS DE TECNOLOGIA
ASSOCIADOS, CNPJ: 27.685.014/0001-42, consignando proposta com valor de R$ 1.531.830,70 (um
milhao, quinhentos e trinta e um mil oitocentos e trinta reais e setenta centavos). A ata e o termo de
adjudicacao do pregao podem ser visualizados nos sites www.comprasgoverna m e n t a i s . g o v. b r.
CINTHIA MARIA SANTOS DOMINGUES DE OLIVEIRA
Pregoeira
SUBSECRETARIA DE ADMINISTRACAO GERAL
AVISOS DE HOMOLOGACAO
O SUBSECRETARIO DE ADMINISTRACAO GERAL, DA DEFENSORIA PUBLICA DO DISTRITO
F",PREGAO ELETRONICO
2,133654742-133654764,"R
COMPUTADOR (Cota Reservada) a empresa GASKAM COMERCIO E CONSTRUCAO CIVIL EIRELI,
no valor de R$ 638,51 (seiscentos e trinta e oito reais e cinquenta e um centavos) e a quantidade de 80
Unidades, CNPJ: 32.519.346/0001-97, ITEM 09 - SCANNER (Cota Reservada) a empresa METDATA
TECNOLOGIA DA INFORMACAO EIRELI, no valor ja negociado de R$ 1.137,40 (um mil cento e trinta
e sete reais e quarenta centavos) e a quantidade de 6 Unidades, CNPJ: 28.584.157/0002-01, ITEM 10 -
MODEM ROTEADOR (Cota Reservada) a empresa VJV DA SILVA SERV DE ACABAMENTOS EM
CONSTRUCOES E COM V, no valor de R$ 327,95 (trezentos e vinte e sete reais e noventa e cinco
centavos)  e  a  quantidade  de  4 Unidades,  CNPJ:  27.230.551/0001-06.  Os  ITENS  02-
MICROCOMPUTADOR, 06-NOTEBOOK e 11-NOTEBOOK (Cota Reservada), restaram fracassados
(Cancelados na Aceitacao), conforme documentos carreados nos autos do Processo: 00401.00009878/2019-
15. FORMACAO DO CADASTRO DE RESERVA: Nao houve interessados.
O SUBSECRETARIO DE ADMINISTRACAO GERAL, DA DEFENSORIA PUBLICA DO DISTRITO
FEDERAL, no uso de suas atribuicoes legais, tendo em vista o dispoe o inciso VI, art. 8o, do Decreto no
5.450/2005 e a delegacao de competencia prevista na Portaria no 205, de 11/07/2019, publicada no DODF
no 38, em 12/07/2019, resolve: HOMOLOGAR o resultado da licitacao do Pregao Eletronico no 11/2019,
cujo objeto consiste na Contratacao de empresa especializada no fornecimento de solucao integrada de
Firewall NEXT GENERATION via subscricoes, compreendendo suporte tecnico, atualizacoes e servicos
tecnicos para o periodo de 36 (trinta e seis) meses, visando atender as necessidades da Defensoria Publica
do Distrito Federal DPDF, em favor da empresa: 5 INSTITUTO TECNOLOGICO SOCIEDADE CIVIL
DE PROFISSIONAIS DE TECNOLOGIA ASSOCIADOS, CNPJ: 27.685.014/0001- 42, no valor total de
R$ 1.531.830,70 (um milhao, quinhentos e trinta e um mil, oitocentos e trinta reais e setenta centavos),
conforme documentos carreados nos autos do processo SEI/GDF no 00401-00005714/2019-19.
FEBO CAMARA GONCALVES
PROCURADORIA GERAL DO DISTRITO FEDERAL
RATIFICACAO DE INEXIGIBILIDADE DE LICITACAO
Processo: 00020-00031861/2019-83; Interessada:  PROCURADORIA-GERAL DO D I S T R I TO
FEDERAL; Assunto: contratacao direta de curso. A PROCURADORA-GERAL DO DIST R I TO
FEDERAL, no exercicio das atribuicoes que lhe conferem o artigo 6o, inciso XXXV, da Lei
Complementar no 395, de 31 de julho de 2001, nos termos do art. 26 da Lei no 8.666/1993, resolve:
1. RATIFICAR a Inexigibilidade de Licitacao no 06/2019, reconhecida pelo Subsecretario-Geral de
Administracao, Marcelo Raso de Paiva, nos autos do processo administrativo em epigrafe, para a
contratacao direta por inexigibilidade de licitacao de ate 18 (dezoito) participacoes em curso
denominado ""Expressao Verbal - Oratoria Desenvolvimento de Tecnicas e Habilidades Comunicativas
em Apresentacoes"", a ser realizado em Brasilia/DF, no periodo 21/10/2019 a 25/10/2019, sob a
coordenacao da Clinica Odonto-Fonoaudiologica Torres S/C LTDA- PR",HOMOLOGAR
3,138496690-138496712,"ho no 2019NE00190, emitida
em 23.10.2019, sob o evento no 40091, na modalidade 01-Ordinario. DA VIGENCIA: Este instrumento
tera vigencia da data de sua assinatura ate 25/01/2020. DATA DE ASSINATURA: 23/10/2019. Pelo
Distrito Federal, ESTEVAO SOUZA DOS REIS, na qualidade de Secretario de Estado de Turismo
Substituto, e pela Organizacao da Sociedade Civil, RENATA APARECIDA DE OLIVEIRA, na qualidade
de Presidente.
SECRETARIA DE ESTADO DE PROJETOS ESPECIAIS
EXTRATO DE ACORDO DE COOPERACAO TECNICA No 02/2019
Processo: 00041-00000179/2019-46 - Especie: Extrato do Acordo de Cooperacao Tecnica No 02/2019,
PARTES: O Distrito Federal, atraves da Secretaria de Estado de Turismo do Distrito Federal-SETUR, da
Secretaria de Estado de Projetos Especiais do Distrito Federal-SEPE e da Administracao Regional do Plano
Piloto - RA I, a Companhia Urbanizadora da Nova Capital do Brasil-NOVACAP e o BRB - Banco de Brasilia
S.A., OBJETO: O presente Acordo tem como objeto a transferencia pelo Distrito Federal ao BRB da gestao do
Complexo Urbanistico da Torre de TV, composto: pela Torre de TV de Brasilia e pela Fonte Luminosa da
Torre de TV, ambos sob a carga patrimonial da SETUR, pela Feira de Artesanato da Torre de TV de Brasilia
e Jardim Burle Marx, areas publicas sob a gestao da RA I, todos localizados na cidade de Brasilia, Distrito
Federal, visando a reativacao e a revitalizacao destes espacos e viabilizacao de demais projetos que comporao
o Corredor Cultural do Banco de Brasilia - CCBRB. DATA DA ASSINATURA: 29/10/2019, SIGNATARIOS:
Vanessa Chaves de Mendonca, Secretaria de Estado de Turismo do Distrito Federal, Roberto Vanderlei de
Andrade, Secretario-Executivo da Secretaria de Estado de Projetos Especiais do Distrito Federal, ILKA
TEODORO, Administradora Regional do Plano Piloto, CANDIDO TELES DE ARAUJO, Diretor-Presidente
da NOVACAP, PAULO HENRIQUE BEZERRA RODRIGUES COSTA, Diretor-Presidente do BRB S.A.
DEFENSORIA PUBLICA DO DISTRITO FEDERAL
EXTRATO DO CONTRATO No 028/2019
Processo: 00401-00005714/2019-19 - PARTES: DEFENSORIA PUBLICA DO DISTRITO FEDERAL E 5
INSTITUTO TECNOLOGICO. OBJETO: Contratacao de empresa especializada no fornecimento de
solucao integrada de Firewall NEXT GENERATION via subscricoes, compreendendo suporte tecnico,
atualizacoes e servicos para o periodo de 36 (trinta e seis) meses. FUNDAMENTO LEGAL: Pregao
Eletronico no 11/2019-DPDF, Lei no 8.666/1993 e Lei 10.520/2002. VALOR DO CONTRATO: R$
1.531.830,70 (um milhao, quinhentos e trinta e um mil, oitocentos e trinta reais e setenta centavos).
DOTACAO ORCAMENTARIA:  UNIDADE ORCAMENTARIA - 48101;  PROGRAMA DE
TRABALHO - 03.126.6002.2557.2626; NATUREZA DA DESPESA - 33.90.39.08; FONTE DE
RECURSO - 100. UNIDADE GESTORA: 480101; o empenho inicial e de R$ 510.610,23 (quinhentos e
dez mil, seiscentos e dez reais e vinte e tres centavos), conforme Nota de Empenho no 2019NE00542,
emitida em 21/10/2019, sob o evento no 400091, na modalidade estimativo, procedente do Orcamento do
Distrito Federal nos termos da Lei no 6254, de 09",EXTRATO DO CONTRATO
