,local,text,
0,96318960-96318982,"ecebimento das propostas finalizado em 13/05/2019,
cujo objeto e a Aquisicao de Equipamentos para Reabilitacao, visando atender as necessidades do
Hospital da Crianca de Brasilia Jose Alencar - HCB, apresenta as seguintes empresas vencedoras: item
01 para a empresa Criticalmed Produtos Medico Hospitalares Ltda, pelo valor total de R$ 7.450,00
(Sete mil, quatrocentos e cinquenta reais); item 06 para a empresa ALL Support Comercio e
Assistencia Tecnica Ltda Me, pelo valor total de R$ 1.890,00 (Mil, oitocentos e noventa reais); itens
12, 15, 16, 17 e 19 para a empresa MN Importacao Exportacao e Comercio de Suprimentos
Terapeuticos e de Reabilitacao Ltda, pelo valor total de R$ 3.570,00 (Tres mil, quinhentos e setenta
reais); itens 13 e 20 para a empresa Dalton Ribeiro Rocha (Gastop Projetos), pelo valor total de R$
3.515,08 (Tres mil, quinhentos e quinze reais e oito centavos). Os itens 03, 07, 10 e 11 restaram
fracassados. Os itens 04, 05, 08, 09, 14, 18 e 21 restaram desertos. Brasilia/DF, 31 de julho de 2019.
Supervisao de Compras, Icipe/HCB.
F I L A N T R O P I A - 11 3 / 2 0 1 9
AVISO DE SUSPENSAO DE LICITACAO
PREGAO ELETRONICO No 07/2019 - (UASG: 926314)
SISTEMA DE REGISTRO DE PRECOS
A DEFENSORIA PUBLICA DO DISTRITO FEDERAL comunica aos interessados a suspensao
cautelar ""sine die"" da abertura do Pregao Eletronico em epigrafe, devido a necessidade de retificacao
do Edital, Projeto Basico e demais anexos para a pretensa contratacao, conforme decisao no
2598/2019-GP prolatada pelo Egregio Tribunal de Contas do Distrito Federal. Processo: 00401-
00001097/2019-82. O  Edital podera ser retirado  nos enderecos eletronicos
www.comprasgovernamentais.gov.br  e http://transparencia.defensoria.df.gov.br/.  Informacoes pelo
telefone: (61) 2196-4387.
CINTHIA MARIA SANTOS DOMINGUES DE OLIVEIRA
Pregoeira
SUBSECRETARIA DE ADMINISTRACAO GERAL
DIRETORIA DE LICITACAO
AVISO DE ABERTURA DE LICITACAO
PREGAO ELETRONICO No 09/2019 - (UASG: 926314)
SISTEMA DE REGISTRO DE PRECOS
Processo: 00401-00001249/2019-47. Objeto: Contratacao de servicos tecnicos especializados na area
de Tecnologia da Informacao e Comunicacao (TIC) para planejamento, organizacao, desenvolvimento,
implantacao e execucao continuada de atividades de atendimento, suporte tecnico remoto e presencial
a usuarios de solucoes de TIC, bem como suporte especializado para sustentacao de todo ambiente
de TIC da Defensoria Publica do Distrito Federal - DPDF, envolvendo Administracao, Operacao e
Suporte de Rede e Servidores no ambito da Sede Administrativa e nucleos de atendimentos da DPDF,
abrangendo a execucao de rotinas periodicas, orientacao e esclarecimento de duvidas, configuracao e
controle de equipamentos, e recebimento, registro, analise, diagnostico e atendimento de solicitacoes
de usuarios por meio de Central de Suporte (Service Desk), conforme especificacoes, quantitativos e
condicoes estabelecidas neste Edital e seus anexos, mediante SISTEMA DE REGISTRO DE PRECOS
(SRP). A despesa com a execucao do objeto desta licitacao",AVISO DE ABERTURA DE LICITACAO
1,102060791-102060813,"ncisos V e VI do item 1.6 e no inciso V do item 1.4.
1.8 A Secretaria de Estado de Cultura ira consultar o SIGGO e o CEPIM para verificar se ha ocorrencia impeditiva em relacao a pessoa fisica ou juridica e pode reemitir certidoes disponiveis eletronicamente
nos casos de vencimento de sua validade.
1.9 As certidoes positivas com efeito de negativas servirao como certidoes negativas, desde que nao haja referencia expressa de impossibilidade de celebrar instrumentos juridicos com a administracao
publica.
1.10 Para prosseguimento do processo celebracao de termo de ajuste e repasse dos recursos referente ao apoio financeiro o/a agente cultural beneficiario/a devera entregar no Protocolo Geral da Secretaria de
Cultura do Distrito Federal os documentos exigidos nesta publicacao, respeitando os prazos estabelecidos, alem de comprovante de abertura de conta especifica para o projeto contemplado, emitido pelo Banco
de Brasilia - BRB, constando, nome do beneficiario(a), CPF/CNPJ e numero da conta.
1.11 O/A agente cultural beneficiario/a que nao cumprir com os prazos previstos nesta publicacao tera seu processo arquivado.
1.12 Encontra-se em analise pelo Conselho de Administracao do FAC - CAFAC, recurso apresentado pelo agente cultural proponente do projeto inscrito sob o numero 3707. Logo que analise for concluida pelo
Conselho, sera publicado o resultado final de admissibilidade do projeto.
Brasilia/DF, 13 de agosto de 2019.
ADAO CANDIDO LOPES DOS SANTOS
Secretario de Estado
DEFENSORIA PUBLICA DO DISTRITO FEDERAL
AVISO DE SUSPENSAO DE LICITACAO
PREGAO ELETRONICO No 9/2019 - (UASG: 926314)
SISTEMA DE REGISTRO DE PRECOS
A DEFENSORIA PUBLICA DO DISTRITO FEDERAL comunica aos interessados a suspensao cautelar
""sine die"" da abertura do Pregao Eletronico em epigrafe, devido a necessidade de retificacao do Edital,
Termo de Referencia e demais anexos para a pretensa contratacao, conforme decisao no 5321/2019-GP
prolatada pelo Egregio Tribunal de Contas do Distrito Federal. Processo: 00401-00001249/2019-47. O
Edital podera  ser retirado nos enderecos  eletronicos www.comprasgovernamentais.gov.br  e
http://transparencia.defensoria.df.gov.br/. Informacoes pelo telefone: (61) 2196-4387.
CINTHIA MARIA SANTOS DOMINGUES DE OLIVEIRA
Pregoeira
TRIBUNAL DE CONTAS DO DISTRITO FEDERAL
SECRETARIA DE CONTAS
SECRETARIA DE CONTROLE EXTERNO
EDITAL DE CIENTIFICACAO No 6/2019
O Secretario de Controle Externo da Secretaria de Contas do Tribunal de Contas do Distrito Federal -
TCDF, na forma da lei, depois de esgotados, sem sucesso, os meios previstos no art. 23, I e II, da Lei
Complementar do DF no 1, de 9 de maio de 1994, FAZ SABER a todos quantos este Edital virem ou dele
tiverem conhecimento, que tramitam neste Tribunal os autos de no 17669/2007, tratando de Tomada de
Contas Especial, tendo o egregio Plenario, na Sessao Reservada no 1269, de 30 de julho de 2019,
autorizado a cientificacao por edital da Construtora GAUTAMA LTDA. na pessoa do representante legal,
inscrita no CNPJ sob o no 00.725.347/0003",AVISO DE SUSPENSAO DE LICITACAO
2,123327267-123327289,"OS LTDA ME. DO OBJETO: contratacao de empresa para prestar servico de
aquisicao de material de consumo (expediente), sendo: 450 (quatrocentos e cinquenta) carimbos a base e
cabo em madeira, personalizada com impressao em fotopolimero e borracha com espessura minima de
3mm, tipo comum, formato quadrado, retangular ou redondo, unidade de fornecimento cm2, no valor
unitario de R$ 0,30 (trinta centavos), 50 (cinquenta) carimbos de estrutura rigida em acrilico ou plastico,
de 76 mm x 37 mm, automatico ou autoentintado, mecanismo retratil, almofada em cor preta substituivel,
personalizada com impressao em fotopolimero e borracha com espessura minima de 3mm, em formato
retangular e marca Nikon, ao preco unitario de R$ 26,00 (vinte e seis reais), alem, de 25 (vinte e cinco)
refis para carimbos auto-entintado, medindo 76mm x 37mm, ao preco unitario de R$ 11,14 (onze reais e
quatorze centavos), a fim de atender as necessidades desta Secretaria de Estado. VALOR DO CONTRATO:
R$ 1.713,50 (hum mil, setecentos e treze reais e cinquenta centavos). DA DOTACAO ORCAMENTARIA:
Unidade Orcamentaria: 34.101, Nota de Empenho no 2019NE00619, no valor de R$ 1.713,50 (hum mil,
setecentos e treze reais e cinquenta centavos), emitida em 20/09/2019, sob o evento no 400091, na
modalidade Estimativo, sob o Programa de Trabalho 27.122.6002.8517.6982. Fonte de Recurso 100,
Natureza da Despesa 3.3.90.30. VIGENCIA: 23/09/2019 a 31/12/2019. SIGNATARIOS: Pelo DISTRITO
FEDERAL: Leandro Cruz Froes da Silva, na qualidade de Secretario de Estado. Pela CONTRATADA:
CREZINEIDE VIEIRA DE MORAIS, CPF no 539.907.731-00, na qualidade de Socia. Torna-se sem efeito
a publicacao do Extrato da Nota de Empenho n 2019NE000375, publicado no DODF n 119, de
27/06/2019, pg. 40, por ter sido a mesma cancelada.
DEFENSORIA PUBLICA DO DISTRITO FEDERAL
SUBSECRETARIA DE ADMINISTRACAO GERAL
DIRETORIA DE LICITACAO
AVISO DE REABERTURA DE LICITACAO
PREGAO ELETRONICO No 09/2019 - (UASG: 926314)
SISTEMA DE REGISTRO DE PRECOS
Processo: 00401-00001249/2019-47. Objeto: Contratacao de servicos tecnicos especializados na area
de Tecnologia da Informacao e Comunicacao (TIC) para planejamento, organizacao, desenvolvimento,
implantacao e execucao continuada de atividades de atendimento, suporte tecnico remoto e presencial
a usuarios de solucoes de TIC, bem como suporte especializado para sustentacao de todo ambiente
de TIC da Defensoria Publica do Distrito Federal - DPDF, envolvendo Administracao, Operacao e
Suporte de Rede e Servidores no ambito da Sede Administrativa e nucleos de atendimentos da DPDF,
abrangendo a execucao de rotinas periodicas, orientacao e esclarecimento de duvidas, configuracao e
controle de equipamentos, e recebimento, registro, analise, diagnostico e atendimento de solicitacoes
de usuarios por meio de Central de Suporte (Service Desk), conforme especificacoes, quantitativos e
condicoes estabelecidas neste Edital e seus anexos, mediante SISTEMA DE REGISTRO DE PRECOS
(SRP). A despesa com a execucao do objeto desta licitacao",AVISO DE REABERTURA DE LICITACAO
3,137859295-137859317,"plencia, sera automaticamente desclassificado, sendo
convocada a proposta subsequente na lista de classificacao ate complementar o total de vagas
disponibilizadas no Edital.
Brasilia/DF, 29 de outubro de 2019
ADAO CANDIDO LOPES DOS SANTOS
PAGINA 56
No 207, quarta-feira, 30 de outubro de 2019
Diario Oficial do Distrito Federal
Este documento pode ser verificado no endereco eletronico h t t p : / / w w w. i n . g o v. b r / a u t e n t i c i d a d e . h t m l
pelo codigo 50012019103000056
Documento assinado digitalmente conforme MP no 2.200-2 de 24/08/2001, que institui a
Infraestrutura de Chaves Publicas Brasileira - ICP-Brasil.
DEFENSORIA PUBLICA DO DISTRITO FEDERAL
EXTRATO DA ATA DE REGISTRO DE PRECOS No 11/2019
Processo: 00401-00009878/2019-15, Pregao Eletronico - SRP - no 13/2019, HOMOLOGADO em 16 de
outubro de 2019, objeto: Registro de Precos Contratacao de empresa especializada no fornecimento de
microcomputadores, monitores de video, scanner's de mesa, wireless e notebook's, com garantia on-site de
60 (sessenta) meses para micros e monitores e garantia on-site de 48 (quarenta e oito) meses para os
scanner's de mesa e notebook's, garantia on-site de 12 (doze) meses para os wireless, conforme condicoes,
quantidades e exigencias estabelecidas neste Edital e seus anexos, para atender a demanda da Defensoria
Publica do Distrito Federal - DPDF. Vigencia: 12 meses a contar da publicacao no DODF. Empresa
adjudicada e homologada: VJV DA SILVA SERVICOS DE ACABAMENTO EM CONSTRUCOES
CNPJ: 27.230.551/0001-06, ITEM 10 - MODEM ROTEADOR, no valor unitario de R$ 327,95 (trezentos
e vinte e sete reais e noventa e cinco centavos) e a quantidade de 04 Unidades. Ata na integra, encontrar-
se-a disponibilizada no endereco eletronico: https://www.comprasgovern a m e n t a i s . g o v. b r / .
AVISO DE RESULTADO
PREGAO ELETRONICO No 009/2019.- UASG: 926314
A Defensoria Publica do Distrito Federal comunica aos interessados que, apos abertura do Pregao
Eletronico no 09/2019, Processo: 00401-00001249/2019-47, que tem por objeto o Registro de preco para
contratacao de servicos tecnicos especializados na area de Tecnologia da Informacao e Comunicacao (TIC)
para planejamento, organizacao, desenvolvimento, implantacao e execucao continuada de atividades de
atendimento, suporte tecnico remoto e presencial a usuarios de solucoes de TIC, bem como suporte
especializado para sustentacao de todo ambiente de TIC da Defensoria Publica do Distrito Federal - DPDF,
conforme condicoes, quantidades, exigencias e especificacoes tecnicas estabelecidas em Edital e seus
anexos. Sagrou-se Vencedora a empresa UNIC SOLUTIONS - COMERCIO, IMPORTACAO E
SERVICOS, CNPJ no 10.258.323/0001-33, no valor total de R$ 1.299.510,70 (um milhao, duzentos e
noventa e nove mil, quinhentos e dez reais e setenta centavos). A ata e o termo de adjudicacao do pregao
podem ser visualizados nos sites www.comprasgovernamentais.gov.br.
CINTHIA MARIA SANTOS DOMINGUES DE OLIVEIRA
Pregoeira
SUBSECRETARIA DE ADMINISTRACAO GERAL
AVISO DE HOM",AVISO DE RESULTADO
4,137861438-137861460,"formacao e Comunicacao (TIC)
para planejamento, organizacao, desenvolvimento, implantacao e execucao continuada de atividades de
atendimento, suporte tecnico remoto e presencial a usuarios de solucoes de TIC, bem como suporte
especializado para sustentacao de todo ambiente de TIC da Defensoria Publica do Distrito Federal - DPDF,
conforme condicoes, quantidades, exigencias e especificacoes tecnicas estabelecidas em Edital e seus
anexos. Sagrou-se Vencedora a empresa UNIC SOLUTIONS - COMERCIO, IMPORTACAO E
SERVICOS, CNPJ no 10.258.323/0001-33, no valor total de R$ 1.299.510,70 (um milhao, duzentos e
noventa e nove mil, quinhentos e dez reais e setenta centavos). A ata e o termo de adjudicacao do pregao
podem ser visualizados nos sites www.comprasgovernamentais.gov.br.
CINTHIA MARIA SANTOS DOMINGUES DE OLIVEIRA
Pregoeira
SUBSECRETARIA DE ADMINISTRACAO GERAL
AVISO DE HOMOLOGACAO
O SUBSECRETARIO DE ADMINISTRACAO GERAL, DA DEFENSORIA PUBLICA DO DISTRITO
FEDERAL, no uso de suas atribuicoes legais, tendo em vista o dispoe o inciso VI, art. 8o, do Decreto no
5.450/2005 e a delegacao de competencia prevista na Portaria no 205, de 11/07/2019, publicada no DODF
no 38, em 12/07/2019, resolve: HOMOLOGAR o resultado da licitacao do Pregao Eletronico no 09/2019
- (SRP), cujo objeto consiste o Registro de preco para contratacao de servicos tecnicos especializados na
area de Tecnologia da Informacao e Comunicacao (TIC) para planejamento, organizacao, desenvolvimento,
implantacao e execucao continuada de atividades de atendimento, suporte tecnico remoto e presencial a
usuarios de solucoes de TIC, bem como suporte especializado para sustentacao de todo ambiente de TIC
da Defensoria Publica do Distrito Federal - DPDF, em favor da empresa: UNIC SOLUTIONS -
COMERCIO, IMPORTACAO E SERVICOS, CNPJ no 10.258.323/0001-33, no valor total de R$
1.299.510,70 (um milhao, duzentos e noventa e nove mil, quinhentos e dez reais e setenta centavos),
conforme documentos carreados nos autos do processo: 00401-00001249/2019-47.
FEBO CAMARA GONCALVES
TRIBUNAL DE CONTAS DO DISTRITO FEDERAL
EXTRATO DO TEMO DE COOPERACAO TECNICA 01/2019
Participe: Tribunal de Contas do Distrito Federal - CNPJ no 00.534.560/0001-26 - Participe: Tribunal
de Contas do Estado de Rondonia - CNPJ no 04.801.221/0001-10 - Objeto: cooperacao para
compartilhamento de solucoes em Tecnologia da Informacao entre os Participes, para utilizacao
exclusiva no desenvolvimento de suas respectivas funcoes institucionais - Processo-TCDF no
23.165/2019 - Vigencia e Execucao: 05 (cinco) anos a contar da publicacao do extrato no Diario
Oficial do Distrito Federal, bem como no Diario Oficial do Estado de Rondonia, tendo como termo
inicial a ultima data de publicacao - Valor: R$0,00 (zero reais) - Data da assinatura: 10/10/2019 -
Assinam: pelo TCDF, Anilceia Luzia Machado; e, pelo Tribunal de Contas do Estado de Rondonia,
Edilson de Sousa Silva.
SECRETARIA DE CONTAS
SECRETARIA DE CONTROLE EXTERNO
EDITAL DE NOTIFICACAO No 6/2019
O Secretario de Controle ",AVISO DE HOMOLOGACAO
5,142006020-142006042,"rificado no endereco eletronico h t t p : / / w w w. i n . g o v. b r / a u t e n t i c i d a d e . h t m l
pelo codigo 5001201911 0700049
Documento assinado digitalmente conforme MP no 2.200-2 de 24/08/2001, que institui a
Infraestrutura de Chaves Publicas Brasileira - ICP-Brasil.
SECRETARIA EXECUTIVA
RATIFICACAO DE INEXIGIBILIDADE DE LICITACAO
Considerando a instrucao contida no processo no 00150-00006718/2019-03, com fulcro no caput do Artigo
26 da Lei 8.666/93, reconheco e ratifico a inexigibilidade de licitacao, no valor de R$ 1.500,00 (Um mil
e quinhentos reais), referente a contratacao artistica do grafiteiro MARCOS VINICIUS MORAES LIMA,
representado por ele mesmo, CPF no 023.531.661-05, para compor a programacao do projeto
""ENCONTRO DE GRAFITE DO DISTRITO FEDERAL 2019"", concernente ao Edital de Chamamento
Publico no 07/2019, conforme Programa de Trabalho no 13.392.6219.2844.0001 - Implementacao do
Programa Cultura e Cidadania - Secretaria de Cultura, Natureza de Despesa 33.90.39, Fonte 100.
Determino o encaminhamento a Subsecretaria de Administracao Geral - SUAG para os demais
procedimentos necessarios. Em 31 de outubro de 2019. CRISTIANO VASCONCELOS DA SILVA,
Secretario Executivo de Cultura e Economia Criativa.
SUBSECRETARIA DE ADMINISTRACAO GERAL
APLICACAO DE PENALIDADE
Processo: 150.00003043/2019-32 - Interessado: APOIO LOGISTICA CONST. LTDA. ASSUNTO:
APLICACAO DE PENALIDADE. Aplico a penalidade de ADVERTENCIA a empresa APOIO
LOGISTICA CONST. LTDA, com sede na Rua Coronel Augusto de Paula no 853 Lj 01 - Chacara - MG
- 36.110-000, com fulcro no Artigo 7o da Lei no 10.520/2002 e Artigo 2o do Decreto no 26.851/2006.
Publique-se e encaminhem-se os autos a Diretoria de Gestao de Parcerias e Contratos, para os demais
procedimentos administrativos. Brasilia, 06 de novembro de 2019. TIAGO RODRIGO GONCALVES,
Subsecretario de Administracao Geral.
DEFENSORIA PUBLICA DO DISTRITO FEDERAL
DIRETORIA DE LICITACAO
EXTRATO DA ATA DE REGISTRO DE PRECOS No 12/2019
Processo: 00401-00001249/2019-47, Pregao Eletronico - SRP - no 09/2019, HOMOLOGADO em 25
de outubro de 2019, Objeto: Registro de Precos para a contratacao de servicos tecnicos especializados
na area de Tecnologia da Informacao e Comunicacao (TIC) para planejamento, o rg a n i z a c a o ,
desenvolvimento, implantacao e execucao continuada de atividades de atendimento, suporte tecnico
remoto e presencial a usuarios de solucoes de TIC, bem como suporte especializado para sustentacao
de todo ambiente de TIC da Defensoria Publica do Distrito Federal - DPDF, conforme condicoes,
quantidades, exigencias e especificacoes tecnicas estabelecidas em Edital e seus anexos; Vigencia: 12
meses a contar da publicacao no DODF. Empresa adjudicada e homologada: Fornecedor: UNIC
SOLUTIONS - COMERCIO, IMPORTACAO E SERVICOS, CNPJ no 10.258.323/0001-33, no valor
total de R$ 1.299.510,70 (um milhao, duzentos e noventa e nove mil, quinhentos e dez reais e setenta
centavos). Fornecedores que aderiram ao cadastro de reserva: 1 - CNPJ: 24.126.47",EXTRATO DA ATA DE REGISTRO DE PRECOS
