,local,text,
0,90601465-90601487,"Realizacao de Acoes Culturais - Conexao FAC; Fonte 100; Natureza de
Despesa 33.90.48; Modalidade: Ordinario. Data da Emissao da Nota de Empenho: 15/07/2019;
Ordenador Responsavel: JOAO ROBERTO DE OLIVEIRA MORO
EXTRATO DE NOTA DE EMPENHO No 00261/2019
PROCESSO: 00150-00003476/2019-98. Das Partes: FUNDO DE APOIO A CULTURA-SECEC, CNPJ
no 03.658.028/0001-09 e o/a Agente Cultural SIMONIA DOS SANTOS QUEIROZ - CPF n
702.402.051-20. Do Objeto: Concessao de Apoio Financeiro para ""Participacao em Evento"" no ambito
do programa Conexao FAC, conforme Portaria no 147, de 29 de abril de 2019, publicada no DODF
no 81, de 02/05/2019. Do Valor: R$ 11.904,20 (onze mil, novecentos e quatro reais e vinte centavos).
Da  Classificacao  Orcamentaria: UO  16903;  Gestao:  23903.  Programa de  Trabalho  no
13.392.6219.2911.0001 - Realizacao de Acoes Culturais - Conexao FAC; Fonte 100; Natureza de
Despesa 33.90.48; Modalidade: Ordinario. Data da Emissao da Nota de Empenho: 15/07/2019;
Ordenador Responsavel: JOAO ROBERTO DE OLIVEIRA MORO.
EXTRATO DE NOTA DE EMPENHO No 00264/2019
PROCESSO: 00150-00003457/2019-61. Das Partes: FUNDO DE APOIO A CULTURA-SECEC, CNPJ
no 03.658.028/0001-09 e o/a Agente Cultural NAIRA JOHANSSON CARNEIRO LARREA - CPF n
023.550.771-77. Do Objeto: Concessao de Apoio Financeiro para ""Participacao em Evento"" no ambito
do programa Conexao FAC, conforme Portaria no 147, de 29 de abril de 2019, publicada no DODF
no 81, de 02/05/2019. Do Valor: R$ 54.629,00 (cinquenta e quatro mil, seiscentos e vinte e nove
reais). Da Classificacao Orcamentaria: UO 16903; Gestao: 23903. Programa de Trabalho no
13.392.6219.2911.0001 - Realizacao de Acoes Culturais - Conexao FAC; Fonte 100; Natureza de
Despesa 33.90.48; Modalidade: Ordinario. Data da Emissao da Nota de Empenho: 16/07/2019;
Ordenador Responsavel: JOAO ROBERTO DE OLIVEIRA MORO.
DEFENSORIA PUBLICA DO DISTRITO FEDERAL
AVISO DE ABERTURA DE LICITACAO
PREGAO ELETRONICO No 07/2019 - (UASG: 926314)
SISTEMA DE REGISTRO DE PRECOS
Processo: 00401-00001097/2019-82. Objeto: contratacao de empresa especializada na prestacao de
servicos continuados de manutencao preventiva, corretiva, e servicos eventuais, por demanda, nas
instalacoes prediais e mobiliarios pertencentes a Defensoria Publica do Distrito Federal - DPDF e dos
que estejam sob sua responsabilidade, localizados no Distrito Federal, com o fornecimento de mao-
de-obra, materiais, ferramentas, maquinas, equipamentos e transporte de seus funcionarios, conforme
especificacoes, quantitativos e condicoes estabelecidas neste Edital e seus anexos, mediante SISTEMA
DE REGISTRO DE PRECOS (SRP). A despesa com a execucao do objeto desta licitacao e estimada
em R$ 2.597.743,56 (Dois milhoes quinhentos e noventa e sete mil, setecentos e quarenta e tres reais
e cinquenta e seis centavos). Tipo de Licitacao: menor preco. Data e horario de abertura do certame
as 14h30 do dia 31 de julho de 2019. O Edital podera ser retirado nos enderecos eletronicos
www.comprasgovernamentais.gov.br  e http://transparenci",AVISO DE ABERTURA DE LICITACAO
1,97615419-97615441,"ecisao a Terracap e a empresa Documentall Gestao
e Logistica de Documentos Ltda., para subsidiar o cumprimento do item III, retro, informando-lhes que
as futuras tramitacoes dos autos em exame poderao ser acompanhadas mediante cadastramento no
sistema TCDFPush (www.tc.df.gov.br - Espaco do Cidadao - Acompanhamento por e-mail); b) o envio
de copia desta decisao a representante; c) o retorno dos autos a Segem/TCDF, para os fins
pertinentes.
PROCESSO No 17068/2019-e - Pregao Eletronico n.o 07/2019, mediante Sistema de Registro de Precos
- SRP, deflagrado pela Defensoria Publica do Distrito Federal - DPDF, tendo por objeto a contratacao de
empresa especializada na prestacao de servicos continuados de manutencao preventiva, corretiva, e
servicos eventuais, por demanda, nas instalacoes prediais e mobiliarios pertencentes a jurisdicionada, e
dos que estejam sob sua responsabilidade, localizados no Distrito Federal, com o fornecimento de mao-
de-obra, materiais, ferramentas, maquinas, equipamentos e transporte de seus funcionarios, conforme
especificacoes, quantitativos e condicoes estabelecidas no edital e seus anexos. DECISAO No 2598/2019
- O Tribunal, por unanimidade, de acordo com o voto do Relator, decidiu: I. tomar conhecimento: a) do
edital do Pregao Eletronico por SRP n.o 07/2019, mediante Sistema de Registro de Precos - SRP,
deflagrado pela Defensoria Publica do Distrito Federal - DPDF, tendo por objeto a contratacao de
empresa especializada na prestacao de servicos continuados de manutencao preventiva, corretiva e
servicos eventuais, por demanda, nas instalacoes prediais e mobiliarios pertencentes a DPDF e dos que
estejam sob sua responsabilidade, localizados no Distrito Federal, com o fornecimento de mao-de-obra,
materiais, ferramentas, maquinas, equipamentos e transporte de seus funcionarios, conforme
especificacoes, quantitativos e condicoes estabelecidas no edital e seus anexos (e-DOC AB2B9B9B-e); b)
do e-mail com link de acesso ao Processo Eletronico SEI n.o 00401-00001097/2019-82 (e-DOC
564E3894-e) e da copia dos referidos autos (e-DOC 7B23F837-e); c) da Informacao n.o 179/2019 - Difli
(e-DOC BC51406C-e) e da Lista de Verificacao (""Check-List"") constante do e-DOC FAE05819-e; II.
determinar a Defensoria Publica do Distrito Federal - DPDF, com fulcro no art. 113,  2o, da Lei n.o
8.666/1993 c/c art. 277 do RI/TCDF, que suspenda cautelarmente o Pregao Eletronico SRP n.o 07/2019,
ate ulterior deliberacao desta Corte, para que sejam adotadas as correcoes indicadas a seguir e/ou
apresente as devidas justificativas, encaminhando copia comprobatoria das medidas adotadas ao Tribunal:
a) em relacao a habilitacao tecnica: 1. suprima do item 17.1 do Termo de Referencia a exigencia de que
os atestados de capacidade tecnico-operacional sejam acompanhados das Certidoes de Acervo Tecnico
(CAT) emitidas pelo CREA/CAU em nome da empresa licitante, em face de o CREA/CAU nao certificar
esse tipo atestado, adaptando o referido regramento, caso entenda necessario, ao disposto no ite",N�o identificado
2,136686318-136686340,"es. Ata na
integra, encontrar-se-a  disponibilizada no  endereco eletronico:
h t t p s : / / w w w. c o m p r a s g o v e r n a m e n t a i s . g o v. b r /
EXTRATO DO PRIMEIRO TERMO ADITIVO AO CONTRATO No 011/2015
Processo: 0401-000317/2015 - PARTES: DEFENSORIA PUBLICA DO DISTRITO FEDERAL E CEB
DISTRIBUICAO S/A. OBJETO: Alteracao contratual com vistas ao acrescimo de 25%, ou seja, acrescimo
de R$ 402.882,75 (quatrocentos e dois mil, oitocentos e oitenta e dois reais e setenta e cinco centavos), nos
termos do 1o, art. 65 da Lei no 8.666/93 e da Justificativa constante no documento SEI 29485720. VALOR
DO CONTRATO: R$ 2.014.413,75 (dois milhoes, quatorze mil quatrocentos e treze reais e setenta e cinco
centavos). VIGENCIA: O presente Termo Aditivo entra em vigor a partir da data de sua assinatura. DATA
DE ASSINATURA: 23/10/2019. SIGNATARIOS: pela CONTRATANTE, MARIA JOSE SILVA SOUZA
DE NAPOLIS, na qualidade de Defensora Publica-Geral, e pela CONTRATADA, SELMA BATISTA DO
REGO LEAL DOS SANTOS PEREIRA, na qualidade de Gerente de Grandes Clientes.
EXTRATO DO TERCEIRO TERMO ADITIVO AO CONTRATO No 005/2016
Processo: 0401-000085/2015 - PARTES: DEFENSORIA PUBLICA DO DISTRITO FEDERAL E
AVENIDA SHOPPING EMPREENDIMENTOS IMOBILIARIOS LTDA-ME. OBJETO: Prorrogacao do
prazo de vigencia do Contrato no 005/2016 por ais 12 (doze) meses, iniciando em 27/10/2019 e finalizando
em 26/10/2020, com base no inciso II do artigo 57 da Lei no 8666/1993. VALOR DO CONTRATO: R$
456.645,82 (quatrocentos e cinquenta e seis mil seiscentos e quarenta e cinco reais e oitenta e dois
centavos). VIGENCIA: O presente Termo Aditivo entra em vigor a partir do dia 27 de outubro de 2019.
DATA DE ASSINATURA: 23/10/2019. SIGNATARIOS: pela CONTRATANTE, MARIA JOSE SILVA
SOUZA DE NAPOLIS, na qualidade de Defensora Publica-Geral, e pela CONTRATADA, TAREK ALI
ABDEL AZIZ, na qualidade de Administrador.
AVISO DE REABERTURA DE LICITACAO
PREGAO ELETRONICO No 07/2019 - (UASG: 926314)
SISTEMA DE REGISTRO DE PRECOS
Processo: 00401-00001097/2019-82. Objeto: Contratacao de empresa especializada na prestacao de
servico continuado de manutencao preventiva, corretiva, e servicos eventuais por demanda nas
instalacoes prediais e mobiliarios pertencentes a Defensoria Publica do Distrito Federal - DPDF e dos
que estejam sob sua responsabilidade, localizados no Distrito Federal, com o fornecimento de mao-
de-obra, materiais, ferramentas, maquinas, equipamentos e transporte de seus funcionarios, conforme
especificacoes, quantitativos e condicoes estabelecidas neste Edital e seus anexos, mediante SISTEMA
DE REGISTRO DE PRECOS (SRP). A despesa com a execucao do objeto desta licitacao e estimada
em R$ 2.977.602,90 (dois milhoes, novecentos e setenta e sete mil seiscentos e dois reais e noventa
centavos). Tipo de Licitacao: menor preco global. Data e horario de abertura do certame as 14h30 do
dia 08 de novembro de 2019. O Edital podera ser retirado nos enderecos eletronicos
www.comprasgovernamentais.gov.br  e http://transparencia.defensoria.d",AVISO DE REABERTURA DE LICITACAO
3,153192573-153192595,"icinas tecnicas e de masterclasses de empreendedorismo
em Regioes Administrativas diferentes, conforme detalhamento contido no Plano de Trabalho em anexo
a este instrumento. CLAUSULA SEGUNDA - VALOR GLOBAL DA PARCERIA E DOTACAO: 2.1.
Este instrumento envolve transferencia de recursos financeiros da ADMINISTRACAO PUBLICA para a
ORGANIZACAO DA SOCIEDADE CIVIL, conforme cronograma de desembolso previsto no Plano de
Trabalho. 2.2. O valor global dos recursos publicos da parceria e R$250.000,00 (duzentos e cinquenta
mil reais). 2.3. A despesa correra a conta da seguinte Dotacao Orcamentaria: I - Unidade Orcamentaria:
16101; II - Programa de Trabalho: 13.392.6219.9075.0095; III - Natureza da Despesa: 335041; IV -
Fonte de Recursos: 100; 2.4 - O empenho e de R$250.000,00 (duzentos e cinquenta mil reais), conforme
Nota de Empenho no 2019NE001124, emitida em 29/11/2019, sob o evento no 400091, na modalidade
Global. CLAUSULA TERCEIRA - PRAZO DE VIGENCIA E EFICACIA: 3.1 - Este instrumento tera
vigencia da data de sua assinatura ate 30/04/2020. CLAUSULA QUINTA - CONTRAPARTIDA: 5.1 -
Nao sera exigida contrapartida da ORGANIZACAO DA SOCIEDADE CIVIL. CLAUSULA DECIMA
PRIMEIRA - GESTOR DA PARCERIA: DANIELA ZAMBAM RODOLFO, matricula no 238.604-6,
Tecnico de Atividades Culturais, como Presidente; CARLA NOGUEIRA DE QUEIROZ, matricula no
0030482-4, Tecnico de Atividades Culturais, ANDREIA MARTINELE DA SILVA, matricula no
241.498-8, Analista de Atividades Culturais e APARECIDA DE FATIMA ARAUJO MOURA, matricula
no 174.535-2, Gestor em Politicas Publicas e Gestao Governamental. Data da assinatura: 29 de novembro
de 2019. p/SECRETARIA: ADAO CANDIDO LOPES DOS SANTOS, p/ ORGANIZACAO DA
SOCIEDADE CIVIL: ALAN CESAR ALVES DE SOUZA.
DEFENSORIA PUBLICA DO DISTRITO FEDERAL
DIRETORIA DE LICITACAO
AVISO DE RESULTADO
PREGAO ELETRONICO No 007/2019 -SRP (UASG: 926314)
A Defensoria Publica do Distrito Federal comunica aos interessados que, apos abertura do Pregao
Eletronico no 07/2019 (SRP), Processo no 00401-00001097/2019-82, que tem por objeto o Registro de
preco para contratacao de empresa especializada na prestacao de servicos continuados de manutencao
preventiva, corretiva, e servicos eventuais, por demanda, nas instalacoes prediais e mobiliarios
pertencentes a Defensoria Publica do Distrito Federal - DPDF
e dos que estejam sob sua
responsabilidade, localizados no Distrito Federal, com o fornecimento de mao-de-obra, materiais,
ferramentas, maquinas, equipamentos e transporte de seus funcionarios, conforme especificacoes,
quantitativos e condicoes estabelecidas neste Edital e seus anexos. Sagrou-se Vencedora a empresa
SPR ENGENHARIA E CONSTRUCAO LTDA, CNPJ no 28.053.583/0001-38, no valor total de R$
2.550.449,99 (dois milhoes, quinhentos e cinquenta mil quatrocentos e quarenta e nove reais e noventa
e nove  centavos). A ata  do pregao  pode ser visualizada  nos site
w w w. c o m p r a s g o v e r n a m e n t a i s . g o v. b r.
CINTHIA MARIA SANTOS DOMINGUES DE OLIVEIRA
Pregoeira
TRIBUNAL DE CONTAS DO ",AVISO DE RESULTADO
4,153886652-153886674,"l, seiscentos e
cinquenta e seis reais e vinte e cinco centavos), nos termos do 1o, art. 65 da Lei no 8.666/93. VALOR
DO CONTRATO: R$ 28.281,25 (vinte e oito mil, duzentos e oitenta e um reais e vinte e cinco
centavos). VIGENCIA: a partir da data de sua assinatura. DATA DE ASSINATURA: 03/12/2019.
SIGNATARIOS: pela CONTRATANTE, JOAO CARNEIRO AIRES, na qualidade de Defensor Publico-
Geral Substituto, e pela CONTRATADA, CAROLINA AMENO TEIXEIRA DE MACEDO, na qualidade
de Diretora.
SUBSECRETARIA DE ADMINISTRACAO GERAL
AVISO DE HOMOLOGACAO E CONVOCACAO
PREGAO ELETRONICO No 007/2019
O SUBSECRETARIO DE ADMINISTRACAO GERAL, DA DEFENSORIA PUBLICA DO
DISTRITO FEDERAL, no uso de suas atribuicoes legais, tendo em vista o dispoe o inciso VI, art.
8o, do Decreto no 5.450/2005 e a delegacao de competencia prevista na Portaria no 313, de
04/11/2019, publicada no DODF no 213, de 07/11/2019, resolve: HOMOLOGAR o resultado da
licitacao do Pregao Eletronico (SRP) no 007/2019, cujo objeto consiste no Registro de preco para
contratacao de empresa especializada na prestacao de servicos continuados de manutencao preventiva,
corretiva, e servicos eventuais, por demanda, nas instalacoes prediais e mobiliarios pertencentes a
Defensoria Publica do Distrito Federal - DPDF e dos que estejam sob sua responsabilidade,
localizados no Distrito Federal, com o fornecimento de mao-de-obra, materiais, ferramentas, maquinas,
equipamentos e transporte de seus funcionarios, conforme especificacoes, quantitativos e condicoes
estabelecidas neste Edital e seus anexos, visando atender as necessidades da Defensoria Publica do
Distrito Federal - DPDF, e CONVOCA a empresa SPR ENGENHARIA E CONSTRUCAO LTDA,
CNPJ: 28.053.583/0001-38, para assinatura da ata de registro de precos e contrato nos termos do
Edital, no valor total de R$ 2.550.449,99 (dois milhoes, quinhentos e cinquenta mil, quatrocentos e
quarenta e nove reais e noventa e nove centavos), conforme documentos carreados nos autos do
processo administrativo: 00401-00001097/2019-82. NAO HOUVE ADESAO AO CADASTRO DE
R E S E RVA .
FEBO CAMARA GONCALVES
TRIBUNAL DE CONTAS DO DISTRITO FEDERAL
SECRETARIA DE CONTAS
SECRETARIA DE CONTROLE EXTERNO
EDITAL DE NOTIFICACAO No 8/2019
O Secretario de Controle Externo da Secretaria de Contas do Tribunal de Contas do Distrito Federal -
TCDF, na forma da lei, depois de esgotados, sem sucesso, os meios previstos no art. 23, I e II, da Lei
Complementar do DF no 1, de 9 de maio de 1994, FAZ SABER a todos quantos este Edital virem ou dele
tiverem conhecimento, que tramitam neste Tribunal os autos de no 2632/2012, tratando de tomada de
contas especial, tendo o egregio Plenario, na Sessao Ordinaria no 5025, de 22/03/2018, autorizado a
notificacao por edital de JOSE SINVALDO TAVARES, inscrito no CPF sob o no 175.591.033-91, residente
e domiciliado em local incerto e nao sabido, o qual devera, no prazo de 30 (trinta) dias, a contar da
primeira publicacao deste Edital, recolher solidariamente o debito de R$ 300.922,65 (valor em
14/11/2017",AVISO DE HOMOLOGACAO E CONVOCACAO
5,154697312-154697334,"Trabalho no
13.392.6219.9075.0003 - transferencia de Recursos para Projetos Culturais - Realizacao de Acoes artisticas
e Culturais - Conexao; Fonte 100; Natureza de Despesa 33.50.41; Modalidade: Ordinario. Data da Emissao
da Nota de Empenho: 03/12/2019; Ordenador Responsavel: JOAO ROBERTO DE OLIVEIRA MORO.
EXTRATO DE NOTA DE EMPENHO No 00559/2019
Processo: 00150-00006827/2019-12. Das Partes: FUNDO DE APOIO A CULTURA-SECEC, CNPJ no
03.658.028/0001-09 e o/a Agente Cultural DINORA COUTO CANCADO - CPF/CNPJ no 573.629.981-04.
Do Objeto: Concessao de Apoio Financeiro para ""Participacao em Evento"", conforme Edital No 06/2018 -
PROGRAMA CONEXAO CULTURAL DF #NEGOCIOS -, e Portaria no 147/2019. Do Valor: R$
18.754,75 (dezoito mil, setecentos e cinquenta e quatro reais e setenta e cinco centavos). Da Classificacao
Orcamentaria: 16903; Gestao: 23903. Programa de Trabalho no 13.392.6219.2911.0001 - Realizacao de
Acoes Culturais - Conexao FAC; Fonte 100; Natureza de Despesa 33.90.48; Modalidade: Ordinario. Data
da Emissao da Nota de Empenho: 03/12/2019; Ordenador Responsavel: JOAO ROBERTO DE OLIVEIRA
MORO.
EXTRATO DE NOTA DE EMPENHO No 00548/2019
Processo: 00150-00006773/2019-95. Das Partes: FUNDO DE APOIO A CULTURA-SECEC, CNPJ no
03.658.028/0001-09 e o/a Agente Cultural CAROLINA VILLALOBOS DOS SANTOS COELHO -
CPF/CNPJ no 023.969.951-38. Do Objeto: Concessao de Apoio Financeiro para ""Participacao em Evento"",
conforme Edital No 06/2018 - PROGRAMA CONEXAO CULTURAL DF #NEGOCIOS -, e Portaria no
147/2019. Do Valor: R$ 13.200,00 (treze mil, duzentos reais). Da Classificacao Orcamentaria: 16903;
Gestao: 23903. Programa de Trabalho no 13.392.6219.2911.0001 - Realizacao de Acoes Culturais -
Conexao FAC; Fonte 100; Natureza de Despesa 33.90.48; Modalidade: Ordinario. Data da Emissao da
Nota de Empenho: 03/12/2019; Ordenador Responsavel: JOAO ROBERTO DE OLIVEIRA MORO.
DEFENSORIA PUBLICA DO DISTRITO FEDERAL
SUBSECRETARIA DE ADMINISTRACAO GERAL
EXTRATO DA ATA DE REGISTRO DE PRECOS
Processo: 00401-00001097/2019-82, Pregao Eletronico - SRP - no 07/2019, HOMOLOGADO em 29
de novembro de 2019, objeto: Registro de preco para contratacao de empresa especializada na
prestacao de servicos continuados de manutencao preventiva, corretiva, e servicos eventuais, por
demanda, nas instalacoes prediais e mobiliarios pertencentes a Defensoria Publica do Distrito Federal
- DPDF e dos que estejam sob sua responsabilidade, localizados no Distrito Federal, com o
fornecimento de mao-de-obra, materiais, ferramentas, maquinas, equipamentos e transporte de seus
funcionarios, conforme especificacoes, quantitativos e condicoes estabelecidas neste Edital e seus
anexos, visando atender as necessidades da Defensoria Publica do Distrito Federal - DPDF; Vigencia:
12 meses a contar da publicacao no DODF. Empresa adjudicada e homologada: SPR ENGENHARIA
E CONSTRUCAO LTDA, CNPJ: 28.053.583/0001-38, no valor de R$ 2.550.449,99 (dois milhoes,
quinhentos e cinquenta mil quatrocentos e quarenta e nove reais e noventa e nove centavos",EXTRATO DA ATA DE REGISTRO DE PRECOS
