,local,text,
0,35884938-35884960," LICITACAO
AVISO DE LICITACAO DO PREGAO ELETRONICO No 03/2019
A COMPANHIA DE DESENVOLVIMENTO HABITACIONAL DO DISTRITO FEDERAL, informa aos
interessados a realizacao do pregao eletronico para a Contratacao de servicos de elaboracao de Plano de
Educacao Ambiental e sua execucao, em apoio as atividades de Regularizacao Fundiaria da ARIS Por do
Sol, visando atender as necessidades da COMPANHIA DE DESENVOLVIMENTO HABITACIONAL DO
DISTRITO FEDERAL - CODHAB/DF, de acordo com as especiEcacoes e quantitativos contidos neste
Termo de Referencia constante do Anexo I do Edital. Data de abertura: 10h00min do dia 16 de abril de
2019. O respectivo edital podera ser retirado no endereco www.comprasnet.gov.br e www.codhab.df.gov.br.
Processo no 00392-00009488/2018-57. Informacoes referentes ao certame por meio do site ou por telefone:
(61) 3214.1830.
Brasilia/DF, 1o de abril de 2019
CLAYLTON ARAGAO
Presidente da Comissao
SECRETARIA DE ESTADO DO
ESPORTE E LAZER
EXTRATO DO 3o TERMO ADITIVO AO CONTRATO
DE PRESTACAO DE SERVICOS No 04/2016
Processo: 00220-00000549/2018-74 - DAS PARTES: DISTRITO FEDERAL/ SECRETARIA DE
ESTADO DO ESPORTE, TURISMO E LAZER X BANCO DE BRASILIA S/A (BRB). DO OBJETO:
Prorrogacao do prazo de vigencia por mais 12 (doze) meses. VALOR DO CONTRATO: R$ 10.092,60
(dez mil, noventa e dois reais e sessenta centavos) anuais. DA DOTACAO ORCAMENTARIA:
34101, Nota de Empenho: 2019NE00178, de 22/03/2019, no valor de R$ 10.092,60 (dez mil, noventa
e dois reais e sessenta centavos), na modalidade Estimativo, sob o Programa de Trabalho
27811620690840003, Fonte de Recurso: 100, Natureza da Despesa: 3.3.90.39. VIGENCIA: 24/03/2019
a 23/03/2020. SIGNATARIOS: Pelo DISTRITO FEDERAL: Leandro Cruz Froes da Silva, na
qualidade de Secretario de Estado. Pela CONTRATADA: Pedro Antonio Estrella Pedrosa, na qualidade
de Diretor Financeiro e de Relacoes com Investidores.
DEFENSORIA PUBLICA DO DISTRITO FEDERAL
AVISO DE ABERTURA DE LICITACAO
PREGAO ELETRONICO No 03/2019 (UASG: 926314)
Processo: 00401-00003545/2019-82 Objeto: Contratacao de empresa especializada na prestacao de
servicos de confeccao, sob demanda, de carteiras de identidade funcional e porta documentos,
incluindo todos os servicos de elaboracao de layout, diagramacao, editoracao eletronica, acabamento,
revisao e impressao de dados funcionais e pessoais, para atender as necessidades da Defensoria
Publica do Distrito Federal, conforme condicoes, quantidades e exigencias estabelecidas neste Edital
e seus anexos. Valor total do contrato estimado: R$ 70.205,96 (setenta mil duzentos e cinco reais e
noventa e seis centavos). Do tipo menor preco, representado pelo menor valor global por grupo/lote,
sob a forma de execucao indireta, no regime de empreitada por preco unitario. Data e horario de
abertura do certame as 10h do dia 15 de abril de 2019. O Edital podera ser retirado nos enderecos
eletronicos www.comprasgovernamentais.gov.br e http://transparencia.defensoria.df.gov.br/. Informacoes
pelo telefone: (61) 2196-4387.
CINTHIA MARIA SANTOS",AVISO DE ABERTURA DE LICITACAO
1,40921509-40921531," 2017 (Lei Organica da Cultura),
Decreto n.o 38.445, de 29 de agosto de 2017 (Programa Lugar de Cultura), Portaria n.o 381, de 25/10/2018, da
Secretaria de Estado do Distrito Federal. 1.2 O uso do equipamento se dara considerando as seguintes condicoes
e especificacoes: a) Equipamento Cultural: Complexo Cultural de Planaltina; b) Especificacao da area a ser
ocupada: Cineteatro do Complexo Cultural de Planaltina; c) Nome do projeto: Lancamento do livro e
encerramento do projeto ""POESIA NAS QUEBRADAS""; d) Modalidade de fomento: FAC - PROCESSO No
00150-00005758/2018-49 ; e) Finalidade da ocupacao: E dedicado a projecao e fortalecimento do Hip Hop,
com o foco na literatura periferica atraves de um importante movimento de valorizacao dos elementos dessa
linguagem cultural das periferias, como: RAP /Mc, breaking, grafitti, DJ e o conhecimento. O projeto Poesia nas
Quebradas se centra na atuacao coletiva, em que fazer com o outro gera espacos de multiplas aprendizagens
sobre si mesmo/as, sobre os outros/as que compoem diversos grupos sociais e um contexto social mais amplo.
O projeto esta sendo realizado em 12 escolas publica de Planaltina DF, incluindo meio rural e unidade de
Internacao. f) Prazo de utilizacao: 18 a 19/05/2019. g) Horarios e datas de utilizacao: 18 a 19/05/2019, das 14:00
as 2:00. 1.3 O (A) OCUPANTE somente podera utilizar a area especificada na Clausula 2.1 acima; 1.4 Atuarao
como fiscais deste Termo os servidores CASSIO JOSE BENETTI - matricula 240574-1, tecnico de atividades
culturais e LUCAS EVARISTO DAMASCENO - matricula 238602-X, tecnico de atividades culturais. Data da
assinatura: 08 de abril de 2019. p/SECRETARIA: ADAO CANDIDO LOPES DOS SANTOS. p/OCUPANTE:
RAVENA DO CARMO SILVA RAMOS.
DEFENSORIA PUBLICA DO DISTRITO FEDERAL
AVISO DE SUSPENSAO DE LICITACAO E REABERTURA
PREGAO ELETRONICO No 003/2019 (UASG-926314)
A DEFENSORIA PUBLICA DO DISTRITO FEDERAL torna publica a suspensao e a nova data de realizacao
do Pregao Eletronico no 003/2019. Processo: 00401-00003545/2019-82 Objeto: Contratacao de empresa
especializada na prestacao de servicos de confeccao, sob demanda, de carteiras de identidade funcional e porta
documentos, incluindo todos os servicos de elaboracao de layout, diagramacao, editoracao eletronica,
acabamento, revisao e impressao de dados funcionais e pessoais, para atender as necessidades da Defensoria
Publica do Distrito Federal, conforme condicoes, quantidades e exigencias estabelecidas neste Edital e seus
anexos. Valor total do contrato estimado: R$ 70.205,96 (setenta mil duzentos e cinco reais e noventa e seis
centavos) . Do tipo menor preco, representado pelo menor preco por item, sob a forma de execucao indireta, no
regime de empreitada por preco unitario. Data e horario de reabertura do certame as 10h do dia 22 de abril de
2019. Motivo: alteracoes no edital e anexos. O Edital podera ser retirado nos enderecos eletronicos
www.comprasgovernamentais.gov.br e http://transparencia.defensoria.df.gov.br/. Informacoes pelo telefone:
(61) 21",AVISO DE SUSPENSAO DE LICITACAO E REABERTURA
2,54781521-54781543,"cursos tem como objeto regulamentar o uso do equipamento cultural, dentro das
modalidades previstas na Lei Complementar n.o 934, de 7 de dezembro de 2017 (Lei Organica da
Cultura), Decreto n.o 38.445, de 29 de agosto de 2017 (Programa Lugar de Cultura), Portaria n.o 381,
de 25/10/2018, da Secretaria de Estado do Distrito Federal. 1.2 O uso do equipamento se dara
considerando as seguintes condicoes e especificacoes: a) Equipamento Cultural: Museu Vivo da
Memoria Candanga. b) Especificacao da area a ser ocupada: Casa Laranja do Museu. c) Nome do
projeto: Realizacao de cursos e atelie livre. d) Modalidade de fomento: a proposta vigente atende aos
criterios finalisticos, as diretrizes de uso ocupacional e a linha curatorial do Museu, podendo assim
ser dispensado de pagamento. e) Finalidade da ocupacao: Educacao livre em Gravura; Exposicoes de
gravuras de alunos e ou artistas convidados; cursos de: Bordado, Patchwork e Aquarela; Oficinas: de:
Colagravura, Gravura em acrilico, Xilogravura, e Confeccao de Baren; Roda-de Conversas e Varal de
Gravuras (Gravadores convidados e da comunidade). f) Prazo de utilizacao: 03/05/2019 a 20/12/2019.
g) Horarios e datas de utilizacao: 03/05/19 ate 20/12/2019, quartas e sextas-feiras, das 9:00 as 12:00
e das 14:00 as 17:00 horas; 28/09/2019, sabado, das 9:00 as 12:00 e das 14:00 as 17:00 horas. 1.3
O(A) OCUPANTE somente podera utilizar a area especificada na Clausula 2.1 acima. 1.4 Atuarao
como fiscais deste Termo os servidores RAQUEL BARBOSA DA SILVA TORRES, Matricula
175.483-1 e BRUNO RAMOS PINTO, Matricula 2419424. Brasilia/DF, 03 de maio de 2019. Pelo
Distrito Federal: ADAO CANDIDO LOPES DOS SANTOS e Pela Contratado: ELIANA LEONIR
MONTEIRO GONCALVES.
DEFENSORIA PUBLICA DO DISTRITO FEDERAL
SUBSECRETARIA DE ADMINISTRACAO GERAL
AVISO DE HOMOLOGACAO E CONVOCACAO
PREGAO ELETRONICO No 03/2019 - (UASG: 926314)
A Defensoria Publica do Distrito Federal comunica aos interessados que, apos abertura do Pregao
Eletronico no 03/2019, Processo no 00401-00003545/2019-82, que tem por objeto a Contratacao de
empresa especializada na prestacao de servicos de confeccao, sob demanda, de carteiras de identidade
funcional e porta documentos, incluindo todos os servicos de elaboracao de layout, diagramacao,
editoracao eletronica, acabamento, revisao e impressao de dados funcionais e pessoais da Defensoria
Publica do Distrito Federal, conforme condicoes, quantidades, exigencias e especificacoes tecnicas
estabelecidas em Edital e seus anexos, CONVOCA a empresa CLEBER BORGES BISPO, CNPJ no
26.194.954/0001-76, que teve homologado em seu favor o item 04 para assinatura do contrato nos
termos do Edital. O item 03 foi cancelado na fase de aceitacao, restando fracassado.
FEBO CAMARA GONCALVES
CONTROLADORIA GERAL DO DISTRITO FEDERAL
SUBCONTROLADORIA DE GESTAO INTERNA
EXTRATO DO 3o TERMO ADITIVO AO CONTRATO No 03/2016
Processo: 0480-000.063/2016. Partes: DF/CGDF X EMPRESA BRASILEIRA DE CORREIOS E
TELEGRAFOS - ECT. Objeto: Prorrogar a vigencia do Contrato por mais 12 (",AVISO DE HOMOLOGACAO E CONVOCACAO
3,56536542-56536564," do Decreto no
32.598, de 15 de dezembro de 2010, alterado pelo Decreto no 32.753, de 04 de fevereiro de 2011, resolve:
Art.1o Designar WELLINGTON GOMES DA SILVA - Matricula 174697-9 - ANALISTA EM POLITICAS
PUBLICAS E GESTAO GOVERNAMENTAL, como Executor para acompanhamento do TERMO DE
AJUSTE DE OCUPACAO SEM REPASSE  DE RECURSOS, conforme processo SEI no
00.150.00002274/2019-29, competindo-lhe acompanhar e fiscalizar a execucao dos servicos em todas as fases,
conforme paragrafos 1o e 2o do artigo 67, da Lei no 8.666, de 21 de junho de 1993, combinando com artigo 41,
paragrafo 5o, do Decreto no 32.598, de 15 de dezembro de 2010, bem como responsabilizar-se pelo
cumprimento da Lei Distrital no 5.163/2013, fazendo juntar no Relatorio fotografias e/ou videos da placa
informativa contendo as informacoes necessarias do projeto/evento, tais como valor do recursos publicos, o
orgao responsavel pela contratacao e a pessoa fisica ou juridica contratada.
Art. 2o Esta Ordem de Servico entra em vigor na data de sua publicacao.
TIAGO RODRIGO GONCALVES
SUBSECRETARIA DE ADMINISTRACAO GERAL
ORDEM DE SERVICO No 73, DE 08 DE MAIO DE 2019
O SUBSECRETARIO DE ADMINISTRACAO GERAL, DA DEFENSORIA PUBLICA DO DISTRITO
FEDERAL, no uso de suas atribuicoes legais, com base na Lei Complementar no 828 de 26 de julho de
2010, em sua nova redacao dada pela Lei Complementar no 908/2016, bem como consoante a delegacao
de competencia prevista na Portaria no 125, de 26 de abril de 2016, republicada no DODF no 129 em 07
de julho de 2016, resolve:
Art. 1o Designar os servidores relacionados abaixo para compor a Comissao Executora do Contrato no
013/2019, celebrado entre a Defensoria Publica do Distrito Federal - DPDF e a empresa CLEBER
BORGES BISPO - ME, cujo objeto consiste na contratacao de empresa especializada na prestacao de
servicos de porta-documentos em couro contendo 02 (dois) brasoes metalicos, para atender as necessidades
da Defensoria Publica do Distrito Federal, conforme consta do processo no 00401-00003545/2019-82, a
saber: a servidora ROSILEY FERNANDES DE SOUSA, matricula no 175.642-7, a servidora ROSENI
DOS SANTOS MACEDO, matricula no 1.430.864-9, e a servidora CASSIA MAYARA DE ARAUJO
MONTEIRO ABREU, matricula no 091.477-0, como executora e suplentes, respectivamente.
Art. 2o Os servidores designados no artigo anterior deverao observar o disposto nos artigos 67, 73 e 116
da Lei Federal no 8.666/93, no artigo 41, inciso II e paragrafo 5o e incisos, do Decreto n 32.598/2010 e
nas Portarias no 29 e 125/2004, da Secretaria de Estado de Planejamento, Orcamento e Gestao do Governo
do Distrito Federal.
Art. 3o A Gerencia de Contratos e Convenios desta DPDF devera disponibilizar aos servidores, copia do
respectivo Contrato, bem como prestar orientacoes quanto ao correto cumprimento das funcoes de
executor, com base nos normativos vigentes.
Art. 4o Esta Ordem de Servico entra em vigor na data de sua publicacao.
FEBO CAMARA GONCALVES
ORDEM DE SERVICO No 74, DE 08 DE MAIO DE 2019
O SUBSECRETARIO DE ADMI",Designar
4,56684494-56684516,".90.30; FONTE DE RECURSO - 100. UNIDADE GESTORA: 480101; O empenho inicial e de R$
28.892,00 (vinte e oito mil e oitocentos e noventa e dois reais), conforme Nota de Empenho no
2019NE00103, emitida em 21/02/2019, sob o evento no 400091, na modalidade estimativo, procedente
do Orcamento do Distrito Federal nos termos da Lei no 6254, de 09/01/2019. VIGENCIA: 12 (doze)
meses, a contar da data de sua assinatura. DATA DE ASSINATURA: 06/05/2019. SI G N AT A R I O S :
pela CONTRATANTE, MARIA JOSE SILVA SOUZA DE NAPOLIS, na qualidade de Defensora
Publica Geral da DPDF e pela CONTRATADA, LEONARDO LIMA DE ALMEIDA, na qualidade de
Representante Legal da empresa AAZ COMERCIAL LTDA EPP.
EXTRATO DO CONTRATO No 008/2019
PROCESSO:  00401-00002587/2019-04  PARTES:  DEFENSORIA  PUBLICA  DO  DISTRITO
FEDERAL E A EMPRESA LEDLUZ INDUSTRIA E COMERCIO LTDA EPP. OBJETO: Contratacao
de empresa para aquisicao de lampadas de LED e luminaria de emergencia. FUNDAMENTO LEGAL:
Pregao Eletronico no 103/2018 - Ata de Registro de Precos no 62/2018. VALOR DO CONTRATO: R$
14.511,45 (quatorze mil quinhentos e onze reais e quarenta e cinco centavos). DOTACAO
ORCAMENTARIA: UNIDADE ORCAMENTARIA - 48101; PROGRAMA DE TRABALHO -
03.122.6002.8517.9632; NATUREZA DA DESPESA - 33.90.30; FONTE DE RECURSO - 100.
UNIDADE GESTORA: 480101; O empenho inicial e de R$ 14.511,45 (quatorze mil quinhentos e
onze reais e quarenta e cinco centavos), conforme Nota de Empenho no 2019NE00102, emitida em
20/02/2019, sob o evento no 400091, na modalidade estimativo, procedente do Orcamento do Distrito
Federal nos termos da Lei no 6254, de 09/01/2019. VIGENCIA: 12 (doze) meses, a contar da data
de sua assinatura. DATA DE ASSINATURA: 06/05/2019. SIGNATARIOS: pela CONTR ATA N T E ,
MARIA JOSE SILVA SOUZA DE NAPOLIS, na qualidade de Defensora Publica Geral da DPDF e
pela CONTRATADA, FERNANDO DE SOUZA URZEDA, na qualidade de Representante Legal da
empresa LEDLUZ INDUSTRIA E COMERCIO LTDA EPP.
EXTRATO DO CONTRATO No 013/2019
PROCESSO: 00401-00003545/2019-82 - PARTES: DEFENSORIA PUBLICA DO DISTRITO
FEDERAL e a empresa CLEBER BORGES BISPO - ME. OBJETO: contratacao de empresa
especializada na prestacao de servicos de porta-documentos em couro contendo 02 (dois) brasoes
metalicos, para atender as necessidades da Defensoria Publica do Distrito Federal. FUNDAMENTO
LEGAL: Pregao Eletronico no 03/2019. VALOR DO CONTRATO: R$ 39.347,78 (trinta e nove mil,
trezentos e quarenta e sete reais e setenta e oito centavos). DOTACAO ORCAMENTARIA:
UNIDADE ORCAMENTARIA - 48101; PROGRAMA DE TRABALHO - 03.122.6002.8517.9632;
NATUREZA DA DESPESA - 33.90.39; FONTE DE RECURSO - 100. UNIDADE GESTORA:
480101; O empenho inicial e de R$ 39.347,78 (trinta e nove mil, trezentos e quarenta e sete reais
e setenta e oito centavos), conforme Nota de Empenho no 2019NE00237, emitida em 06/05/2019, sob
o evento no 400091, na modalidade ordinario, procedente do Orcamento do Distrito Federal nos
termos da Lei no 6254, de 09/01/2019. VIGENCIA: 12 (doze) meses, a contar da data d",EXTRATO DO CONTRATO
