,local,text,
0,322144257-322144279,"r com o rito 
processual estabelecido na Lei Complementar no 840/2011, nos termos previstos no artigo 
215, III, e  1o e 2o, desta mesma Lei.
Art. 2o Determinar que a referida apuracao seja realizada no prazo de 30 (trinta) dias, nos 
termos da Lei, por Comissao composta pelos seguintes servidores, todos estaveis e em 
exercicio nesta Secretaria, cabendo ao Presidente a designacao do Secretario da Comissao, 
na forma estabelecida pelo art. 229,  5o, da Lei Complementar no 840/2011:
I - ELIANE SOUZA DE OLIVEIRA, Analista em Politicas Publicas e Gestao 
Governamental, matricula no 174.509-3, Presidente;
II - JANETE JOANA VAN DER GEEST BRUGGER, Educadora Social, matricula 
197.493-9, Membro e Presidente Suplente;
III - GIBRAN MAGNO MUNIZ, Analista em Politicas Pubicas e Gestao Governamental, 
matricula 175.024-0, Membro;
IV - VICTOR TADEU ANTUNES ARAUJO, Especialista em Assistencia Social, 
matricula 177.106-X, Membro Suplente, na forma do art. 229, 7o, da Lei Complementar 
no 840/2011.
Art. 3o Esta Portaria entra em vigor na data de sua publicacao.
PAULO CARDOSO
SUBSECRETARIA DE ADMINISTRACAO GERAL
 
ORDEM DE SERVICO No 38, DE 03 DE ABRIL DE 2020
O SUBSECRETARIO DE ADMINISTRACAO GERAL, DA SECRETARIA DE 
ESTADO DE DESENVOLVIMENTO SOCIAL DO DISTRITO FEDERAL, no uso de 
suas atribuicoes regimentais e legais, com base na delegacao de competencia prevista na 
alinea a, do inciso III, do art. 6o, da Portaria/SEDESTMIDH no 215, de 06/08/2018, 
resolve:
Art. 1o Constituir Comissao para realizacao de abertura de envelope contendo proposta 
com o objeto de Contratacao em carater emergencial de empresa especializada na 
prestacao de servicos de preparo, fornecimento, transporte e distribuicao de refeicoes - do 
tipo CAFE DA MANHA, ALMOCO E JANTAR, com execucao mediante o regime de 
prestacao de servicos continuados com mao de obra sem dedicacao exclusiva, nos 
horarios, valores, condicoes especificacoes e quantidades constantes no Termo de 
Referencia 6,conforme processo SEI no 00431-00003968/2020-24.
Art. 2o A diligencia sera realizada na terca-feira, dia 07/04/2020, as 10h30min, na sede da 
Secretaria de Estado de Desenvolvimento Social do Distrito Federal, localizada na SEPN 
515, Bloco A, Edificio Banco do Brasil.
Art. 3o A Comissao sera composta pelos servidores VICTOR DE MELO BARBOSA 
LEITA, matricula no 276.314-1 (Presidente); REGINA MARA KOWALCZUC, matricula 
no 172.253-0 (Membro), IVAN LUZ CARVALHO, matricula no 276.370-2 (Membro) e 
EDUARDO RIBEIRO ANTUNES PINTO, matricula no 274.298-5 (Suplente).
Art. 4o Esta Ordem de Servico entra em vigor na data de sua publicacao
FRANCISCO DE ASSIS PERES SOARES
COORDENACAO ADMINISTRATIVA
DIRETORIA DE GESTAO DE PESSOAS
 
ORDEM DE SERVICO No 45, DE 26 DE MARCO DE 2020
A  DIRETORA  DE  GESTAO  DE  PESSOAS,  DA  COORDENACAO 
ADMINISTRATIVA, DA SUBSECRETARIA DE ADMINISTRACAO GERAL, DA 
SECRETARIA DE ESTADO DE DESENVOLVIMENTO SOCIAL DO DISTRITO 
FEDERAL, no uso das atribuicoes que lhe delega a Portaria 215, de 06 de agosto de 2018, 
republ",ORDEM DE SERVICO
1,323965737-323965759,"NS SOARES; 7000104522, 
VALERIA BATISTA GAMA SANTANA.
1.2.4. SERVICO SOCIAL  CODIGO 101.5
7000020305, BETHANIA MARCIA LOPES DA SILVA; 7000020530, LORENA 
KELLY RAMOS LEITE; 7000073380, ROBERTA SILVIA NUNES LEITE.
1.3. DOS CANDIDATOS CONSIDERADOS INAPTOS
1.3.1. Os candidatos que realizaram a avaliacao psicologica e que os nomes nao constam 
na listagem divulgada neste Edital, foram considerados inaptos e, caso tenham recorrido, 
os recursos foram desprovidos.
1.3.2. As razoes que motivaram os desprovimentos dos recursos interpostos serao 
enviadas para o e-mail do(a) candidato(a).
2. DAS DISPOSICOES FINAIS
2.1. E de inteira responsabilidade do candidato acompanhar as publicacoes de todos os 
atos, editais e comunicados referentes a este concurso publico no Diario Oficial do 
Distrito Federal e na pagina eletronico do IBRAE: http://www.ibrae.com.br. O candidato 
podera baixar o aplicativo existente na pagina eletronica referida e, com isso, receber as 
informacoes do concurso publico.
2.2. O resultado definitivo da avaliacao psicologica do concurso publico para provimento 
de vagas e formacao do cadastro de reserva do cargo de Especialista em Assistencia Social 
da Carreira Publica de Assistencia Social do Distrito Federal, nas especialidades Educador 
Social, Direito e Legislacao, Pedagogia, Psicologia e Servico Social, sera publicado no 
Diario  Oficial  do  Distrito  Federal  e  na  pagina  eletronica  do  IBRAE 
(http://www.ibrae.com.br), oportunamente.
2.3. O resultado definitivo da avaliacao psicologica do concurso publico para provimento 
de vagas e formacao do cadastro de reserva do cargo de Especialista em Assistencia Social 
da Carreira Publica de Assistencia Social do Distrito Federal, nas especialidades Educador 
Social, Direito e Legislacao, Pedagogia, Psicologia e Servico Social, fica devidamente 
homologado nesta data.
FRANCISCO DE ASSIS PERES SOARES
SUBSECRETARIA DE ADMINISTRACAO GERAL
 
AVISO DE ABERTURA DA DISPENSA DE LICITACAO EMERGENCIAL
Processo: 00431-00003968/2020-24. A Secretaria de Desenvolvimento Social do Distrito 
Federal  SEDES/DF comunica a abertura de Dispensa de Licitacao Emergencial, 
fundamentada na Lei no 13.979/2020 e suas alteracoes, referente a contratacao em carater 
emergencial de empresa especializada na prestacao de servicos de preparo, fornecimento, 
transporte e distribuicao de refeicoes - do tipo CAFE DA MANHA, ALMOCO E 
JANTAR, voltadas para a POPULACAO DE RUA do Distrito Federal e pessoas em 
VULNERABILIDADE  SOCIAL  e  INSEGURANCA  ALIMENTAR  visando  o 
desenvolvimento de atividades, programas e atendimentos socioassistenciais, decorrentes 
do ESTADO DE CALAMIDADE PUBLICA e EMERGENCIA ocasionado pela 
pandemia do CONVID-19, conforme apresentado no Termo de Referencia 3. O 
recebimento das propostas e habilitacao sera ate as 14h do dia 13 de abril de 2020, 
impreterivelmente, atraves do e-mail dispensadelicitacao@sedes.df.gov.br. O Termo de 
Referencia esta disponivel no site www.sedes.df.gov.br .
FRANCISCO DE ASSIS PERES ",AVISO DE ABERTURA DA DISPENSA DE LICITACAO EMERGENCIAL
